{"data": {"id": 49, "versionState": "DRAFT", "productionDate": "Production Date", "lastUpdateTime": "2017-01-09T22:25:00Z", "createTime": "2016-06-06T14:14:18Z", "license": "CC0", "termsOfUse": "CC0 Waiver", "metadataBlocks": {"citation": {"displayName": "Citation Metadata", "fields": [{"typeName": "title", "multiple": false, "typeClass": "primitive", "value": "Causality-Driven Feature Discovery: Application to Seasonal Rainfall Forecasts"}, {"typeName": "author", "multiple": true, "typeClass": "compound", "value": [{"authorName": {"typeName": "authorName", "multiple": false, "typeClass": "primitive", "value": "Chaundary, Mandar S."}, "authorAffiliation": {"typeName": "authorAffiliation", "multiple": false, "typeClass": "primitive", "value": "Dataverse.org"}}, {"authorName": {"typeName": "authorName", "multiple": false, "typeClass": "primitive", "value": "Gonzalez II, Doel L"}}, {"authorName": {"typeName": "authorName", "multiple": false, "typeClass": "primitive", "value": "Angus, Michael P."}}, {"authorName": {"typeName": "authorName", "multiple": false, "typeClass": "primitive", "value": "Bello, Gonzalo A"}}, {"authorName": {"typeName": "authorName", "multiple": false, "typeClass": "primitive", "value": "Muralidharan, Ameeta"}}, {"authorName": {"typeName": "authorName", "multiple": false, "typeClass": "primitive", "value": "Hsu, Shiou Tian"}}, {"authorName": {"typeName": "authorName", "multiple": false, "typeClass": "primitive", "value": "Semazzi, Frederick H."}}, {"authorName": {"typeName": "authorName", "multiple": false, "typeClass": "primitive", "value": "Kumar, Vipin"}}, {"authorName": {"typeName": "authorName", "multiple": false, "typeClass": "primitive", "value": "Samatova, Nagiza F."}, "authorAffiliation": {"typeName": "authorAffiliation", "multiple": false, "typeClass": "primitive", "value": "NCSU"}}]}, {"typeName": "datasetContact", "multiple": true, "typeClass": "compound", "value": [{"datasetContactName": {"typeName": "datasetContactName", "multiple": false, "typeClass": "primitive", "value": "Samatova, Nagiza F."}, "datasetContactAffiliation": {"typeName": "datasetContactAffiliation", "multiple": false, "typeClass": "primitive", "value": "NCSU"}, "datasetContactEmail": {"typeName": "datasetContactEmail", "multiple": false, "typeClass": "primitive", "value": "nfsamato@ncsu.edu "}}]}, {"typeName": "dsDescription", "multiple": true, "typeClass": "compound", "value": [{"dsDescriptionValue": {"typeName": "dsDescriptionValue", "multiple": false, "typeClass": "primitive", "value": "Identifying meaningful features in complex systems for prediction is the focus of several data mining tasks. Given the intricate nature of these systems, an interconnected network of interactions between key factors can drive the phenomenon (response) of interest. Particularly in the climate science domain, potential causal relations between climate indices, locally and globally drive the seasonal rainfall of a region. Previous studies have shown the application of causal discovery methods to explore potential causal links for hypotheses generation. However, this approach of validating every potential causal link using domain knowledge has been used only for inferential purposes. In this work, we propose the first approach of feature discovery that transforms the input feature space by based on the potential causal relations. In the process we estimate the causal effect of each predictor taking part in a potential causal relation on the response, while addressing multi-collinearity and performing a statistical significance test on the estimated causal effect. The proposed methodology is applied on two test cases namely the African Sahel and East Africa. The newly discovered features show predictive skill for classifying the seasonal rainfall across both the regions. Furthermore, the validity of the climate indices taking part in potential causal relations, discovered for constructing new features is supported by the climate literature."}}]}, {"typeName": "subject", "multiple": true, "typeClass": "controlledVocabulary", "value": ["Computer and Information Science", "Engineering"]}, {"typeName": "depositor", "multiple": false, "typeClass": "primitive", "value": "Admin, Dataverse"}, {"typeName": "dateOfDeposit", "multiple": false, "typeClass": "primitive", "value": "2016-06-06"}]}, "las": {"displayName": "LAS Metadata", "fields": [{"typeName": "LASkeywords", "multiple": true, "typeClass": "primitive", "value": ["DO5", "TBD"]}, {"typeName": "LASdateAdded", "multiple": false, "typeClass": "primitive", "value": "2016-06-06"}, {"typeName": "LASitemType", "multiple": false, "typeClass": "controlledVocabulary", "value": "Publication"}, {"typeName": "LASdateUpdated", "multiple": false, "typeClass": "primitive", "value": "2016-06-06"}, {"typeName": "LASpresentation", "multiple": true, "typeClass": "compound", "value": [{"LASeventName": {"typeName": "LASeventName", "multiple": false, "typeClass": "primitive", "value": "SIAM Internationl Conference on Data Mining"}, "LASeventLocation": {"typeName": "LASeventLocation", "multiple": false, "typeClass": "primitive", "value": "Miami, FL"}, "LASdatePresented": {"typeName": "LASdatePresented", "multiple": false, "typeClass": "primitive", "value": "2016-05-05"}}]}]}}}, "global_entity_id": 1023}