{"data": {"id": 52, "versionState": "DRAFT", "productionDate": "Production Date", "lastUpdateTime": "2017-01-09T22:19:58Z", "createTime": "2016-06-06T14:18:33Z", "license": "CC0", "termsOfUse": "CC0 Waiver", "metadataBlocks": {"citation": {"displayName": "Citation Metadata", "fields": [{"typeName": "title", "multiple": false, "typeClass": "primitive", "value": "Code Reuse to Develop and Deploy Cyber-Attacks"}, {"typeName": "author", "multiple": true, "typeClass": "compound", "value": [{"authorName": {"typeName": "authorName", "multiple": false, "typeClass": "primitive", "value": "TBD"}, "authorAffiliation": {"typeName": "authorAffiliation", "multiple": false, "typeClass": "primitive", "value": "VENUS Cybersecurity"}}]}, {"typeName": "datasetContact", "multiple": true, "typeClass": "compound", "value": [{"datasetContactName": {"typeName": "datasetContactName", "multiple": false, "typeClass": "primitive", "value": "Admin, Dataverse"}, "datasetContactAffiliation": {"typeName": "datasetContactAffiliation", "multiple": false, "typeClass": "primitive", "value": "Dataverse.org"}, "datasetContactEmail": {"typeName": "datasetContactEmail", "multiple": false, "typeClass": "primitive", "value": "dataverse@mailinator.com"}}]}, {"typeName": "dsDescription", "multiple": true, "typeClass": "compound", "value": [{"dsDescriptionValue": {"typeName": "dsDescriptionValue", "multiple": false, "typeClass": "primitive", "value": "Network operators face threats from a tide of new malware releases which are reported to be as high as 82,000 per day. Applied scientists are looking for practical solutions to mitigate such malware releases. Malware authors often use older code and techniques to bypass defences and carry out cyber-attacks. The literature on the reuse of code for the purpose of deploying cyber-attacks is large, fragmented, and is growing quickly. In this article, we review the recent literature to answer the question: \u201cWhat is known about malicious actors\u2019 reuse of code to develop and deploy cyber-attacks?\u201d We first organize the recent literature on code reuse attacks into four streams: distinctive aspects, \"malware detection\" prevention techniques, \"malware detection\" methods, and methods used to model code reuse attacks. Overall, the intent of the article is to contribute an understanding of the recent literature and a sense of future directions for the purpose of increasing practitioners\u2019 capability to effectively deal with code-reuse cyberattacks."}}]}, {"typeName": "subject", "multiple": true, "typeClass": "controlledVocabulary", "value": ["Other"]}, {"typeName": "depositor", "multiple": false, "typeClass": "primitive", "value": "Admin, Dataverse"}, {"typeName": "dateOfDeposit", "multiple": false, "typeClass": "primitive", "value": "2016-06-06"}]}, "las": {"displayName": "LAS Metadata", "fields": [{"typeName": "LASkeywords", "multiple": true, "typeClass": "primitive", "value": ["Cyber", "DO5", "RA37", "VENUS", "TBD"]}, {"typeName": "LASitemType", "multiple": false, "typeClass": "controlledVocabulary", "value": "Report"}, {"typeName": "LASdateAdded", "multiple": false, "typeClass": "primitive", "value": "2016-06-06"}, {"typeName": "LASdateUpdated", "multiple": false, "typeClass": "primitive", "value": "2016-06-06"}]}}}, "global_entity_id": 1029}