{"data": {"id": 61, "versionState": "DRAFT", "productionDate": "Production Date", "lastUpdateTime": "2017-01-09T21:59:47Z", "createTime": "2016-06-06T14:32:43Z", "license": "CC0", "termsOfUse": "CC0 Waiver", "metadataBlocks": {"citation": {"displayName": "Citation Metadata", "fields": [{"typeName": "title", "multiple": false, "typeClass": "primitive", "value": "Datasets for Machine Learning, Streaming Data, and Intrusion Detection"}, {"typeName": "author", "multiple": true, "typeClass": "compound", "value": [{"authorName": {"typeName": "authorName", "multiple": false, "typeClass": "primitive", "value": "TBD"}, "authorAffiliation": {"typeName": "authorAffiliation", "multiple": false, "typeClass": "primitive", "value": "VENUS Cybersecurity"}}]}, {"typeName": "datasetContact", "multiple": true, "typeClass": "compound", "value": [{"datasetContactName": {"typeName": "datasetContactName", "multiple": false, "typeClass": "primitive", "value": "Admin, Dataverse"}, "datasetContactAffiliation": {"typeName": "datasetContactAffiliation", "multiple": false, "typeClass": "primitive", "value": "VENUS Cybersecurity"}, "datasetContactEmail": {"typeName": "datasetContactEmail", "multiple": false, "typeClass": "primitive", "value": "dataverse@mailinator.com"}}]}, {"typeName": "dsDescription", "multiple": true, "typeClass": "compound", "value": [{"dsDescriptionValue": {"typeName": "dsDescriptionValue", "multiple": false, "typeClass": "primitive", "value": "The signature-based paradigm for Intrusion Detection is being materially challenged by the rapid evolution and scaling of cyber attacks. New avenues for efficiently and comprehensively detecting cyber attacks must be explored. One such avenue is to explore the application of Machine Learning techniques to Streaming Data (consisting of temporally ordered distinct and diverse network events) so as to inform the detection of cyber attacks (intrusion detection). \r\n\r\nEmpirical studies are important for furthering research and development in this context and such studies are enabled by the presence of appropriate datasets that can be used for experimental purposes.\r\n\r\nThe primary objective of this report is to provide an overview of datasets that are available for empirical studies. The report includes discussions on the following datasets: KDD CUP 99, NLS KDD, ISOT, NIMS, and CTU.\r\n\r\nAchieving the primary objective will provide a basis for accelerated empirical studies regarding the potential deployment of enhanced capacity intrusion detection systems based upon machine learning and data streaming.\r\n\r\nThis report will be of interest to a wide class of stakeholders including: mission specialists (those responsible for the actual protection of enterprise systems), applied scientists (looking to explore and facilitate deployment of advanced intrusion detection techniques through enhanced clustering techniques), and researchers (interested in further exploring the space from theoretical and empirical perspectives)."}}]}, {"typeName": "subject", "multiple": true, "typeClass": "controlledVocabulary", "value": ["Other"]}, {"typeName": "depositor", "multiple": false, "typeClass": "primitive", "value": "Admin, Dataverse"}, {"typeName": "dateOfDeposit", "multiple": false, "typeClass": "primitive", "value": "2016-06-06"}]}, "las": {"displayName": "LAS Metadata", "fields": [{"typeName": "LASkeywords", "multiple": true, "typeClass": "primitive", "value": ["CYBER", "DO5", "RA37", "VENUS", "TBD"]}, {"typeName": "LASdateAdded", "multiple": false, "typeClass": "primitive", "value": "2016-06-06"}, {"typeName": "LASitemType", "multiple": false, "typeClass": "controlledVocabulary", "value": "Report"}, {"typeName": "LASdateUpdated", "multiple": false, "typeClass": "primitive", "value": "2016-06-06"}]}}}, "global_entity_id": 1049}