{"data": {"id": 66, "versionState": "DRAFT", "productionDate": "Production Date", "lastUpdateTime": "2017-04-25T23:59:30Z", "createTime": "2016-06-06T18:51:45Z", "license": "CC0", "termsOfUse": "CC0 Waiver", "metadataBlocks": {"citation": {"displayName": "Citation Metadata", "fields": [{"typeName": "title", "multiple": false, "typeClass": "primitive", "value": "Enabling Self-Awareness for Knowledge Workers Through Visualization of Instrumented Data"}, {"typeName": "author", "multiple": true, "typeClass": "compound", "value": [{"authorName": {"typeName": "authorName", "multiple": false, "typeClass": "primitive", "value": "Thakur, Sidharth"}, "authorAffiliation": {"typeName": "authorAffiliation", "multiple": false, "typeClass": "primitive", "value": "RENCI"}}, {"authorName": {"typeName": "authorName", "multiple": false, "typeClass": "primitive", "value": "Jones, Paul"}, "authorAffiliation": {"typeName": "authorAffiliation", "multiple": false, "typeClass": "primitive", "value": "LAS-G"}}, {"authorName": {"typeName": "authorName", "multiple": false, "typeClass": "primitive", "value": "Cox, Steven"}, "authorAffiliation": {"typeName": "authorAffiliation", "multiple": false, "typeClass": "primitive", "value": "RENCI"}}]}, {"typeName": "datasetContact", "multiple": true, "typeClass": "compound", "value": [{"datasetContactName": {"typeName": "datasetContactName", "multiple": false, "typeClass": "primitive", "value": "Thakur, Sidharth"}, "datasetContactAffiliation": {"typeName": "datasetContactAffiliation", "multiple": false, "typeClass": "primitive", "value": "RENCI"}, "datasetContactEmail": {"typeName": "datasetContactEmail", "multiple": false, "typeClass": "primitive", "value": "sthakur@renci.org "}}]}, {"typeName": "dsDescription", "multiple": true, "typeClass": "compound", "value": [{"dsDescriptionValue": {"typeName": "dsDescriptionValue", "multiple": false, "typeClass": "primitive", "value": "Computer activity logging tools can provide useful high-level overviews of a user\u2019s computer usage and interaction patterns, but currently available tools usually lack specificity and can deliver only limited insights. Enhanced tools that can capture and\r\nvisualize richer activity-related data can benefit \u2018power\u2019 users, such as knowledge workers, in exploring their personal context and activity histories while they undertake information analysis tasks. Moreover, providing users access to their personal activity data through engaging and effective visualizations is an incentive for them to participate in data gathering efforts. We are undertaking an effort to instrument computer workstations of knowledge workers to gather data to study the process of information analysis. As part of this effort we have developed visualizations to enable our user base to explore their instrumented data and gain awareness about their personal context, such as their patterns of data and application usage, habits, and contextual information about their actions."}}]}, {"typeName": "subject", "multiple": true, "typeClass": "controlledVocabulary", "value": ["Computer and Information Science", "Engineering", "Other"]}, {"typeName": "depositor", "multiple": false, "typeClass": "primitive", "value": "Admin, Dataverse"}, {"typeName": "dateOfDeposit", "multiple": false, "typeClass": "primitive", "value": "2016-06-06"}]}, "las": {"displayName": "LAS Metadata", "fields": [{"typeName": "LASkeywords", "multiple": true, "typeClass": "primitive", "value": ["SC1", "PJ1", "DO4", "J4", "A64", "R118"]}, {"typeName": "LASitemType", "multiple": false, "typeClass": "controlledVocabulary", "value": "Publication"}, {"typeName": "LASdateAdded", "multiple": false, "typeClass": "primitive", "value": "2016-06-06"}, {"typeName": "LASdateUpdated", "multiple": false, "typeClass": "primitive", "value": "2016-06-06"}, {"typeName": "LASpresentation", "multiple": true, "typeClass": "compound", "value": [{"LASeventName": {"typeName": "LASeventName", "multiple": false, "typeClass": "primitive", "value": "IEEE Workshop on Personal Visualization"}, "LASeventLocation": {"typeName": "LASeventLocation", "multiple": false, "typeClass": "primitive", "value": "Chicago, IL"}}]}]}}}, "global_entity_id": 1059}