{"data": {"id": 68, "versionState": "DRAFT", "productionDate": "Production Date", "lastUpdateTime": "2017-02-08T18:53:10Z", "createTime": "2016-06-06T18:54:09Z", "license": "CC0", "termsOfUse": "CC0 Waiver", "metadataBlocks": {"citation": {"displayName": "Citation Metadata", "fields": [{"typeName": "title", "multiple": false, "typeClass": "primitive", "value": "Exercising Clarity with Transformative Learning Theory"}, {"typeName": "author", "multiple": true, "typeClass": "compound", "value": [{"authorName": {"typeName": "authorName", "multiple": false, "typeClass": "primitive", "value": "Hoggan, Chad"}, "authorAffiliation": {"typeName": "authorAffiliation", "multiple": false, "typeClass": "primitive", "value": "NCSU"}}]}, {"typeName": "datasetContact", "multiple": true, "typeClass": "compound", "value": [{"datasetContactName": {"typeName": "datasetContactName", "multiple": false, "typeClass": "primitive", "value": "Hoggan, Chad"}, "datasetContactAffiliation": {"typeName": "datasetContactAffiliation", "multiple": false, "typeClass": "primitive", "value": "NCSU"}, "datasetContactEmail": {"typeName": "datasetContactEmail", "multiple": false, "typeClass": "primitive", "value": "cdhoggan@ncsu.edu "}}]}, {"typeName": "dsDescription", "multiple": true, "typeClass": "compound", "value": [{"dsDescriptionValue": {"typeName": "dsDescriptionValue", "multiple": false, "typeClass": "primitive", "value": "The term transformative learning is beginning to suffer from evacuation, or the use of a term to refer to such a wide variety of phenomena that it loses any distinctive meaning (Brookfield, 2003). This chapter addresses the problem of evacuation in three ways. First, it provides an historical overview of the evolution of transformative learning theory in terms of the learning outcomes that scholars have claimed to be transformative. Next, this chapter positions transformative learning as a metatheory and provides a definition that is capable of encompassing the wide variety of learning outcomes demonstrated in the literature. Three criteria of depth, breadth, and relative stability are offered as parameters around the metatheory. Last, this chapter presents a typology of transformative learning outcomes and demonstrates how the criteria and typology can work together to exercise clarity around transformative learning."}}]}, {"typeName": "subject", "multiple": true, "typeClass": "controlledVocabulary", "value": ["Social Sciences"]}, {"typeName": "depositor", "multiple": false, "typeClass": "primitive", "value": "Admin, Dataverse"}, {"typeName": "dateOfDeposit", "multiple": false, "typeClass": "primitive", "value": "2016-06-06"}]}, "las": {"displayName": "LAS Metadata", "fields": [{"typeName": "LASkeywords", "multiple": true, "typeClass": "primitive", "value": ["DO5", "CH2", "AC5", "A71", "R151"]}, {"typeName": "LASitemType", "multiple": false, "typeClass": "controlledVocabulary", "value": "Publication"}, {"typeName": "LASdateAdded", "multiple": false, "typeClass": "primitive", "value": "2016-06-06"}, {"typeName": "LASdateUpdated", "multiple": false, "typeClass": "primitive", "value": "2017-02-08"}, {"typeName": "LASdistributionURL", "multiple": false, "typeClass": "primitive", "value": "https://drive.google.com/file/d/0BzDPf9g8B1iUNnhZeG5FYlhXUWc/view?usp=sharing"}, {"typeName": "LASpublication", "multiple": false, "typeClass": "compound", "value": {"LASpublisher": {"typeName": "LASpublisher", "multiple": false, "typeClass": "primitive", "value": "Palgrave Macmillan"}, "LASjournal": {"typeName": "LASjournal", "multiple": false, "typeClass": "primitive", "value": "Handbook of adult and lifelong education and learning"}}}]}}}, "global_entity_id": 1063}