{"data": {"id": 71, "versionState": "DRAFT", "productionDate": "Production Date", "lastUpdateTime": "2017-01-09T21:35:15Z", "createTime": "2016-06-06T18:58:20Z", "license": "CC0", "termsOfUse": "CC0 Waiver", "metadataBlocks": {"citation": {"displayName": "Citation Metadata", "fields": [{"typeName": "title", "multiple": false, "typeClass": "primitive", "value": "Feature Extraction, Streaming Data, and Intrusion Detection"}, {"typeName": "author", "multiple": true, "typeClass": "compound", "value": [{"authorName": {"typeName": "authorName", "multiple": false, "typeClass": "primitive", "value": "TBD"}, "authorAffiliation": {"typeName": "authorAffiliation", "multiple": false, "typeClass": "primitive", "value": "VENUS Cybersecurity"}}]}, {"typeName": "datasetContact", "multiple": true, "typeClass": "compound", "value": [{"datasetContactName": {"typeName": "datasetContactName", "multiple": false, "typeClass": "primitive", "value": "Admin, Dataverse"}, "datasetContactAffiliation": {"typeName": "datasetContactAffiliation", "multiple": false, "typeClass": "primitive", "value": "VENUS Cybersecurity"}, "datasetContactEmail": {"typeName": "datasetContactEmail", "multiple": false, "typeClass": "primitive", "value": "dataverse@mailinator.com"}}]}, {"typeName": "dsDescription", "multiple": true, "typeClass": "compound", "value": [{"dsDescriptionValue": {"typeName": "dsDescriptionValue", "multiple": false, "typeClass": "primitive", "value": "The signature-based paradigm for Intrusion Detection is being materially challenged by the rapid evolution and scaling of cyber attacks. New avenues for efficiently and comprehensively detecting cyber attacks must be explored. One such avenue is to explore the application of Machine Learning techniques to Streaming Data (consisting of temporally ordered distinct and diverse network events) so as to inform the detection of cyber attacks (intrusion detection). A key component of machine learning is \u201cfeature extraction\u201d in which data is abstracted so as to focus on that data deemed relevant to the problem at hand and potentially reducing an intractable data set to one that is analyzable.\r\n\r\nThe primary objective of this report is to provide a general introduction to feature extraction and its role in the emergent intersection of Machine Learning, Streaming Data and Intrusion Detection using a co-creation supported systematic narrative review. The report will include a summary of comparative studies and discuss examples of feature extraction (feature selection) as applied to intrusion detection. A discussion on the effectiveness and practicality of the various approaches will be included. \r\n\r\nAchieving the primary objective will provide a basis for accelerated theoretical and empirical studies regarding the use of feature extraction in the potential deployment of enhanced capacity intrusion detection systems based upon machine learning and data streaming."}}]}, {"typeName": "subject", "multiple": true, "typeClass": "controlledVocabulary", "value": ["Other"]}, {"typeName": "depositor", "multiple": false, "typeClass": "primitive", "value": "Admin, Dataverse"}, {"typeName": "dateOfDeposit", "multiple": false, "typeClass": "primitive", "value": "2016-06-06"}]}, "las": {"displayName": "LAS Metadata", "fields": [{"typeName": "LASkeywords", "multiple": true, "typeClass": "primitive", "value": ["Cyber", "DO5", "RA37", "VENUS", "TBD"]}, {"typeName": "LASitemType", "multiple": false, "typeClass": "controlledVocabulary", "value": "Report"}, {"typeName": "LASdateAdded", "multiple": false, "typeClass": "primitive", "value": "2016-06-06"}, {"typeName": "LASdateUpdated", "multiple": false, "typeClass": "primitive", "value": "2016-06-06"}]}}}, "global_entity_id": 1069}