{"data": {"id": 80, "versionState": "DRAFT", "productionDate": "Production Date", "lastUpdateTime": "2017-01-09T21:14:42Z", "createTime": "2016-06-06T20:05:32Z", "license": "CC0", "termsOfUse": "CC0 Waiver", "metadataBlocks": {"citation": {"displayName": "Citation Metadata", "fields": [{"typeName": "title", "multiple": false, "typeClass": "primitive", "value": "Framing Acts, Outcomes, and Contingencies in the Intelligence Process"}, {"typeName": "author", "multiple": true, "typeClass": "compound", "value": [{"authorName": {"typeName": "authorName", "multiple": false, "typeClass": "primitive", "value": "Boettcher, William"}, "authorAffiliation": {"typeName": "authorAffiliation", "multiple": false, "typeClass": "primitive", "value": "NCSU"}}, {"authorName": {"typeName": "authorName", "multiple": false, "typeClass": "primitive", "value": "Cobb, Michael"}, "authorAffiliation": {"typeName": "authorAffiliation", "multiple": false, "typeClass": "primitive", "value": "NCSU"}}]}, {"typeName": "datasetContact", "multiple": true, "typeClass": "compound", "value": [{"datasetContactName": {"typeName": "datasetContactName", "multiple": false, "typeClass": "primitive", "value": "Boettcher, William"}, "datasetContactAffiliation": {"typeName": "datasetContactAffiliation", "multiple": false, "typeClass": "primitive", "value": "NCSU"}, "datasetContactEmail": {"typeName": "datasetContactEmail", "multiple": false, "typeClass": "primitive", "value": "wboettch@ncsu.edu "}}]}, {"typeName": "dsDescription", "multiple": true, "typeClass": "compound", "value": [{"dsDescriptionValue": {"typeName": "dsDescriptionValue", "multiple": false, "typeClass": "primitive", "value": "Intelligence analysis in the U.S. has struggled with the \u201cmathematicians\u201d versus \u201cartists\u201d debate since the inception of OSS, CIA, and NSA. The prevailing cognitive model of the mathematicians is a modified expected utility (cost/benefit) calculus that attempts to produce optimal decisions in an information-rich world characterized by risk. The prevailing cognitive model for artists is a subjective expected utility process that attempts to produce the best decision possible in an information-poor world characterized by uncertainty. Our work represents a bridge between these perspectives\u2014acknowledging the subjectivity of perceptions of problem components, but also the systematic nature of these departures from objective rationality. We \r\nexplore the \u201chuman element\u201d in the decisionmaking/sensemaking process to identify how analysts are limited or constrained by common human flaws or \u201cpathologies\u201d and then design adaptive tools to overcome these limits/constraints and move toward \u201cbetter\u201d decisions. In this paper, hypotheses are derived from a prospect-theoretic model of framing acts, outcomes, and contingencies and tested in experimental studies embedded in broad surveys of adult (non-student) samples. Our work contributes to a larger interdisciplinary group effort to produce a holistic cognitive model of human sense making."}}]}, {"typeName": "subject", "multiple": true, "typeClass": "controlledVocabulary", "value": ["Social Sciences"]}, {"typeName": "depositor", "multiple": false, "typeClass": "primitive", "value": "Admin, Dataverse"}, {"typeName": "dateOfDeposit", "multiple": false, "typeClass": "primitive", "value": "2016-06-06"}]}, "las": {"displayName": "LAS Metadata", "fields": [{"typeName": "LASkeywords", "multiple": true, "typeClass": "primitive", "value": ["TBD"]}, {"typeName": "LASdateAdded", "multiple": false, "typeClass": "primitive", "value": "2016-06-06"}, {"typeName": "LASitemType", "multiple": false, "typeClass": "controlledVocabulary", "value": "Report"}, {"typeName": "LASdateUpdated", "multiple": false, "typeClass": "primitive", "value": "2016-06-06"}]}}}, "global_entity_id": 1087}