{"data": {"id": 85, "versionState": "DRAFT", "productionDate": "Production Date", "lastUpdateTime": "2017-01-09T21:01:40Z", "createTime": "2016-06-06T20:12:27Z", "license": "CC0", "termsOfUse": "CC0 Waiver", "metadataBlocks": {"citation": {"displayName": "Citation Metadata", "fields": [{"typeName": "title", "multiple": false, "typeClass": "primitive", "value": "How LAS Research Advances Anticipatory Intelligence"}, {"typeName": "author", "multiple": true, "typeClass": "compound", "value": [{"authorName": {"typeName": "authorName", "multiple": false, "typeClass": "primitive", "value": "O'Connell, Kevin"}, "authorAffiliation": {"typeName": "authorAffiliation", "multiple": false, "typeClass": "primitive", "value": "Dataverse.org"}}, {"authorName": {"typeName": "authorName", "multiple": false, "typeClass": "primitive", "value": "Klubes, David"}}]}, {"typeName": "datasetContact", "multiple": true, "typeClass": "compound", "value": [{"datasetContactName": {"typeName": "datasetContactName", "multiple": false, "typeClass": "primitive", "value": "Admin, Dataverse"}, "datasetContactAffiliation": {"typeName": "datasetContactAffiliation", "multiple": false, "typeClass": "primitive", "value": "Dataverse.org"}, "datasetContactEmail": {"typeName": "datasetContactEmail", "multiple": false, "typeClass": "primitive", "value": "dataverse@mailinator.com"}}]}, {"typeName": "dsDescription", "multiple": true, "typeClass": "compound", "value": [{"dsDescriptionValue": {"typeName": "dsDescriptionValue", "multiple": false, "typeClass": "primitive", "value": "This memorandum provides our review of three LAS projects in the context of our \r\nwork on Anticipatory Intelligence (AI), including our most recent review of related \r\nanalytic tradecraft and other activities underway across the U.S. intelligence \r\ncommunity (IC).  We provide some ideas about how LAS\u2019 current programs and \r\nprojects can fit within a broader AI framework, how they might synchronize with \r\nongoing IC efforts, and where they potentially could be used by line IC analysts.  \r\nThe review may also help LAS organize and refine its ongoing research activities \r\nas well as provide recommendations for moving forward.   Ultimately, this will \r\nalso help drive new research concepts within the future LAS portfolio. \r\nWe benefitted greatly from our December 3 - 4 visit to the Lab at North Carolina \r\nState University (NCSU), including our direct discussions with management, \r\nproject and sub-project leaders, as well as participation in the LAS-wide 2016 \r\nresearch review.  \r\n\r\nWe are available for any clarification or additional information about our anticipatory intelligence efforts or the ideas presented in this report."}}]}, {"typeName": "subject", "multiple": true, "typeClass": "controlledVocabulary", "value": ["Other"]}, {"typeName": "depositor", "multiple": false, "typeClass": "primitive", "value": "Admin, Dataverse"}, {"typeName": "dateOfDeposit", "multiple": false, "typeClass": "primitive", "value": "2016-06-06"}]}, "las": {"displayName": "LAS Metadata", "fields": [{"typeName": "LASkeywords", "multiple": true, "typeClass": "primitive", "value": ["ACH", "AIT", "Anticipatory Intelligence", "DO5", "FSP", "Industry", "Recommenders", "Sensemaking", "User Experience", "TBD"]}, {"typeName": "LASitemType", "multiple": false, "typeClass": "controlledVocabulary", "value": "Report"}, {"typeName": "LASdateAdded", "multiple": false, "typeClass": "primitive", "value": "2016-06-06"}, {"typeName": "LASdateUpdated", "multiple": false, "typeClass": "primitive", "value": "2016-06-06"}]}}}, "global_entity_id": 1097}