{"data": {"id": 90, "versionState": "DRAFT", "productionDate": "Production Date", "lastUpdateTime": "2017-01-09T20:46:24Z", "createTime": "2016-06-06T20:18:00Z", "license": "CC0", "termsOfUse": "CC0 Waiver", "metadataBlocks": {"citation": {"displayName": "Citation Metadata", "fields": [{"typeName": "title", "multiple": false, "typeClass": "primitive", "value": "Influencing People to Adopt an Optimal Workflow"}, {"typeName": "author", "multiple": true, "typeClass": "compound", "value": [{"authorName": {"typeName": "authorName", "multiple": false, "typeClass": "primitive", "value": "Meade et al"}, "authorAffiliation": {"typeName": "authorAffiliation", "multiple": false, "typeClass": "primitive", "value": "NCSU"}}]}, {"typeName": "datasetContact", "multiple": true, "typeClass": "compound", "value": [{"datasetContactName": {"typeName": "datasetContactName", "multiple": false, "typeClass": "primitive", "value": "Meade, Adam"}, "datasetContactAffiliation": {"typeName": "datasetContactAffiliation", "multiple": false, "typeClass": "primitive", "value": "NCSU"}, "datasetContactEmail": {"typeName": "datasetContactEmail", "multiple": false, "typeClass": "primitive", "value": "awmeade@ncsu.edu "}}]}, {"typeName": "dsDescription", "multiple": true, "typeClass": "compound", "value": [{"dsDescriptionValue": {"typeName": "dsDescriptionValue", "multiple": false, "typeClass": "primitive", "value": "What types of information are most compelling in getting users to adopt alternate workflows? There is widespread interest about influencing employees to do work in the best way possible. Workflows (i.e., the series of actions needed to complete a task) influence performance. For a given task, better workflow means better performance. Therefore, by influencing employees (e.g., analysts) to adopt a better workflow, they could achieve better performance. The aim of this study is to answer the question: what types of information are most compelling in getting users to adopt alternative workflows?"}, "dsDescriptionDate": {"typeName": "dsDescriptionDate", "multiple": false, "typeClass": "primitive", "value": "2015-12-31"}}]}, {"typeName": "subject", "multiple": true, "typeClass": "controlledVocabulary", "value": ["Social Sciences"]}, {"typeName": "contributor", "multiple": true, "typeClass": "compound", "value": [{"contributorName": {"typeName": "contributorName", "multiple": false, "typeClass": "primitive", "value": "Murphy-Hill"}}, {"contributorName": {"typeName": "contributorName", "multiple": false, "typeClass": "primitive", "value": "Ward"}}, {"contributorName": {"typeName": "contributorName", "multiple": false, "typeClass": "primitive", "value": "Sarker"}}, {"contributorName": {"typeName": "contributorName", "multiple": false, "typeClass": "primitive", "value": "Pandita"}}, {"contributorName": {"typeName": "contributorName", "multiple": false, "typeClass": "primitive", "value": "Green"}}, {"contributorName": {"typeName": "contributorName", "multiple": false, "typeClass": "primitive", "value": "Yentes"}}]}, {"typeName": "depositor", "multiple": false, "typeClass": "primitive", "value": "Admin, Dataverse"}, {"typeName": "dateOfDeposit", "multiple": false, "typeClass": "primitive", "value": "2016-06-06"}]}, "las": {"displayName": "LAS Metadata", "fields": [{"typeName": "LASkeywords", "multiple": true, "typeClass": "primitive", "value": ["DO5", "RQ18", "TBD"]}, {"typeName": "LASdateAdded", "multiple": false, "typeClass": "primitive", "value": "2016-06-06"}, {"typeName": "LASitemType", "multiple": false, "typeClass": "controlledVocabulary", "value": "Report"}, {"typeName": "LASdateUpdated", "multiple": false, "typeClass": "primitive", "value": "2016-06-06"}]}}}, "global_entity_id": 1107}