{"data": {"id": 105, "versionState": "DRAFT", "productionDate": "Production Date", "lastUpdateTime": "2017-01-09T20:14:10Z", "createTime": "2016-06-06T20:34:47Z", "license": "CC0", "termsOfUse": "CC0 Waiver", "metadataBlocks": {"citation": {"displayName": "Citation Metadata", "fields": [{"typeName": "title", "multiple": false, "typeClass": "primitive", "value": "Machine Learning, Streaming Data and Intrusion Detection"}, {"typeName": "author", "multiple": true, "typeClass": "compound", "value": [{"authorName": {"typeName": "authorName", "multiple": false, "typeClass": "primitive", "value": "TBD"}, "authorAffiliation": {"typeName": "authorAffiliation", "multiple": false, "typeClass": "primitive", "value": "VENUS Cybersecurity"}}]}, {"typeName": "datasetContact", "multiple": true, "typeClass": "compound", "value": [{"datasetContactName": {"typeName": "datasetContactName", "multiple": false, "typeClass": "primitive", "value": "TBD"}, "datasetContactAffiliation": {"typeName": "datasetContactAffiliation", "multiple": false, "typeClass": "primitive", "value": "VENUS Cybersecurity"}, "datasetContactEmail": {"typeName": "datasetContactEmail", "multiple": false, "typeClass": "primitive", "value": "dataverse@mailinator.com"}}]}, {"typeName": "dsDescription", "multiple": true, "typeClass": "compound", "value": [{"dsDescriptionValue": {"typeName": "dsDescriptionValue", "multiple": false, "typeClass": "primitive", "value": "The signature-based paradigm for Intrusion Detection is being materially challenged by the rapid evolution and scaling of cyber attacks. New avenues for efficiently and comprehensively detecting cyber attacks must be explored. One such avenue is to explore the application of Machine Learning techniques to Streaming Data (consisting of temporally ordered distinct and diverse network events) so as to inform the detection of cyber attacks (intrusion detection).\r\n\r\nThe primary objective of this report (along with its associated modules) is to provide an introductory perspective regarding the emergent intersection of Machine Learning, Streaming Data and Intrusion Detection, using a co-creation supported systematic narrative review. The report (and modules) introduces key concepts such as feature extraction, learning techniques, clustering techniques and identifies key training datasets and emerging tool support.\r\n\r\nAchieving the primary objective will provide a basis for accelerated theoretical and empirical studies underlying potential deployment of enhanced capacity intrusion detection systems that are based upon machine learning and data streaming. The report identifies three key recommendations: (i) apply emergent techniques and tools to investigate what kind of features can be extracted from a stream that can lead to identifying malicious traffic; (ii) encourage the development and adoption of new public datasets; and (iii) apply advanced machine learning techniques for code reuse detection.\r\n\r\nThis report will be of interest to a wide class of stakeholders including: mission specialists (those responsible for the actual protection of enterprise systems), applied scientists (looking to explore and facilitate deployment of advanced intrusion detection techniques), researchers (interested in further exploring the space from theoretical and empirical perspectives), and enterprise stakeholders (such as computer security officers looking to enhance their security infrastructures)."}, "dsDescriptionDate": {"typeName": "dsDescriptionDate", "multiple": false, "typeClass": "primitive", "value": "2015-12-29"}}]}, {"typeName": "subject", "multiple": true, "typeClass": "controlledVocabulary", "value": ["Other"]}, {"typeName": "depositor", "multiple": false, "typeClass": "primitive", "value": "Admin, Dataverse"}, {"typeName": "dateOfDeposit", "multiple": false, "typeClass": "primitive", "value": "2016-06-06"}]}, "las": {"displayName": "LAS Metadata", "fields": [{"typeName": "LASkeywords", "multiple": true, "typeClass": "primitive", "value": ["Cyber", "DO5", "RA37", "VENUS", "TBD"]}, {"typeName": "LASdateAdded", "multiple": false, "typeClass": "primitive", "value": "2016-06-06"}, {"typeName": "LASitemType", "multiple": false, "typeClass": "controlledVocabulary", "value": "Report"}, {"typeName": "LASdateUpdated", "multiple": false, "typeClass": "primitive", "value": "2016-06-06"}]}}}, "global_entity_id": 1137}