{"data": {"id": 110, "versionState": "DRAFT", "productionDate": "Production Date", "lastUpdateTime": "2017-01-09T20:03:06Z", "createTime": "2016-06-06T20:39:56Z", "license": "CC0", "termsOfUse": "CC0 Waiver", "metadataBlocks": {"citation": {"displayName": "Citation Metadata", "fields": [{"typeName": "title", "multiple": false, "typeClass": "primitive", "value": "Modeling Healthcare Processes using Commitments: An Empirical Evaluation"}, {"typeName": "author", "multiple": true, "typeClass": "compound", "value": [{"authorName": {"typeName": "authorName", "multiple": false, "typeClass": "primitive", "value": "Telang, Pankaj "}, "authorAffiliation": {"typeName": "authorAffiliation", "multiple": false, "typeClass": "primitive", "value": "NCSU"}}, {"authorName": {"typeName": "authorName", "multiple": false, "typeClass": "primitive", "value": "Kalia, Anup "}, "authorAffiliation": {"typeName": "authorAffiliation", "multiple": false, "typeClass": "primitive", "value": "NCSU"}}, {"authorName": {"typeName": "authorName", "multiple": false, "typeClass": "primitive", "value": "Singh, Munindar"}, "authorAffiliation": {"typeName": "authorAffiliation", "multiple": false, "typeClass": "primitive", "value": "NCSU"}}]}, {"typeName": "datasetContact", "multiple": true, "typeClass": "compound", "value": [{"datasetContactName": {"typeName": "datasetContactName", "multiple": false, "typeClass": "primitive", "value": "Singh, Munindar"}, "datasetContactAffiliation": {"typeName": "datasetContactAffiliation", "multiple": false, "typeClass": "primitive", "value": "NCSU"}, "datasetContactEmail": {"typeName": "datasetContactEmail", "multiple": false, "typeClass": "primitive", "value": "mpsingh@ncsu.edu "}}]}, {"typeName": "dsDescription", "multiple": true, "typeClass": "compound", "value": [{"dsDescriptionValue": {"typeName": "dsDescriptionValue", "multiple": false, "typeClass": "primitive", "value": "The two primary objectives of this paper are: (a) to demonstrate how Comma, a business modeling methodology based on commitments, can be applied in healthcare process modeling, and (b) to evaluate the effectiveness of such an approach in producing healthcare process models. We apply the Comma approach on a breast cancer diagnosis process adapted from an HHS committee report, and presents the results of an empirical study that compares Comma with a traditional approach based on the HL7 Messaging Standard (Traditional-HL7). Our empirical study involved 47 subjects, and two phases. In the first phase, we partitioned the subjects into two approximately equal groups. We gave each group the same requirements based on a process scenario for breast cancer diagnosis. Members of one group first applied Traditional-HL7 and then Comma whereas members of the second group first applied Comma and then Traditional-HL7\u2014each on the above-mentioned requirements. Thus, each subject produced two models, each model being a set of UML Sequence Diagrams. In the second phase, we repartitioned the subjects into two groups with approximately equal distributions from both original groups. We developed exemplar Traditional-HL7 and Comma models; we gave one repartitioned group our Traditional-HL7 model and the other repartitioned group our Comma model. We provided the same changed set of requirements to all subjects and asked them to modify the provided exemplar model to satisfy the new requirements. We assessed solutions produced by subjects in both phases with respect to measures of flexibility, time, difficulty, objective quality, and subjective quality. Our study found that Comma is superior to Traditional-HL7 in flexibility and objective quality as validated via Student\u2019s t-test to the 10% level of significance. Comma is a promising new approach for modeling healthcare processes. Further gains could be made through improved tooling and enhanced training of modeling personnel."}}]}, {"typeName": "subject", "multiple": true, "typeClass": "controlledVocabulary", "value": ["Computer and Information Science", "Engineering"]}, {"typeName": "depositor", "multiple": false, "typeClass": "primitive", "value": "Admin, Dataverse"}, {"typeName": "dateOfDeposit", "multiple": false, "typeClass": "primitive", "value": "2016-06-06"}]}, "las": {"displayName": "LAS Metadata", "fields": [{"typeName": "LASkeywords", "multiple": true, "typeClass": "primitive", "value": ["TBD"]}, {"typeName": "LASdateAdded", "multiple": false, "typeClass": "primitive", "value": "2016-06-06"}, {"typeName": "LASitemType", "multiple": false, "typeClass": "controlledVocabulary", "value": "Report"}, {"typeName": "LASdateUpdated", "multiple": false, "typeClass": "primitive", "value": "2016-06-06"}]}}}, "global_entity_id": 1147}