{"data": {"id": 122, "versionState": "DRAFT", "productionDate": "Production Date", "lastUpdateTime": "2017-01-09T19:04:10Z", "createTime": "2016-06-07T14:50:49Z", "license": "CC0", "termsOfUse": "CC0 Waiver", "metadataBlocks": {"citation": {"displayName": "Citation Metadata", "fields": [{"typeName": "title", "multiple": false, "typeClass": "primitive", "value": "Reviewing measurement needs and capabilities of the LAS:  Metrology CCT Final Report"}, {"typeName": "author", "multiple": true, "typeClass": "compound", "value": [{"authorName": {"typeName": "authorName", "multiple": false, "typeClass": "primitive", "value": "Joines, Sharon"}, "authorAffiliation": {"typeName": "authorAffiliation", "multiple": false, "typeClass": "primitive", "value": "NCSU"}}]}, {"typeName": "datasetContact", "multiple": true, "typeClass": "compound", "value": [{"datasetContactName": {"typeName": "datasetContactName", "multiple": false, "typeClass": "primitive", "value": "Joines, Sharon"}, "datasetContactAffiliation": {"typeName": "datasetContactAffiliation", "multiple": false, "typeClass": "primitive", "value": "NCSU"}, "datasetContactEmail": {"typeName": "datasetContactEmail", "multiple": false, "typeClass": "primitive", "value": "smbennet@ncsu.edu"}}]}, {"typeName": "dsDescription", "multiple": true, "typeClass": "compound", "value": [{"dsDescriptionValue": {"typeName": "dsDescriptionValue", "multiple": false, "typeClass": "primitive", "value": "The mission of the Metrology Cross\u00adCutting Team (CCT) was to understand the measurement needs and capabilities of the LAS pertaining to researchers and analysts, their workflows and  communication of their work products. Each experts in their respective areas, the team was diverse in it\u2019s membership: 2 industry members focused on instrumentation metrology, 2 LAS  government focused on LAS researcher and analysts issues, 2 academics who collect data  from/on individuals/small groups about their interactions, behaviors, preferences and work products/processes, and 1 computer science academic interesting in maintaining an awareness of the CCTs activities and discussions. \r\n\r\nOne of the challenges addressed by this CCT was the challenge of communication \r\nbetween members not only about how to define Metrology (for the CCT and LAS) but also to understand language surrounding the conceptual components, the data collection tools and communicating the difference between what tools we have at LAS and what we might need and/or want.  The last was often a discussion that shifted between tools for measurement and identification of what we want to measure; this pendulous shift in focus highlighted the purpose of bringing together the diverse membership through the CCT to address Metrology.  \r\n\r\nThis report discusses the work of the Metrology CCT in 5 parts:\r\n\r\n1. Definition of metrology, terms, and team objectives\r\n2. Team norms and behaviors\r\n3. Data collected\r\n4. Use cases\r\n5. Team deliverables\r\n6. Insights and recommendations"}}]}, {"typeName": "subject", "multiple": true, "typeClass": "controlledVocabulary", "value": ["Other"]}, {"typeName": "depositor", "multiple": false, "typeClass": "primitive", "value": "Admin, Dataverse"}, {"typeName": "dateOfDeposit", "multiple": false, "typeClass": "primitive", "value": "2016-06-07"}]}, "las": {"displayName": "LAS Metadata", "fields": [{"typeName": "LASkeywords", "multiple": true, "typeClass": "primitive", "value": ["TBD"]}, {"typeName": "LASitemType", "multiple": false, "typeClass": "controlledVocabulary", "value": "Report"}, {"typeName": "LASdateAdded", "multiple": false, "typeClass": "primitive", "value": "2016-06-07"}, {"typeName": "LASdateUpdated", "multiple": false, "typeClass": "primitive", "value": "2016-06-07"}]}}}, "global_entity_id": 1171}