{"data": {"id": 125, "versionState": "DRAFT", "productionDate": "Production Date", "lastUpdateTime": "2017-01-09T18:55:48Z", "createTime": "2016-06-07T14:53:35Z", "license": "CC0", "termsOfUse": "CC0 Waiver", "metadataBlocks": {"citation": {"displayName": "Citation Metadata", "fields": [{"typeName": "title", "multiple": false, "typeClass": "primitive", "value": "Scalable Memory-Efficient Knowledge-Biased Community Detection"}, {"typeName": "author", "multiple": true, "typeClass": "compound", "value": [{"authorName": {"typeName": "authorName", "multiple": false, "typeClass": "primitive", "value": "Seay et al"}, "authorAffiliation": {"typeName": "authorAffiliation", "multiple": false, "typeClass": "primitive", "value": "Dataverse.org"}}]}, {"typeName": "datasetContact", "multiple": true, "typeClass": "compound", "value": [{"datasetContactName": {"typeName": "datasetContactName", "multiple": false, "typeClass": "primitive", "value": "Admin, Dataverse"}, "datasetContactAffiliation": {"typeName": "datasetContactAffiliation", "multiple": false, "typeClass": "primitive", "value": "Dataverse.org"}, "datasetContactEmail": {"typeName": "datasetContactEmail", "multiple": false, "typeClass": "primitive", "value": "dataverse@mailinator.com"}}]}, {"typeName": "dsDescription", "multiple": true, "typeClass": "compound", "value": [{"dsDescriptionValue": {"typeName": "dsDescriptionValue", "multiple": false, "typeClass": "primitive", "value": "Community detection is a common problem in graph mining and knowledge discovery. Numerous classic algorithms exist for solving this problem; however, the large scale of graphs and accompanying output space make many methods impractical. To address these issues, we introduce the notion of knowledge-biased\r\ncommunity detection, a query-driven reformulation of the community detection problem, to reduce output space, computation time, and memory usage. Our formulation has applications in many scientific domains, including biomedical informatics and climate science.\r\n\r\nMoreover, we provide a novel method - partial computation - for processing multiple queries across the same graph in community detection. Partial computation reduces redundant computations by partially expanding the search tree (in parallel) up to some cutoff and by indexing the states along this cutoff. This involves performing computations common across queries only once and leaving query-specific computations to be processed at query time. Partial computation enables user-controlled parameterization of the cutoff to balance storage overhead and query response time. This flexibility could allow for different design optimizations tuned for emerging architectures, such as SSDs. Experimental validation on large-scale graphs\r\nshows speedups over 100x and memory savings over 1000x compared to the state of the art, along with good scalability when run in parallel."}}]}, {"typeName": "subject", "multiple": true, "typeClass": "controlledVocabulary", "value": ["Other"]}, {"typeName": "contributor", "multiple": true, "typeClass": "compound", "value": [{"contributorName": {"typeName": "contributorName", "multiple": false, "typeClass": "primitive", "value": "Harenburg"}}, {"contributorName": {"typeName": "contributorName", "multiple": false, "typeClass": "primitive", "value": "Lakshminarasimhan"}}, {"contributorName": {"typeName": "contributorName", "multiple": false, "typeClass": "primitive", "value": "Boyuka II"}}, {"contributorName": {"typeName": "contributorName", "multiple": false, "typeClass": "primitive", "value": "Bello"}}, {"contributorName": {"typeName": "contributorName", "multiple": false, "typeClass": "primitive", "value": "Patowary"}}, {"contributorName": {"typeName": "contributorName", "multiple": false, "typeClass": "primitive", "value": "Chirkova"}}, {"contributorName": {"typeName": "contributorName", "multiple": false, "typeClass": "primitive", "value": "Doraiswamy"}}, {"contributorName": {"typeName": "contributorName", "multiple": false, "typeClass": "primitive", "value": "Samatova"}}]}, {"typeName": "depositor", "multiple": false, "typeClass": "primitive", "value": "Admin, Dataverse"}, {"typeName": "dateOfDeposit", "multiple": false, "typeClass": "primitive", "value": "2016-06-07"}]}, "las": {"displayName": "LAS Metadata", "fields": [{"typeName": "LASkeywords", "multiple": true, "typeClass": "primitive", "value": ["TBD"]}, {"typeName": "LASitemType", "multiple": false, "typeClass": "controlledVocabulary", "value": "Report"}, {"typeName": "LASdateAdded", "multiple": false, "typeClass": "primitive", "value": "2016-06-07"}, {"typeName": "LASdateUpdated", "multiple": false, "typeClass": "primitive", "value": "2016-06-07"}]}}}, "global_entity_id": 1177}