{"data": {"id": 128, "versionState": "DRAFT", "productionDate": "Production Date", "lastUpdateTime": "2017-01-09T18:36:16Z", "createTime": "2016-06-07T14:56:38Z", "license": "CC0", "termsOfUse": "CC0 Waiver", "metadataBlocks": {"citation": {"displayName": "Citation Metadata", "fields": [{"typeName": "title", "multiple": false, "typeClass": "primitive", "value": "Statistical Disclosure Limitation: A Review"}, {"typeName": "author", "multiple": true, "typeClass": "compound", "value": [{"authorName": {"typeName": "authorName", "multiple": false, "typeClass": "primitive", "value": "Karr, Alan"}, "authorAffiliation": {"typeName": "authorAffiliation", "multiple": false, "typeClass": "primitive", "value": "RTI"}}]}, {"typeName": "datasetContact", "multiple": true, "typeClass": "compound", "value": [{"datasetContactName": {"typeName": "datasetContactName", "multiple": false, "typeClass": "primitive", "value": "Karr, Alan"}, "datasetContactAffiliation": {"typeName": "datasetContactAffiliation", "multiple": false, "typeClass": "primitive", "value": "RTI"}, "datasetContactEmail": {"typeName": "datasetContactEmail", "multiple": false, "typeClass": "primitive", "value": "karr@rti.org "}}]}, {"typeName": "dsDescription", "multiple": true, "typeClass": "compound", "value": [{"dsDescriptionValue": {"typeName": "dsDescriptionValue", "multiple": false, "typeClass": "primitive", "value": "This paper reviews the major forms of access to confidential data and the results of analyses of confidential data from methodological and computational perspectives. These forms include direct access, dissemination-based access and query-mediated access. A major focus is statistical disclosure limitation (SDL), which enables public dissemination of both microdata and the results of analyses.\r\n\r\nWithin a framework of balancing low disclosure risk with high data utility, principal classes of SDL methods are described and in some cases illustrated: reductive methods that coarsen but do not alter data, perturbative methods (especially, additive noise, data swapping and microaggregation) that alter data values, and synthetic data. Query-centric methods, including data analysis systems, restricted data analysis systems and verification servers, are described.\r\n\r\nDifferential privacy, embodied in systems that modify query results rather than data, is presented. Several secondary issues are treated in lesser detail: secure analysis of distributed datasets, the relationship of SDL to data editing, imputation and survey weights, transparency regarding SDL methods, record linkage, and SDL for big data.\r\n\r\nExtensive references to the relevant scientific literature are included."}, "dsDescriptionDate": {"typeName": "dsDescriptionDate", "multiple": false, "typeClass": "primitive", "value": "2015-12-31"}}]}, {"typeName": "subject", "multiple": true, "typeClass": "controlledVocabulary", "value": ["Mathematical Sciences"]}, {"typeName": "depositor", "multiple": false, "typeClass": "primitive", "value": "Admin, Dataverse"}, {"typeName": "dateOfDeposit", "multiple": false, "typeClass": "primitive", "value": "2016-06-07"}]}, "las": {"displayName": "LAS Metadata", "fields": [{"typeName": "LASkeywords", "multiple": true, "typeClass": "primitive", "value": ["DO5", "RA10", "RTI", "TBD"]}, {"typeName": "LASitemType", "multiple": false, "typeClass": "controlledVocabulary", "value": "Report"}, {"typeName": "LASdateAdded", "multiple": false, "typeClass": "primitive", "value": "2016-06-07"}, {"typeName": "LASdateUpdated", "multiple": false, "typeClass": "primitive", "value": "2016-06-07"}]}}}, "global_entity_id": 1183}