{"data": {"id": 134, "versionState": "DRAFT", "productionDate": "Production Date", "lastUpdateTime": "2017-01-21T19:40:22Z", "createTime": "2016-06-07T15:02:48Z", "license": "CC0", "termsOfUse": "CC0 Waiver", "metadataBlocks": {"citation": {"displayName": "Citation Metadata", "fields": [{"typeName": "title", "multiple": false, "typeClass": "primitive", "value": "The BARD Planning System"}, {"typeName": "author", "multiple": true, "typeClass": "compound", "value": [{"authorName": {"typeName": "authorName", "multiple": false, "typeClass": "primitive", "value": "Young, Michael"}, "authorAffiliation": {"typeName": "authorAffiliation", "multiple": false, "typeClass": "primitive", "value": "University of Utah"}}]}, {"typeName": "datasetContact", "multiple": true, "typeClass": "compound", "value": [{"datasetContactName": {"typeName": "datasetContactName", "multiple": false, "typeClass": "primitive", "value": "Young, Michael"}, "datasetContactAffiliation": {"typeName": "datasetContactAffiliation", "multiple": false, "typeClass": "primitive", "value": "University of Utah"}, "datasetContactEmail": {"typeName": "datasetContactEmail", "multiple": false, "typeClass": "primitive", "value": "young@eae.utah.edu"}}]}, {"typeName": "dsDescription", "multiple": true, "typeClass": "compound", "value": [{"dsDescriptionValue": {"typeName": "dsDescriptionValue", "multiple": false, "typeClass": "primitive", "value": "Bard is a hierarchical planning system that combines decompositional reasoning (planning to perform an abstract action by performing that action\u2019s substeps) and partial-order causal-link (POCL) planning in the same representation. The Bard system is based on the DPOCL planner, a domain independent hierarchical AI planning algorithm named DPOCL (Decompositional partial-order causal-link planner) which itself is built on top of a non-hierarchical planner, UCPOP. Bard differs from DPOCL and UCPOP by containing extensions that make representing communicative actions possible, as well as features of narrative structure. This document assumes some familiarity with narrative, discourse planning and partial-order causal-link (POCL) planning described in the AI planning literature."}}]}, {"typeName": "subject", "multiple": true, "typeClass": "controlledVocabulary", "value": ["Computer and Information Science", "Engineering"]}, {"typeName": "depositor", "multiple": false, "typeClass": "primitive", "value": "Admin, Dataverse"}, {"typeName": "dateOfDeposit", "multiple": false, "typeClass": "primitive", "value": "2016-06-07"}]}, "las": {"displayName": "LAS Metadata", "fields": [{"typeName": "LASkeywords", "multiple": true, "typeClass": "primitive", "value": ["DO5", "MY1", "A85", "S5", "R137", "R139"]}, {"typeName": "LASitemType", "multiple": false, "typeClass": "controlledVocabulary", "value": "Report"}, {"typeName": "LASdateAdded", "multiple": false, "typeClass": "primitive", "value": "2016-06-07"}, {"typeName": "LASdateUpdated", "multiple": false, "typeClass": "primitive", "value": "2016-06-07"}]}}}, "global_entity_id": 1195}