{"data": {"id": 141, "versionState": "DRAFT", "productionDate": "Production Date", "lastUpdateTime": "2017-01-09T16:55:14Z", "createTime": "2016-06-07T15:11:07Z", "license": "CC0", "termsOfUse": "CC0 Waiver", "metadataBlocks": {"citation": {"displayName": "Citation Metadata", "fields": [{"typeName": "title", "multiple": false, "typeClass": "primitive", "value": "Tools for Machine Learning, Streaming Data, and Intrusion Detection"}, {"typeName": "author", "multiple": true, "typeClass": "compound", "value": [{"authorName": {"typeName": "authorName", "multiple": false, "typeClass": "primitive", "value": "TBD"}, "authorAffiliation": {"typeName": "authorAffiliation", "multiple": false, "typeClass": "primitive", "value": "VENUS Cybersecurity"}}]}, {"typeName": "datasetContact", "multiple": true, "typeClass": "compound", "value": [{"datasetContactName": {"typeName": "datasetContactName", "multiple": false, "typeClass": "primitive", "value": "Admin, Dataverse"}, "datasetContactAffiliation": {"typeName": "datasetContactAffiliation", "multiple": false, "typeClass": "primitive", "value": "Dataverse.org"}, "datasetContactEmail": {"typeName": "datasetContactEmail", "multiple": false, "typeClass": "primitive", "value": "dataverse@mailinator.com"}}]}, {"typeName": "dsDescription", "multiple": true, "typeClass": "compound", "value": [{"dsDescriptionValue": {"typeName": "dsDescriptionValue", "multiple": false, "typeClass": "primitive", "value": "The signature-based paradigm for Intrusion Detection is being materially challenged by the rapid evolution and scaling of cyber attacks. New avenues for efficiently and comprehensively detecting cyber attacks must be explored. One such avenue is to explore the application of Machine Learning techniques to Streaming Data (consisting of temporally ordered distinct and diverse network events) so as to inform the detection of cyber attacks (intrusion detection). Empirical studies are important for furthering research and development in this context and such studies are enabled by the presence of appropriate tools and platforms that can be used for experimental purposes.\r\n\r\nThe primary objective of this report is to provide an overview of scalable machine learning open source tools that could be used for analyzing streaming data with the intent of identifying malicious traffic.\r\n\r\nIn this report the open source tools are compared in terms of real-time algorithms available and relative strength in terms of usability and speed. Candidate tools for future applied research are MLib (from Apache Spark) & SAMOA. Achieving the primary objective will provide a basis for accelerated empirical studies regarding the potential deployment of enhanced capacity intrusion detection systems based upon machine learning and data streaming.\r\n\r\nThis report will be of interest to a wide class of stakeholders including: mission specialists (those responsible for the actual protection of enterprise systems), applied scientists (looking to explore and facilitate deployment of advanced intrusion detection techniques through enhanced clustering techniques), and researchers (interested in further exploring the space from theoretical and empirical perspectives)."}, "dsDescriptionDate": {"typeName": "dsDescriptionDate", "multiple": false, "typeClass": "primitive", "value": "2015-12-29"}}]}, {"typeName": "subject", "multiple": true, "typeClass": "controlledVocabulary", "value": ["Other"]}, {"typeName": "depositor", "multiple": false, "typeClass": "primitive", "value": "Admin, Dataverse"}, {"typeName": "dateOfDeposit", "multiple": false, "typeClass": "primitive", "value": "2016-06-07"}]}, "las": {"displayName": "LAS Metadata", "fields": [{"typeName": "LASkeywords", "multiple": true, "typeClass": "primitive", "value": ["VENUS", "DO5", "RA37", "Cyber", "TBD"]}, {"typeName": "LASdateAdded", "multiple": false, "typeClass": "primitive", "value": "2016-06-07"}, {"typeName": "LASitemType", "multiple": false, "typeClass": "controlledVocabulary", "value": "Report"}, {"typeName": "LASdateUpdated", "multiple": false, "typeClass": "primitive", "value": "2016-06-07"}]}}}, "global_entity_id": 1209}