{"data": {"id": 143, "versionState": "DRAFT", "productionDate": "Production Date", "lastUpdateTime": "2017-01-09T16:50:54Z", "createTime": "2016-06-07T15:13:19Z", "license": "CC0", "termsOfUse": "CC0 Waiver", "metadataBlocks": {"citation": {"displayName": "Citation Metadata", "fields": [{"typeName": "title", "multiple": false, "typeClass": "primitive", "value": "TRACE: A Dynamic Model of Trust for People-Driven Service Engagements"}, {"typeName": "author", "multiple": true, "typeClass": "compound", "value": [{"authorName": {"typeName": "authorName", "multiple": false, "typeClass": "primitive", "value": "Kalia, Anup K."}, "authorAffiliation": {"typeName": "authorAffiliation", "multiple": false, "typeClass": "primitive", "value": "NCSU"}}, {"authorName": {"typeName": "authorName", "multiple": false, "typeClass": "primitive", "value": "Murukannaiah, Pradeep K."}, "authorAffiliation": {"typeName": "authorAffiliation", "multiple": false, "typeClass": "primitive", "value": "NCSU"}}, {"authorName": {"typeName": "authorName", "multiple": false, "typeClass": "primitive", "value": "Singh, Munindar "}, "authorAffiliation": {"typeName": "authorAffiliation", "multiple": false, "typeClass": "primitive", "value": "NCSU"}}]}, {"typeName": "datasetContact", "multiple": true, "typeClass": "compound", "value": [{"datasetContactName": {"typeName": "datasetContactName", "multiple": false, "typeClass": "primitive", "value": "Singh, Munindar "}, "datasetContactAffiliation": {"typeName": "datasetContactAffiliation", "multiple": false, "typeClass": "primitive", "value": "Dataverse.org"}, "datasetContactEmail": {"typeName": "datasetContactEmail", "multiple": false, "typeClass": "primitive", "value": "mpsingh@ncsu.edu "}}]}, {"typeName": "dsDescription", "multiple": true, "typeClass": "compound", "value": [{"dsDescriptionValue": {"typeName": "dsDescriptionValue", "multiple": false, "typeClass": "primitive", "value": "People-driven service engagements represent collaborative business processes that involve human judgment and decision making. Such judgments and decisions are made in light of trust relationships between the people. Existing approaches for estimating trust between people suffer from two important limitations. One, they consider commitment outcomes as the primary means of estimating trust and omit additional significant factors, especially risk and emotions. Two, they typically estimate trust based either on fixed parameter models that require manual setting of parameters or on Hidden Markov Models (HMM), which assume conditional independence and are thus ill-suited to capturing complex relationships among trust, risk, commitments, and emotions.\r\n\r\nWe propose TRACE, a Conditional Random Fields (CRF) based model that pre-\r\ndicts trust from risk, commitment outcomes, and emotions. TRACE does not re-\r\nquire manual parameter tuning and relaxes conditional independence assump-\r\ntions among input variables. We evaluate TRACE on a dataset collected by the\r\nIntelligence Advanced Research Projects Activity (IARPA) in a human-subject study. We find that TRACE outperforms existing trust-estimation approaches and that incorporating risk, commitments, and emotions yields lower trust prediction error than incorporating commitments alone."}}]}, {"typeName": "subject", "multiple": true, "typeClass": "controlledVocabulary", "value": ["Computer and Information Science", "Engineering"]}, {"typeName": "depositor", "multiple": false, "typeClass": "primitive", "value": "Admin, Dataverse"}, {"typeName": "dateOfDeposit", "multiple": false, "typeClass": "primitive", "value": "2016-06-07"}]}, "las": {"displayName": "LAS Metadata", "fields": [{"typeName": "LASkeywords", "multiple": true, "typeClass": "primitive", "value": ["TBD"]}, {"typeName": "LASdateAdded", "multiple": false, "typeClass": "primitive", "value": "2016-06-07"}, {"typeName": "LASitemType", "multiple": false, "typeClass": "controlledVocabulary", "value": "Report"}, {"typeName": "LASdateUpdated", "multiple": false, "typeClass": "primitive", "value": "2016-06-07"}]}}}, "global_entity_id": 1213}