{"data": {"id": 146, "versionState": "DRAFT", "productionDate": "Production Date", "lastUpdateTime": "2017-02-27T00:25:48Z", "createTime": "2016-06-07T15:17:50Z", "license": "CC0", "termsOfUse": "CC0 Waiver", "metadataBlocks": {"citation": {"displayName": "Citation Metadata", "fields": [{"typeName": "title", "multiple": false, "typeClass": "primitive", "value": "What is Fair Use of Seven Terabytes?"}, {"typeName": "author", "multiple": true, "typeClass": "compound", "value": [{"authorName": {"typeName": "authorName", "multiple": false, "typeClass": "primitive", "value": "Fyfe, Paul"}, "authorAffiliation": {"typeName": "authorAffiliation", "multiple": false, "typeClass": "primitive", "value": "NCSU"}}]}, {"typeName": "datasetContact", "multiple": true, "typeClass": "compound", "value": [{"datasetContactName": {"typeName": "datasetContactName", "multiple": false, "typeClass": "primitive", "value": "Fyfe, Paul"}, "datasetContactAffiliation": {"typeName": "datasetContactAffiliation", "multiple": false, "typeClass": "primitive", "value": "NCSU"}, "datasetContactEmail": {"typeName": "datasetContactEmail", "multiple": false, "typeClass": "primitive", "value": "pcfyfe@ncsu.edu "}}]}, {"typeName": "dsDescription", "multiple": true, "typeClass": "compound", "value": [{"dsDescriptionValue": {"typeName": "dsDescriptionValue", "multiple": false, "typeClass": "primitive", "value": "They\u2019ve asked if I could offer an academic researcher\u2019s perspective in this program, particularly about the challenges of working with data which is not open access. I\u2019m not a librarian, having  trained in nineteenth-century British literature and since worked in English departments at research universities, but have had close working relationships with the library at all my academic institutions, and now at my home at NC State. My title today\u2014\u201cWhat is fair use of seven terabytes?\u201d\u2014is the question I naively asked my university\u2019s copyright and scholarly communications librarian just a few weeks ago. I\u2019m going to tell you about how I arrived at this  question, why it\u2019s probably the wrong one to ask, and what might be some ways forward for researchers using non-open-access, copyrighted, or restricted data. Hopefully all this will add up to expanding our shared conversation\u2014as researchers, librarians, and scholars\u2014about the challenges of access, innovation, and scholarly communication in an age of proliferating digital materials."}, "dsDescriptionDate": {"typeName": "dsDescriptionDate", "multiple": false, "typeClass": "primitive", "value": "2015-03-19"}}]}, {"typeName": "subject", "multiple": true, "typeClass": "controlledVocabulary", "value": ["Arts and Humanities", "Computer and Information Science"]}, {"typeName": "depositor", "multiple": false, "typeClass": "primitive", "value": "Admin, Dataverse"}, {"typeName": "dateOfDeposit", "multiple": false, "typeClass": "primitive", "value": "2016-06-07"}]}, "las": {"displayName": "LAS Metadata", "fields": [{"typeName": "LASkeywords", "multiple": true, "typeClass": "primitive", "value": ["DO5", "PF1", "AC5", "A69", "R151"]}, {"typeName": "LASitemType", "multiple": false, "typeClass": "controlledVocabulary", "value": "Presentation"}, {"typeName": "LASdateAdded", "multiple": false, "typeClass": "primitive", "value": "2016-06-07"}, {"typeName": "LASdateUpdated", "multiple": false, "typeClass": "primitive", "value": "2016-06-07"}, {"typeName": "LASpresentation", "multiple": true, "typeClass": "compound", "value": [{"LASeventName": {"typeName": "LASeventName", "multiple": false, "typeClass": "primitive", "value": "Scholarly Communication Interest Group, Association of College and Research Libraries, New England Chapter"}, "LASeventLocation": {"typeName": "LASeventLocation", "multiple": false, "typeClass": "primitive", "value": "Boston, MA"}}]}]}}}, "global_entity_id": 1219}