{"data": {"id": 153, "versionState": "DRAFT", "productionDate": "Production Date", "lastUpdateTime": "2017-01-09T16:27:13Z", "createTime": "2016-06-08T16:55:50Z", "license": "CC0", "termsOfUse": "CC0 Waiver", "metadataBlocks": {"citation": {"displayName": "Citation Metadata", "fields": [{"typeName": "title", "multiple": false, "typeClass": "primitive", "value": "Aparicio Final Report for Knowledge Representation and Management"}, {"typeName": "author", "multiple": true, "typeClass": "compound", "value": [{"authorName": {"typeName": "authorName", "multiple": false, "typeClass": "primitive", "value": "Aparicio, Manuel"}, "authorAffiliation": {"typeName": "authorAffiliation", "multiple": false, "typeClass": "primitive", "value": "Saffron"}}]}, {"typeName": "datasetContact", "multiple": true, "typeClass": "compound", "value": [{"datasetContactName": {"typeName": "datasetContactName", "multiple": false, "typeClass": "primitive", "value": "Aparicio, Manuel"}, "datasetContactAffiliation": {"typeName": "datasetContactAffiliation", "multiple": false, "typeClass": "primitive", "value": "Dataverse.org"}, "datasetContactEmail": {"typeName": "datasetContactEmail", "multiple": false, "typeClass": "primitive", "value": "manuel.aparicio@intel.com "}}]}, {"typeName": "dsDescription", "multiple": true, "typeClass": "compound", "value": [{"dsDescriptionValue": {"typeName": "dsDescriptionValue", "multiple": false, "typeClass": "primitive", "value": "This serves as a final report of my participation and perspectives on the Knowledge Representation and Management (KRM) challenge of Delivery Order 3 (DO3) for LAS. I cast this fundamental effort as a \u201cchallenge\u201d and will describe several aspects\r\nof the challenge as the outline of this report:\r\n\r\n\uf0b7 Grand Challenge. The millennial problem to define and unify knowledge.\r\n\uf0b7 Multidisciplinary Challenge. The different beliefs between disciplines.\r\n\uf0b7 Example Challenge. Optimisms to help overcome such differences.\r\n\uf0b7 Demonstration Challenge. Work on Automated Hypothesis Generation.\r\n\r\nOf course, my perspectives are biased. To expose this bias, my own focus on the KRM team revolved around bottom-up, learned, associative semantics rather than\r\ntop-down, constructed, predicate semantics. These are not antithetical, and in fact, I\r\nhave always enjoyed and encouraged their intersection. (See Neural Networks for\r\nKnowledge Representation and Inference. Levine and Aparicio, eds.) Another team\r\nmember, Munindar Singh, and I have long thought how to hybridize our approaches\r\nas a \u201cform-freedom balance\u201d. However, my experience and contributions were\r\nmore toward my bias for implicitly learned rather than explicitly declared forms of\r\nknowledge. I enjoyed the efforts of the KRM team in discussing this and general\r\ngoals.\r\n\r\nI have also led a standards body regarding intelligent systems (Foundation for Intelligent Physical Agents) as well as leading and participating in many other\r\nconsortia, and I recalled many of the same challenges as in the remit of KRM (with\r\nfar less resources). This past experience informed how I viewed the challenges and\r\nsuggest recommendations to move forward."}}]}, {"typeName": "subject", "multiple": true, "typeClass": "controlledVocabulary", "value": ["Computer and Information Science", "Engineering"]}, {"typeName": "depositor", "multiple": false, "typeClass": "primitive", "value": "Admin, Dataverse"}, {"typeName": "dateOfDeposit", "multiple": false, "typeClass": "primitive", "value": "2016-06-08"}]}, "las": {"displayName": "LAS Metadata", "fields": [{"typeName": "LASkeywords", "multiple": true, "typeClass": "primitive", "value": ["DO3", "TBD"]}, {"typeName": "LASdateAdded", "multiple": false, "typeClass": "primitive", "value": "2016-06-08"}, {"typeName": "LASitemType", "multiple": false, "typeClass": "controlledVocabulary", "value": "Report"}, {"typeName": "LASdateUpdated", "multiple": false, "typeClass": "primitive", "value": "2016-06-08"}]}}}, "global_entity_id": 1233}