{"data": {"id": 154, "versionState": "DRAFT", "productionDate": "Production Date", "lastUpdateTime": "2017-03-10T13:47:29Z", "createTime": "2016-06-08T16:56:46Z", "license": "CC0", "termsOfUse": "CC0 Waiver", "metadataBlocks": {"citation": {"displayName": "Citation Metadata", "fields": [{"typeName": "title", "multiple": false, "typeClass": "primitive", "value": "A Proposal for Behavior Prediction via Estimating Agents' Evaluation Functions Using Prior Observations of Behavior"}, {"typeName": "author", "multiple": true, "typeClass": "compound", "value": [{"authorName": {"typeName": "authorName", "multiple": false, "typeClass": "primitive", "value": "Loftin, Robert"}, "authorAffiliation": {"typeName": "authorAffiliation", "multiple": false, "typeClass": "primitive", "value": "NC State"}}, {"authorName": {"typeName": "authorName", "multiple": false, "typeClass": "primitive", "value": "Roberts, David "}, "authorAffiliation": {"typeName": "authorAffiliation", "multiple": false, "typeClass": "primitive", "value": "NC State"}}]}, {"typeName": "datasetContact", "multiple": true, "typeClass": "compound", "value": [{"datasetContactName": {"typeName": "datasetContactName", "multiple": false, "typeClass": "primitive", "value": "Roberts, David"}, "datasetContactAffiliation": {"typeName": "datasetContactAffiliation", "multiple": false, "typeClass": "primitive", "value": "NC State"}, "datasetContactEmail": {"typeName": "datasetContactEmail", "multiple": false, "typeClass": "primitive", "value": "robertsd@csc.ncsu.edu"}}]}, {"typeName": "dsDescription", "multiple": true, "typeClass": "compound", "value": [{"dsDescriptionValue": {"typeName": "dsDescriptionValue", "multiple": false, "typeClass": "primitive", "value": "In this work we present a theoretical approach (not currently implemented), to the problem of predicting agent behavior. The ultimate goal of this work is to learn models\r\nthat can be used to predict the future actions of intelligent agents, based on previously recorded data on those agents\u2019 behavior. We believe that we can improve the predictive accuracy of our models by assuming that an agent reasons about the actions it takes, and trying to explicitly model that reasoning process. Here, we model\r\nan agent\u2019s reasoning process as a form of Monte-Carlo search, and attempt to learn a state evaluation function that, when used with this planning algorithm, yields a\r\nsimilar distribution of actions given the current state of the world as we observe in the data. While it is simple to simulate Monte-Carlo search given an evaluation function,\r\nit is much more difficult to determine an evaluation function that will generate a certain behavior. Here we will use Expectation-Maximization to find a maximum likelihood estimate of the parameters of the evaluation function, treating the actual steps taken in planning each action as unobserved data."}}]}, {"typeName": "subject", "multiple": true, "typeClass": "controlledVocabulary", "value": ["Computer and Information Science"]}, {"typeName": "depositor", "multiple": false, "typeClass": "primitive", "value": "Admin, Dataverse"}, {"typeName": "dateOfDeposit", "multiple": false, "typeClass": "primitive", "value": "2016-06-08"}]}, "las": {"displayName": "LAS Metadata", "fields": [{"typeName": "LASkeywords", "multiple": true, "typeClass": "primitive", "value": ["NP3", "DO3", "A51", "R221"]}, {"typeName": "LASdateAdded", "multiple": false, "typeClass": "primitive", "value": "2016-06-08"}, {"typeName": "LASitemType", "multiple": false, "typeClass": "controlledVocabulary", "value": "Publication"}, {"typeName": "LASdateUpdated", "multiple": false, "typeClass": "primitive", "value": "2017-03-10"}, {"typeName": "LASdistributionURL", "multiple": false, "typeClass": "primitive", "value": "http://www.aaai.org/ocs/index.php/WS/AAAIW15/paper/download/10192/10250  "}, {"typeName": "LASpublication", "multiple": false, "typeClass": "compound", "value": {"LASpublisher": {"typeName": "LASpublisher", "multiple": false, "typeClass": "primitive", "value": "AAAI "}, "LASjournal": {"typeName": "LASjournal", "multiple": false, "typeClass": "primitive", "value": "Proceedings of the AAAI Workshop on Trajectory-Based Behaviour Analytics"}, "LASvolume": {"typeName": "LASvolume", "multiple": false, "typeClass": "primitive", "value": "2015"}}}]}}}, "global_entity_id": 1235}