{"data": {"id": 163, "versionState": "DRAFT", "productionDate": "Production Date", "lastUpdateTime": "2017-01-09T16:01:23Z", "createTime": "2016-06-08T17:19:00Z", "license": "CC0", "termsOfUse": "CC0 Waiver", "metadataBlocks": {"citation": {"displayName": "Citation Metadata", "fields": [{"typeName": "title", "multiple": false, "typeClass": "primitive", "value": "Cognitive Processing Group"}, {"typeName": "author", "multiple": true, "typeClass": "compound", "value": [{"authorName": {"typeName": "authorName", "multiple": false, "typeClass": "primitive", "value": "Mayhorn et al"}, "authorAffiliation": {"typeName": "authorAffiliation", "multiple": false, "typeClass": "primitive", "value": "NCSU"}}]}, {"typeName": "datasetContact", "multiple": true, "typeClass": "compound", "value": [{"datasetContactName": {"typeName": "datasetContactName", "multiple": false, "typeClass": "primitive", "value": "Mayhorn, Chris"}, "datasetContactAffiliation": {"typeName": "datasetContactAffiliation", "multiple": false, "typeClass": "primitive", "value": "Dataverse.org"}, "datasetContactEmail": {"typeName": "datasetContactEmail", "multiple": false, "typeClass": "primitive", "value": "cbmayhor@ncsu.edu "}}]}, {"typeName": "dsDescription", "multiple": true, "typeClass": "compound", "value": [{"dsDescriptionValue": {"typeName": "dsDescriptionValue", "multiple": false, "typeClass": "primitive", "value": "The research of the Cognitive Processing group concentrates on sensemaking and decision making as carried out by individuals, groups, or organizations. An overarching question the group seeks to answer is this:\r\n\r\nIn a user community, how do affective, cognitive, and behavioral processes facilitate\r\nand optimize sensemaking and decision making?\r\n\r\nThis proposal combines research on individual decision making, examining the tradeoffs between fast heuristic reasoning and slower analytical processing; on collaboration between analysts, examining the extent to which working together to share strategies or information can improve individual performance; on improving the effectiveness of sensemaking and decision making by aligning the goals and objectives of individuals with their organizations; on the shaping and communication of an individual\u2019s knowledge to others, with a focus on acts, outcomes (utilities), and contingencies (probabilities); and on computational models of knowledge representation and reasoning for sensemaking and decision making. The core members of the Cognitive Processing Group present their projects below. We are fully cognizant of potential overlap across these inquiries, and are dedicated to maximizing interdisciplinary collaboration whenever possible. The degree to which a \u201csandbox\u201d can be developed will lead to greater interdisciplinary collaboration.\r\n\r\nThe sandbox is intended to be an environment in which analysts\u2019 judgment tasks can be simulated in personal, process, and task characteristics. In addition to a sandbox (an environment), the empirical investigations also require a sufficient database to simulate the type of data with which intelligence analysts work. Candidate domaints under consideration include medical decision making, voter fraud and polling data, and irregularities in scholarship applications) aiding the integration."}}]}, {"typeName": "subject", "multiple": true, "typeClass": "controlledVocabulary", "value": ["Social Sciences"]}, {"typeName": "contributor", "multiple": true, "typeClass": "compound", "value": [{"contributorName": {"typeName": "contributorName", "multiple": false, "typeClass": "primitive", "value": "Keyton"}}, {"contributorName": {"typeName": "contributorName", "multiple": false, "typeClass": "primitive", "value": "Kowolenko"}}, {"contributorName": {"typeName": "contributorName", "multiple": false, "typeClass": "primitive", "value": "Boettcher"}}, {"contributorName": {"typeName": "contributorName", "multiple": false, "typeClass": "primitive", "value": "Cobb"}}, {"contributorName": {"typeName": "contributorName", "multiple": false, "typeClass": "primitive", "value": "St. Amant"}}]}, {"typeName": "depositor", "multiple": false, "typeClass": "primitive", "value": "Admin, Dataverse"}, {"typeName": "dateOfDeposit", "multiple": false, "typeClass": "primitive", "value": "2016-06-08"}]}, "las": {"displayName": "LAS Metadata", "fields": [{"typeName": "LASkeywords", "multiple": true, "typeClass": "primitive", "value": ["DO3", "TBD"]}, {"typeName": "LASdateAdded", "multiple": false, "typeClass": "primitive", "value": "2016-06-08"}, {"typeName": "LASitemType", "multiple": false, "typeClass": "controlledVocabulary", "value": "Other"}, {"typeName": "LASdateUpdated", "multiple": false, "typeClass": "primitive", "value": "2016-06-08"}]}}}, "global_entity_id": 1253}