{"data": {"id": 168, "versionState": "DRAFT", "productionDate": "Production Date", "lastUpdateTime": "2017-01-09T15:49:07Z", "createTime": "2016-06-09T17:52:09Z", "license": "CC0", "termsOfUse": "CC0 Waiver", "metadataBlocks": {"citation": {"displayName": "Citation Metadata", "fields": [{"typeName": "title", "multiple": false, "typeClass": "primitive", "value": "Creation of Multidisciplinary Teams for Improving Intelligence Analysis:  A Natural Experiment at NC State1"}, {"typeName": "author", "multiple": true, "typeClass": "compound", "value": [{"authorName": {"typeName": "authorName", "multiple": false, "typeClass": "primitive", "value": "Vogel, Kathleen"}, "authorAffiliation": {"typeName": "authorAffiliation", "multiple": false, "typeClass": "primitive", "value": "NCSU"}}]}, {"typeName": "datasetContact", "multiple": true, "typeClass": "compound", "value": [{"datasetContactName": {"typeName": "datasetContactName", "multiple": false, "typeClass": "primitive", "value": "Vogel, Kathleen"}, "datasetContactAffiliation": {"typeName": "datasetContactAffiliation", "multiple": false, "typeClass": "primitive", "value": "Dataverse.org"}, "datasetContactEmail": {"typeName": "datasetContactEmail", "multiple": false, "typeClass": "primitive", "value": "kmvogel@ncsu.edu"}}]}, {"typeName": "dsDescription", "multiple": true, "typeClass": "compound", "value": [{"dsDescriptionValue": {"typeName": "dsDescriptionValue", "multiple": false, "typeClass": "primitive", "value": "The Laboratory for Analytic Sciences (LAS) is a long-term, collaborative, classified and unclassified research enterprise involving government, academia, and industry partners. It is  funded by the National Security Agency (NSA) and housed on North Carolina State University\u2019s  campus. LAS organizes interdisciplinary research on the science of big data analytics and  intelligence analysis that will advance NSA\u2019s abilities to collect, understand, and interpret  foreign communications, radar, and other electronic systems to protect against U.S. national  security threats. The kind and scope of interdisciplinary work that LAS is creating is ambitious  and unprecedented and may revolutionize the way intelligence collection and analysis is  conducted. This setting provides an opportune moment to study first-hand interdisciplinary knowledge production in intelligence as an unfolding natural experiment---in which personnel, projects, management decisions, team structures, and resources are changing over time.  Based  on lessons learned, this research model could be optimized and replicated elsewhere for  intelligence or for other interdisciplinary S&T collaborations. This paper will discuss both the  opportunities and challenges in establishing LAS at NC State and what is learned about interdisciplinary knowledge production through this real-time experiment."}}]}, {"typeName": "subject", "multiple": true, "typeClass": "controlledVocabulary", "value": ["Engineering", "Social Sciences"]}, {"typeName": "contributor", "multiple": true, "typeClass": "compound", "value": [{"contributorName": {"typeName": "contributorName", "multiple": false, "typeClass": "primitive", "value": "Adams"}}, {"contributorName": {"typeName": "contributorName", "multiple": false, "typeClass": "primitive", "value": "Davis"}}, {"contributorName": {"typeName": "contributorName", "multiple": false, "typeClass": "primitive", "value": "Evans"}}, {"contributorName": {"typeName": "contributorName", "multiple": false, "typeClass": "primitive", "value": "Hooper"}}, {"contributorName": {"typeName": "contributorName", "multiple": false, "typeClass": "primitive", "value": "Katz"}}, {"contributorName": {"typeName": "contributorName", "multiple": false, "typeClass": "primitive", "value": "Jameson"}}, {"contributorName": {"typeName": "contributorName", "multiple": false, "typeClass": "primitive", "value": "Joines"}}, {"contributorName": {"typeName": "contributorName", "multiple": false, "typeClass": "primitive", "value": "Littlejohn"}}, {"contributorName": {"typeName": "contributorName", "multiple": false, "typeClass": "primitive", "value": "McConnaghy"}}, {"contributorName": {"typeName": "contributorName", "multiple": false, "typeClass": "primitive", "value": "Rendon"}}, {"contributorName": {"typeName": "contributorName", "multiple": false, "typeClass": "primitive", "value": "Tyler"}}]}, {"typeName": "depositor", "multiple": false, "typeClass": "primitive", "value": "Admin, Dataverse"}, {"typeName": "dateOfDeposit", "multiple": false, "typeClass": "primitive", "value": "2016-06-09"}]}, "las": {"displayName": "LAS Metadata", "fields": [{"typeName": "LASkeywords", "multiple": true, "typeClass": "primitive", "value": ["TBD"]}, {"typeName": "LASdateAdded", "multiple": false, "typeClass": "primitive", "value": "2016-06-09"}, {"typeName": "LASitemType", "multiple": false, "typeClass": "controlledVocabulary", "value": "Report"}, {"typeName": "LASdateUpdated", "multiple": false, "typeClass": "primitive", "value": "2016-06-09"}]}}}, "global_entity_id": 1263}