{"data": {"id": 169, "versionState": "DRAFT", "productionDate": "Production Date", "lastUpdateTime": "2018-03-27T01:31:30Z", "createTime": "2016-06-09T17:56:32Z", "license": "CC0", "termsOfUse": "CC0 Waiver", "metadataBlocks": {"citation": {"displayName": "Citation Metadata", "fields": [{"typeName": "title", "multiple": false, "typeClass": "primitive", "value": "Data Readiness Level"}, {"typeName": "author", "multiple": true, "typeClass": "compound", "value": [{"authorName": {"typeName": "authorName", "multiple": false, "typeClass": "primitive", "value": "Wilson, Alyson"}, "authorAffiliation": {"typeName": "authorAffiliation", "multiple": false, "typeClass": "primitive", "value": "NC State"}}]}, {"typeName": "datasetContact", "multiple": true, "typeClass": "compound", "value": [{"datasetContactName": {"typeName": "datasetContactName", "multiple": false, "typeClass": "primitive", "value": "Wilson, Alyson"}, "datasetContactAffiliation": {"typeName": "datasetContactAffiliation", "multiple": false, "typeClass": "primitive", "value": "NC State"}, "datasetContactEmail": {"typeName": "datasetContactEmail", "multiple": false, "typeClass": "primitive", "value": "agwilso2@ncsu.edu"}}]}, {"typeName": "dsDescription", "multiple": true, "typeClass": "compound", "value": [{"dsDescriptionValue": {"typeName": "dsDescriptionValue", "multiple": false, "typeClass": "primitive", "value": "The Data Readiness Level (DRL) is a quantitative measure of the value of data at a given point in an analysis. The DRL changes as the analysis moves through successive phases. For example, analysts may need to answer a question given incomplete or incorrect data; DRL can measure the confidence that the data is \u201cgood enough\u201d for the present purpose. Metrics are required to systematically choose analytic tools and additional data sources for purposes such as resource allocation, cost-benefit analysis, or risk analysis. Common metrics include time, money, and human capital; DRL formalizes the idea of measuring the \u201cvalue of the data\u201d at a given point in time."}, "dsDescriptionDate": {"typeName": "dsDescriptionDate", "multiple": false, "typeClass": "primitive", "value": "2014-12-31"}}]}, {"typeName": "subject", "multiple": true, "typeClass": "controlledVocabulary", "value": ["Business and Management", "Computer and Information Science", "Engineering", "Other"]}, {"typeName": "contributor", "multiple": true, "typeClass": "compound", "value": [{"contributorName": {"typeName": "contributorName", "multiple": false, "typeClass": "primitive", "value": "Krim"}}, {"contributorName": {"typeName": "contributorName", "multiple": false, "typeClass": "primitive", "value": "Hammond"}}, {"contributorName": {"typeName": "contributorName", "multiple": false, "typeClass": "primitive", "value": "Doyle"}}, {"contributorName": {"typeName": "contributorName", "multiple": false, "typeClass": "primitive", "value": "Chirkova"}}]}, {"typeName": "depositor", "multiple": false, "typeClass": "primitive", "value": "Admin, Dataverse"}, {"typeName": "dateOfDeposit", "multiple": false, "typeClass": "primitive", "value": "2016-06-09"}]}, "las": {"displayName": "LAS Metadata", "fields": [{"typeName": "LASkeywords", "multiple": true, "typeClass": "primitive", "value": ["DO2", "DRL2", "GR2", "AW1", "A9", "R26", "RC1", "LD1", "JD1", "RH1", "HK1", "SL1", "JL1"]}, {"typeName": "LASitemType", "multiple": false, "typeClass": "controlledVocabulary", "value": "Report"}, {"typeName": "LASdateAdded", "multiple": false, "typeClass": "primitive", "value": "2016-06-09"}, {"typeName": "LASdateUpdated", "multiple": false, "typeClass": "primitive", "value": "2016-06-09"}]}}}, "global_entity_id": 1265}