{"data": {"id": 173, "versionState": "DRAFT", "productionDate": "Production Date", "lastUpdateTime": "2017-01-09T15:39:37Z", "createTime": "2016-06-09T18:01:17Z", "license": "CC0", "termsOfUse": "CC0 Waiver", "metadataBlocks": {"citation": {"displayName": "Citation Metadata", "fields": [{"typeName": "title", "multiple": false, "typeClass": "primitive", "value": "Enhanced \u2013 Analysis of Competing Hypotheses Tradecraft"}, {"typeName": "author", "multiple": true, "typeClass": "compound", "value": [{"authorName": {"typeName": "authorName", "multiple": false, "typeClass": "primitive", "value": "Elm, William"}, "authorAffiliation": {"typeName": "authorAffiliation", "multiple": false, "typeClass": "primitive", "value": "Resilient Cognitive Solutions"}}]}, {"typeName": "datasetContact", "multiple": true, "typeClass": "compound", "value": [{"datasetContactName": {"typeName": "datasetContactName", "multiple": false, "typeClass": "primitive", "value": "Elm, William"}, "datasetContactAffiliation": {"typeName": "datasetContactAffiliation", "multiple": false, "typeClass": "primitive", "value": "Dataverse.org"}, "datasetContactEmail": {"typeName": "datasetContactEmail", "multiple": false, "typeClass": "primitive", "value": "welm@resilientcognitivesolutions.com"}}]}, {"typeName": "dsDescription", "multiple": true, "typeClass": "compound", "value": [{"dsDescriptionValue": {"typeName": "dsDescriptionValue", "multiple": false, "typeClass": "primitive", "value": "Following the mantra of LAS -Technology Enabled Tradecraft - a key implied task of the prototype development effort was the parallel evolution of its companion tradecraft. Just as the prototype was developed using a decision centered design process, the associated structured tradecraft was developed from the same decision centered analysis. The result is a uniquely decision centered tradecraft supported by a NextGen user experience.  Fundamental to the Applied Cognitive Systems Engineering process used to design the decision support of BEAST v1.0 prototype is the Cognitive Work Analysis of the user. As part of this process, various tradecraft descriptions were used as Knowledge Elicitation sources, with Heuer\u2019s 1999 book being one of the seminal sources. The procedural solution prescribed by Analysis of\r\nCompeting Hypotheses (ACH) was \u201cdeconstructed\u201d from the perspective of \u201cRule Based Behavior\u201d (from Rasmussen\u2019s (Rasmussen, 1986) discussion of Skill, Rule, and Knowledge based classes of decision making). Similarly, the underlying issues Heuer was trying to address with ACH (various cognitive biases, analyst self awareness, etc.) were considered with respect to various CSE Patterns and Lessons Learned over decades of applied CSE research. The result is a holistic analysis of both underlying problems and structured tradecraft procedural solutions, translated into modern interpretation: Enhanced-ACH (E-ACH) supported by the NextGen capabilities of the BEAST prototype analyst\u2019s environment. E-ACH replaces portions of Heuer\u2019s ACH with patterns of behavior proven to address the underlying needs with robust, effective decision-making by the combined Joint Cognitive System of Analyst and supporting workspace technologies. Some key aspects of the improvements:\r\n\r\n\u2022 Opportunistic Tradecraft: E-ACH allows the analyst the freedom to dynamically\r\nselect from the full set of possible next analytic steps to maximize the value toward a\r\nsolution, while providing the necessary Observability for the resulting combination of\r\nsteps to achieve the balanced, self-reinforcing overall combination of steps in the\r\noverall solution. Replacing the brittleness of sequential procedures with analyst\r\ndriven dynamism.\r\n\r\n\u2022 Technology Enabled Broadening Support: Cognitive Systems Engineering research\r\nhas shown the majority of pressures \u2018in the wild\u2019 result in excessive or ill timed\r\nnarrowing (see Premature Closure). E-ACH employs the processing power of the\r\nsupporting technologies to provide extensive Broadening support to counterbalance\r\nthe existing narrowing pressures.\r\n\r\n\u2022 Observability: Observability is one core characteristic of effective Decision Support\r\nSystems. E-ACH considers the improved trust, confidence, and self awareness that\r\ncomes from incorporating observability of critical data, analytic processing and automation, and decision-making processes (i.e. tradecraft).\r\n\r\n\u2022 Triage Support: Employing advanced methods of supporting Triage (focused selection) as a key element of dealing with Overload (Data Overload, Hypothesis\r\nOverload, Evidence Overload, etc.).\r\n\r\n\u2022 Coordinated Multi-Variable Perspectives: For complex situations, coordinated\r\nmulti-perspective displays have proven remarkably effective for robust, holistic\r\ndecision-making by eliminating the artificial sequencing, ranking, or dimensional\r\nscoring of dissimilar dimensions.\r\n\r\n\u2022 Meta-Analytic Tradecraft: A recent breakthrough in analysis operating on the output of multiple data analytics has shown remarkable potential for a new type of analytic tradecraft that is well suited for technology assisted cognitive work in Big Data situations.\r\n\r\nFundamental to E-ACH and its companion technology support in the BEAST v1.0 prototype is the realization that such innovative leaps must be validated. During this effort, concepts for the evaluation of the combined Joint Cognitive System (JCS), user employing tradecraft supported by enabling technologies, also evolved from the common cognitive work analysis. The Decision Centered Testing (DCT) approach exploits the same decision analysis as the workspace design and tradecraft modifications to validate the decision-making performance of the JCS. (Descriptions of the newly developed Analyst\u2019s workspace prototype, and the concept for the Decision Centered Testing are described in separate Technical Reports.)\r\n\r\nFuture work will center on extending the capabilities and associated data sets to be directly CyberINT situations, additional event driven dynamics, completion of selection backlog items (both bug fixes and enhancements), as well as new tradecraft and technology support features necessary to cover Use Case2: CyberINT Analysis."}}]}, {"typeName": "subject", "multiple": true, "typeClass": "controlledVocabulary", "value": ["Computer and Information Science", "Engineering", "Social Sciences"]}, {"typeName": "depositor", "multiple": false, "typeClass": "primitive", "value": "Admin, Dataverse"}, {"typeName": "dateOfDeposit", "multiple": false, "typeClass": "primitive", "value": "2016-06-09"}]}, "las": {"displayName": "LAS Metadata", "fields": [{"typeName": "LASkeywords", "multiple": true, "typeClass": "primitive", "value": ["TBD"]}, {"typeName": "LASdateAdded", "multiple": false, "typeClass": "primitive", "value": "2016-06-09"}, {"typeName": "LASitemType", "multiple": false, "typeClass": "controlledVocabulary", "value": "Report"}, {"typeName": "LASdateUpdated", "multiple": false, "typeClass": "primitive", "value": "2016-06-09"}]}}}, "global_entity_id": 1273}