{"data": {"id": 174, "versionState": "DRAFT", "productionDate": "Production Date", "lastUpdateTime": "2017-01-09T15:35:32Z", "createTime": "2016-06-09T18:02:45Z", "license": "CC0", "termsOfUse": "CC0 Waiver", "metadataBlocks": {"citation": {"displayName": "Citation Metadata", "fields": [{"typeName": "title", "multiple": false, "typeClass": "primitive", "value": "Evaluating a Plan-Based Game Engine that Dynamically Modifies World States and Mechanics"}, {"typeName": "author", "multiple": true, "typeClass": "compound", "value": [{"authorName": {"typeName": "authorName", "multiple": false, "typeClass": "primitive", "value": "Robertson, Justus"}, "authorAffiliation": {"typeName": "authorAffiliation", "multiple": false, "typeClass": "primitive", "value": "NCSU"}}]}, {"typeName": "datasetContact", "multiple": true, "typeClass": "compound", "value": [{"datasetContactName": {"typeName": "datasetContactName", "multiple": false, "typeClass": "primitive", "value": "Young, Michael"}, "datasetContactAffiliation": {"typeName": "datasetContactAffiliation", "multiple": false, "typeClass": "primitive", "value": "University of Utah"}, "datasetContactEmail": {"typeName": "datasetContactEmail", "multiple": false, "typeClass": "primitive", "value": "young@eae.utah.edu"}}]}, {"typeName": "dsDescription", "multiple": true, "typeClass": "compound", "value": [{"dsDescriptionValue": {"typeName": "dsDescriptionValue", "multiple": false, "typeClass": "primitive", "value": "The goal of my research is to better mediate between player actions and author constraints in automated, strong story interactive narrative systems by allowing the system to dynamically reconfigure the story world\u2019s history and mechanics without violating what the player has observed during gameplay."}}]}, {"typeName": "subject", "multiple": true, "typeClass": "controlledVocabulary", "value": ["Computer and Information Science", "Engineering"]}, {"typeName": "depositor", "multiple": false, "typeClass": "primitive", "value": "Admin, Dataverse"}, {"typeName": "dateOfDeposit", "multiple": false, "typeClass": "primitive", "value": "2016-06-09"}]}, "las": {"displayName": "LAS Metadata", "fields": [{"typeName": "LASkeywords", "multiple": true, "typeClass": "primitive", "value": ["TBD"]}, {"typeName": "LASitemType", "multiple": false, "typeClass": "controlledVocabulary", "value": "Publication"}, {"typeName": "LASdateAdded", "multiple": false, "typeClass": "primitive", "value": "2016-06-09"}, {"typeName": "LASdateUpdated", "multiple": false, "typeClass": "primitive", "value": "2016-06-09"}, {"typeName": "LASpresentation", "multiple": true, "typeClass": "compound", "value": [{"LASeventName": {"typeName": "LASeventName", "multiple": false, "typeClass": "primitive", "value": "Foundations of Digital Games/DiGRA Conference"}, "LASdatePresented": {"typeName": "LASdatePresented", "multiple": false, "typeClass": "primitive", "value": "2016-05-04"}}]}]}}}, "global_entity_id": 1275}