{"data": {"id": 176, "versionState": "DRAFT", "productionDate": "Production Date", "lastUpdateTime": "2017-01-09T15:32:51Z", "createTime": "2016-06-09T18:05:03Z", "license": "CC0", "termsOfUse": "CC0 Waiver", "metadataBlocks": {"citation": {"displayName": "Citation Metadata", "fields": [{"typeName": "title", "multiple": false, "typeClass": "primitive", "value": "Event Sequence Alignment Clustering ESAC"}, {"typeName": "author", "multiple": true, "typeClass": "compound", "value": [{"authorName": {"typeName": "authorName", "multiple": false, "typeClass": "primitive", "value": "Argenta, Chris"}, "authorAffiliation": {"typeName": "authorAffiliation", "multiple": false, "typeClass": "primitive", "value": "Applied Research Associates"}}]}, {"typeName": "datasetContact", "multiple": true, "typeClass": "compound", "value": [{"datasetContactName": {"typeName": "datasetContactName", "multiple": false, "typeClass": "primitive", "value": "Argenta, Chris"}, "datasetContactAffiliation": {"typeName": "datasetContactAffiliation", "multiple": false, "typeClass": "primitive", "value": "Dataverse.org"}, "datasetContactEmail": {"typeName": "datasetContactEmail", "multiple": false, "typeClass": "primitive", "value": "cargenta@ara.com "}}]}, {"typeName": "dsDescription", "multiple": true, "typeClass": "compound", "value": [{"dsDescriptionValue": {"typeName": "dsDescriptionValue", "multiple": false, "typeClass": "primitive", "value": "Log data consists of events observed over time, with each event in consisting of some indicator of event type, a timestamp, and relevant values. Logs are used to provide a persistent record of transient events and relevant state data within a system. analysis of log data often includes counting events of some type (e.g. how many times something occurred within some period of time) and manual forensic review (e.g. walking through of events before a problematic event, to understand the situation and behaviors leading up to and perhaps causing the event). Event Sequence Alignment Clustering (ESAC) is unique because it automates the process of comparing logs to each other and grouping them by the similarity of the temporal ordering of their relevant events. ESAC accomplishes this by performing k-medoid clustering of logs based on the global alignment of the key events."}}]}, {"typeName": "subject", "multiple": true, "typeClass": "controlledVocabulary", "value": ["Computer and Information Science", "Engineering"]}, {"typeName": "depositor", "multiple": false, "typeClass": "primitive", "value": "Admin, Dataverse"}, {"typeName": "dateOfDeposit", "multiple": false, "typeClass": "primitive", "value": "2016-06-09"}]}, "las": {"displayName": "LAS Metadata", "fields": [{"typeName": "LASkeywords", "multiple": true, "typeClass": "primitive", "value": ["TBD"]}, {"typeName": "LASdateAdded", "multiple": false, "typeClass": "primitive", "value": "2016-06-09"}, {"typeName": "LASitemType", "multiple": false, "typeClass": "controlledVocabulary", "value": "Report"}, {"typeName": "LASdateUpdated", "multiple": false, "typeClass": "primitive", "value": "2016-06-09"}]}}}, "global_entity_id": 1278}