{"data": {"id": 177, "versionState": "DRAFT", "productionDate": "Production Date", "lastUpdateTime": "2017-01-09T15:30:42Z", "createTime": "2016-06-09T18:06:03Z", "license": "CC0", "termsOfUse": "CC0 Waiver", "metadataBlocks": {"citation": {"displayName": "Citation Metadata", "fields": [{"typeName": "title", "multiple": false, "typeClass": "primitive", "value": "Experience Directory: Phase 1 Final Report for Recommender Prototype"}, {"typeName": "author", "multiple": true, "typeClass": "compound", "value": [{"authorName": {"typeName": "authorName", "multiple": false, "typeClass": "primitive", "value": "Aparicio, Manuel"}, "authorAffiliation": {"typeName": "authorAffiliation", "multiple": false, "typeClass": "primitive", "value": "Saffron Technology"}}]}, {"typeName": "datasetContact", "multiple": true, "typeClass": "compound", "value": [{"datasetContactName": {"typeName": "datasetContactName", "multiple": false, "typeClass": "primitive", "value": "Aparicio, Manuel"}, "datasetContactAffiliation": {"typeName": "datasetContactAffiliation", "multiple": false, "typeClass": "primitive", "value": "Dataverse.org"}, "datasetContactEmail": {"typeName": "datasetContactEmail", "multiple": false, "typeClass": "primitive", "value": "manuel.aparicio@intel.com "}}]}, {"typeName": "dsDescription", "multiple": true, "typeClass": "compound", "value": [{"dsDescriptionValue": {"typeName": "dsDescriptionValue", "multiple": false, "typeClass": "primitive", "value": "The overall purpose of this project is to save analysts\u2019 time through effective and insightful prediction of interesting or useful items (data, processes, other experts) in a large data space. The project and its deliverables have been planned as three phases, roughly mapping to the R.O.I dimensions defined by LAS:\r\n\r\n\u2022 Reflect: Reuse collective expert experiences from the past\r\n\u2022 Observe: Alert to personalized definitions of what is \u201cnew and interesting\u201d\r\n\u2022 Imagine: Personalized watch for emergence of hypothesized future trends\r\n\r\nAcross these three phases, the recommendation system will provide collaborative sharing, personalization, and anticipatory services to LAS and its other initiatives.\r\nThis final report concludes Phase 1, focused on collaborative sharing. As will be described, the first prototype is cast as an Experience Directory of what users have been done previously -- and done by whom -- when a user is faced with a new situation. Implementation details are documented as attached appendices, also delivered along with source code to LAS and its other initiatives. The report below\r\nprovides technical background, design philosophy, and general overview of the project\u2019s goals and results along with next steps."}}]}, {"typeName": "subject", "multiple": true, "typeClass": "controlledVocabulary", "value": ["Computer and Information Science", "Engineering"]}, {"typeName": "depositor", "multiple": false, "typeClass": "primitive", "value": "Admin, Dataverse"}, {"typeName": "dateOfDeposit", "multiple": false, "typeClass": "primitive", "value": "2016-06-09"}]}, "las": {"displayName": "LAS Metadata", "fields": [{"typeName": "LASkeywords", "multiple": true, "typeClass": "primitive", "value": ["TBD"]}, {"typeName": "LASitemType", "multiple": false, "typeClass": "controlledVocabulary", "value": "Report"}, {"typeName": "LASdateAdded", "multiple": false, "typeClass": "primitive", "value": "2016-06-09"}, {"typeName": "LASdateUpdated", "multiple": false, "typeClass": "primitive", "value": "2016-06-09"}]}}}, "global_entity_id": 1280}