{"data": {"id": 182, "versionState": "DRAFT", "productionDate": "Production Date", "lastUpdateTime": "2017-01-09T15:19:36Z", "createTime": "2016-06-09T18:10:55Z", "license": "CC0", "termsOfUse": "CC0 Waiver", "metadataBlocks": {"citation": {"displayName": "Citation Metadata", "fields": [{"typeName": "title", "multiple": false, "typeClass": "primitive", "value": "Framing Acts, Outcomes, and Contingencies in the Intelligence Process"}, {"typeName": "author", "multiple": true, "typeClass": "compound", "value": [{"authorName": {"typeName": "authorName", "multiple": false, "typeClass": "primitive", "value": "Boettcher, William A"}, "authorAffiliation": {"typeName": "authorAffiliation", "multiple": false, "typeClass": "primitive", "value": "TBD"}}, {"authorName": {"typeName": "authorName", "multiple": false, "typeClass": "primitive", "value": "Cobb, Michael D"}}]}, {"typeName": "datasetContact", "multiple": true, "typeClass": "compound", "value": [{"datasetContactName": {"typeName": "datasetContactName", "multiple": false, "typeClass": "primitive", "value": "Admin, Dataverse"}, "datasetContactAffiliation": {"typeName": "datasetContactAffiliation", "multiple": false, "typeClass": "primitive", "value": "Dataverse.org"}, "datasetContactEmail": {"typeName": "datasetContactEmail", "multiple": false, "typeClass": "primitive", "value": "dataverse@mailinator.com"}}]}, {"typeName": "dsDescription", "multiple": true, "typeClass": "compound", "value": [{"dsDescriptionValue": {"typeName": "dsDescriptionValue", "multiple": false, "typeClass": "primitive", "value": "Prospect theoretic explanations of foreign policy decision making have generally focused on the framing of outcomes by policymakers. Little attention has been paid to the framing of acts (diplomacy, military intervention, economic sanctions) or contingencies (the probabilities associated with various courses of action), as originally envisioned by Kahneman and Tversky (1979). Here we take an initial step towards examining the framing of contingencies by collecting data about individuals\u2019 numerical estimates of verbal probabilities and vice-versa, including ranges of estimates not just point placements. We also measured study participants\u2019 logical reasoning skills to identify high-scorers as proxies for intelligence analysts, to compare\r\nlay public and experts understanding of probabilities. Clearly, the public does not view the seven commonly used verbal statements of probabilities as an ordinal scale, although our \u201canalysts\u2019\u201d estimates come very close. Our next study will draw upon these probability estimates to explore the impact of alternative forms of contingency framing (calculated risk vs. gamble) on the interpretation of intelligence assessments."}}]}, {"typeName": "subject", "multiple": true, "typeClass": "controlledVocabulary", "value": ["Social Sciences"]}, {"typeName": "depositor", "multiple": false, "typeClass": "primitive", "value": "Admin, Dataverse"}, {"typeName": "dateOfDeposit", "multiple": false, "typeClass": "primitive", "value": "2016-06-09"}]}, "las": {"displayName": "LAS Metadata", "fields": [{"typeName": "LASkeywords", "multiple": true, "typeClass": "primitive", "value": ["TBD"]}, {"typeName": "LASitemType", "multiple": false, "typeClass": "controlledVocabulary", "value": "Report"}, {"typeName": "LASdateAdded", "multiple": false, "typeClass": "primitive", "value": "2016-06-09"}, {"typeName": "LASdateUpdated", "multiple": false, "typeClass": "primitive", "value": "2016-06-09"}]}}}, "global_entity_id": 1290}