{"data": {"id": 185, "versionState": "DRAFT", "productionDate": "Production Date", "lastUpdateTime": "2018-03-27T01:38:58Z", "createTime": "2016-06-09T18:14:06Z", "license": "CC0", "termsOfUse": "CC0 Waiver", "metadataBlocks": {"citation": {"displayName": "Citation Metadata", "fields": [{"typeName": "title", "multiple": false, "typeClass": "primitive", "value": "Future States Processing"}, {"typeName": "author", "multiple": true, "typeClass": "compound", "value": [{"authorName": {"typeName": "authorName", "multiple": false, "typeClass": "primitive", "value": "Wilson, Alyson"}, "authorAffiliation": {"typeName": "authorAffiliation", "multiple": false, "typeClass": "primitive", "value": "NC State"}}, {"authorName": {"typeName": "authorName", "multiple": false, "typeClass": "primitive", "value": "Dinger, Tim"}, "authorAffiliation": {"typeName": "authorAffiliation", "multiple": false, "typeClass": "primitive", "value": "IBM"}}]}, {"typeName": "datasetContact", "multiple": true, "typeClass": "compound", "value": [{"datasetContactName": {"typeName": "datasetContactName", "multiple": false, "typeClass": "primitive", "value": "Wilson, Alyson"}, "datasetContactAffiliation": {"typeName": "datasetContactAffiliation", "multiple": false, "typeClass": "primitive", "value": "NC State"}, "datasetContactEmail": {"typeName": "datasetContactEmail", "multiple": false, "typeClass": "primitive", "value": "agwilso2@ncsu.edu"}}]}, {"typeName": "dsDescription", "multiple": true, "typeClass": "compound", "value": [{"dsDescriptionValue": {"typeName": "dsDescriptionValue", "multiple": false, "typeClass": "primitive", "value": "The goal of Future State Processing is to develop an infrastructure where Plans and Activities are detected, analyzed for Intent Recognition and behavior prediction. These are to subsequently be instrumental in outcome prediction capabilities for accurate and efficient reasoning about a complex network of hypotheses aimed at exploring the likelihood of occurrence of real-world future state scenarios.\r\n\r\nAn analyst, assumed to have access to and/or a privilege of invoking sources of information, is viewed as the person in the loop (PIL) in exploring postulated questions about the future, given the history of the recent present of related events. These events may range over a wide granularity from very fine or focused scale such as individual people, bank accounts, vehicles, missiles, etc., to very coarse features such as networks, communities etc., and also include abstract features such as situational appraisals, break out of a major revolution, game changing business deals, etc.\r\n\r\nThe diversity of data modalities together with direct accessibility to information (i.e. direct observability of features), are but a few of the complex challenges that this research effort will pursue and endeavor to resolve. FSP being a sequential feed-back process, which exploits many of the inferential and support processes such as DRL, NP etc., will be based on an interactive engine. This engine allows an analyst the \u201cultimate\u201d decision of qualifying a \u201cfuture\u201d decision, and/or of possibly further prospecting a given question about the future. This pursuit may be accomplished by seeking alternative hypotheses, further information, and/or by using the acceptability level of a prediction to formulate new questions.\r\n\r\nWhat is emerging is a promising path towards accomplishing the goals of FSP; a measurably consistent choice of information, with an associated set of analytics, followed by a verifiably coherent sequence of questions for multiple hypotheses testing. FSP, as a new problem-solving perspective offers a foundation or set of tools, which can be swiftly and collaboratively repurposed as fresh challenges emerge: detecting and modeling the members of a new social movement and their behaviors, understanding the emergence of a new technology, or understanding the behavior of competitors in a commercial sector for game-changing business intelligence applications."}, "dsDescriptionDate": {"typeName": "dsDescriptionDate", "multiple": false, "typeClass": "primitive", "value": "2014-12-31"}}]}, {"typeName": "subject", "multiple": true, "typeClass": "controlledVocabulary", "value": ["Computer and Information Science", "Engineering"]}, {"typeName": "depositor", "multiple": false, "typeClass": "primitive", "value": "Admin, Dataverse"}, {"typeName": "dateOfDeposit", "multiple": false, "typeClass": "primitive", "value": "2016-06-09"}]}, "las": {"displayName": "LAS Metadata", "fields": [{"typeName": "LASkeywords", "multiple": true, "typeClass": "primitive", "value": ["DO2", "FSP2", "LC1", "TD1", "JH2", "HK1", "AK2", "SL1", "NS1", "JS2", "LW1", "AW1", "A11", "A12", "A13", "A14", "A15", "A16", "R23"]}, {"typeName": "LASitemType", "multiple": false, "typeClass": "controlledVocabulary", "value": "Report"}, {"typeName": "LASdateAdded", "multiple": false, "typeClass": "primitive", "value": "2016-06-09"}, {"typeName": "LASdateUpdated", "multiple": false, "typeClass": "primitive", "value": "2016-06-09"}]}}}, "global_entity_id": 1296}