{"data": {"id": 190, "versionState": "DRAFT", "productionDate": "Production Date", "lastUpdateTime": "2017-01-04T22:17:42Z", "createTime": "2016-06-09T18:21:08Z", "license": "CC0", "termsOfUse": "CC0 Waiver", "metadataBlocks": {"citation": {"displayName": "Citation Metadata", "fields": [{"typeName": "title", "multiple": false, "typeClass": "primitive", "value": "Half-Measures: Excel tool use"}, {"typeName": "author", "multiple": true, "typeClass": "compound", "value": [{"authorName": {"typeName": "authorName", "multiple": false, "typeClass": "primitive", "value": "Pandita, Rahul"}, "authorAffiliation": {"typeName": "authorAffiliation", "multiple": false, "typeClass": "primitive", "value": "Dataverse.org"}}, {"authorName": {"typeName": "authorName", "multiple": false, "typeClass": "primitive", "value": "Parnin, Chris"}}, {"authorName": {"typeName": "authorName", "multiple": false, "typeClass": "primitive", "value": "Murphy-Hill, Emerson"}}]}, {"typeName": "datasetContact", "multiple": true, "typeClass": "compound", "value": [{"datasetContactName": {"typeName": "datasetContactName", "multiple": false, "typeClass": "primitive", "value": "Admin, Dataverse"}, "datasetContactAffiliation": {"typeName": "datasetContactAffiliation", "multiple": false, "typeClass": "primitive", "value": "Dataverse.org"}, "datasetContactEmail": {"typeName": "datasetContactEmail", "multiple": false, "typeClass": "primitive", "value": "dataverse@mailinator.com"}}]}, {"typeName": "dsDescription", "multiple": true, "typeClass": "compound", "value": [{"dsDescriptionValue": {"typeName": "dsDescriptionValue", "multiple": false, "typeClass": "primitive", "value": "Software tools should support efficient and error-free work. However people can select ineffective tools or decide to forgo their use entirely (because of poor design or perceived effort). Overall, the impact of tools and the resulting outcome on\r\nend-user programming tasks is not well-understood. This paper investigates how spreadsheet users interact with Excel in order to determine whether tool use predicts task success. We record and analyze how 111 end-user programmers solve common data analysis tasks, and determine whether they manually performed the task or used specific tools. From the study, we observed that tool users performed slower but more accurately than manual users. The slower completion time for primarily resulted\r\nfrom some users spending significant time trying to retrofit suboptimal tools when more efficient choices existed. Errors often resulted with any introduction of manual operations. Based on these results, we can improve recommendations and designs for\r\nSpreadsheet users."}}]}, {"typeName": "subject", "multiple": true, "typeClass": "controlledVocabulary", "value": ["Other"]}, {"typeName": "depositor", "multiple": false, "typeClass": "primitive", "value": "Admin, Dataverse"}, {"typeName": "dateOfDeposit", "multiple": false, "typeClass": "primitive", "value": "2016-06-09"}]}, "las": {"displayName": "LAS Metadata", "fields": [{"typeName": "LASkeywords", "multiple": true, "typeClass": "primitive", "value": ["TBD"]}, {"typeName": "LASitemType", "multiple": false, "typeClass": "controlledVocabulary", "value": "Report"}, {"typeName": "LASdateAdded", "multiple": false, "typeClass": "primitive", "value": "2016-06-09"}, {"typeName": "LASdateUpdated", "multiple": false, "typeClass": "primitive", "value": "2016-06-09"}]}}}, "global_entity_id": 1306}