{"data": {"id": 202, "versionState": "DRAFT", "productionDate": "Production Date", "lastUpdateTime": "2017-01-27T19:46:43Z", "createTime": "2016-06-10T17:12:06Z", "license": "CC0", "termsOfUse": "CC0 Waiver", "metadataBlocks": {"citation": {"displayName": "Citation Metadata", "fields": [{"typeName": "title", "multiple": false, "typeClass": "primitive", "value": "LAS Instrumentation"}, {"typeName": "author", "multiple": true, "typeClass": "compound", "value": [{"authorName": {"typeName": "authorName", "multiple": false, "typeClass": "primitive", "value": "TBD"}, "authorAffiliation": {"typeName": "authorAffiliation", "multiple": false, "typeClass": "primitive", "value": "Dataverse.org"}}]}, {"typeName": "datasetContact", "multiple": true, "typeClass": "compound", "value": [{"datasetContactName": {"typeName": "datasetContactName", "multiple": false, "typeClass": "primitive", "value": "Admin, Dataverse"}, "datasetContactAffiliation": {"typeName": "datasetContactAffiliation", "multiple": false, "typeClass": "primitive", "value": "Dataverse.org"}, "datasetContactEmail": {"typeName": "datasetContactEmail", "multiple": false, "typeClass": "primitive", "value": "dataverse@mailinator.com"}}]}, {"typeName": "dsDescription", "multiple": true, "typeClass": "compound", "value": [{"dsDescriptionValue": {"typeName": "dsDescriptionValue", "multiple": false, "typeClass": "primitive", "value": "Instrumentation\u2019s challenge is to develop a platform that increases insight into tradecraft while enriching its practice and optimizing resource consumption. Recent developments in resource optimization, isolation and scheduling of data center assets allow enterprises to manage orders of magnitude more computational power with increased productivity. New analytics platforms display similar order of magnitude scale performance increases while synthesizing prior approaches into more manageable environments. Internet applications are experiencing a flowering of interactivity including generally available bi-directional communication and emerging peer-to-peer real-time communication. Meanwhile, intelligence analysis is increasingly complex and opaque. Tradecraft lacks models, tools, methods, and best practices for observing, comprehending, anticipating, and dynamically altering the intelligence production pipeline. Meeting the challenge requires a platform to help analysts render tradecraft transparent and analyzable in a technical context with unprecedented efficiency, self-management and healing characteristics."}}]}, {"typeName": "subject", "multiple": true, "typeClass": "controlledVocabulary", "value": ["Computer and Information Science", "Engineering"]}, {"typeName": "depositor", "multiple": false, "typeClass": "primitive", "value": "Admin, Dataverse"}, {"typeName": "dateOfDeposit", "multiple": false, "typeClass": "primitive", "value": "2016-06-10"}]}, "las": {"displayName": "LAS Metadata", "fields": [{"typeName": "LASkeywords", "multiple": true, "typeClass": "primitive", "value": ["DO2", "INS2", "A17", "R12", "SC1", "MS1"]}, {"typeName": "LASitemType", "multiple": false, "typeClass": "controlledVocabulary", "value": "Report"}, {"typeName": "LASdateAdded", "multiple": false, "typeClass": "primitive", "value": "2016-06-10"}, {"typeName": "LASdateUpdated", "multiple": false, "typeClass": "primitive", "value": "2017-01-27"}, {"typeName": "LASdistributionURL", "multiple": false, "typeClass": "primitive", "value": "https://drive.google.com/a/ncsu.edu/file/d/0BzDPf9g8B1iUam5tb1FCQm9xN28/view?usp=sharing"}]}}}, "global_entity_id": 1330}