{"data": {"id": 210, "versionState": "DRAFT", "productionDate": "Production Date", "lastUpdateTime": "2017-01-04T21:35:30Z", "createTime": "2016-06-10T17:23:29Z", "license": "CC0", "termsOfUse": "CC0 Waiver", "metadataBlocks": {"citation": {"displayName": "Citation Metadata", "fields": [{"typeName": "title", "multiple": false, "typeClass": "primitive", "value": "Narrative for Sensemaking (N4S)"}, {"typeName": "author", "multiple": true, "typeClass": "compound", "value": [{"authorName": {"typeName": "authorName", "multiple": false, "typeClass": "primitive", "value": "Barot, Camille"}, "authorAffiliation": {"typeName": "authorAffiliation", "multiple": false, "typeClass": "primitive", "value": "Dataverse.org"}}]}, {"typeName": "datasetContact", "multiple": true, "typeClass": "compound", "value": [{"datasetContactName": {"typeName": "datasetContactName", "multiple": false, "typeClass": "primitive", "value": "Young, Michael"}, "datasetContactAffiliation": {"typeName": "datasetContactAffiliation", "multiple": false, "typeClass": "primitive", "value": "University of Utah"}, "datasetContactEmail": {"typeName": "datasetContactEmail", "multiple": false, "typeClass": "primitive", "value": "young@eae.utah.edu"}}]}, {"typeName": "dsDescription", "multiple": true, "typeClass": "compound", "value": [{"dsDescriptionValue": {"typeName": "dsDescriptionValue", "multiple": false, "typeClass": "primitive", "value": "Develop a general narrative processing architecture in support\r\nof grand challenge-level problems for LAS\r\n\r\nDevelop a computational model of narrative capable of supporting an \r\nanalyst\u2019s sensemaking efforts across tasks that include:\r\nsummarization, prediction, explanation, exploration and authoring\r\n\r\nSupport all three LAS functional goals: \r\n\r\nReflection, Observation, Imagination\r\n\r\nIntegrate a multi-disciplinary approach:\r\n\r\nhumanist/scientist, tradecraft/technology"}}]}, {"typeName": "subject", "multiple": true, "typeClass": "controlledVocabulary", "value": ["Other"]}, {"typeName": "notesText", "multiple": false, "typeClass": "primitive", "value": "The original file uploaded with this record was David Banks' Modeling \"Community structure and topics in dynamic text networks\" paper.  File has been deleted, but need to find the original, if it exists.  "}, {"typeName": "depositor", "multiple": false, "typeClass": "primitive", "value": "Admin, Dataverse"}, {"typeName": "dateOfDeposit", "multiple": false, "typeClass": "primitive", "value": "2016-06-10"}]}, "las": {"displayName": "LAS Metadata", "fields": [{"typeName": "LASkeywords", "multiple": true, "typeClass": "primitive", "value": ["TBD"]}, {"typeName": "LASitemType", "multiple": false, "typeClass": "controlledVocabulary", "value": "Presentation"}, {"typeName": "LASdateAdded", "multiple": false, "typeClass": "primitive", "value": "2016-06-10"}, {"typeName": "LASdateUpdated", "multiple": false, "typeClass": "primitive", "value": "2016-06-10"}]}}}, "global_entity_id": 1346}