{"data": {"id": 215, "versionState": "DRAFT", "productionDate": "Production Date", "lastUpdateTime": "2017-01-04T21:16:13Z", "createTime": "2016-06-13T16:31:17Z", "license": "CC0", "termsOfUse": "CC0 Waiver", "metadataBlocks": {"citation": {"displayName": "Citation Metadata", "fields": [{"typeName": "title", "multiple": false, "typeClass": "primitive", "value": "Reasoning About Security Requirements"}, {"typeName": "author", "multiple": true, "typeClass": "compound", "value": [{"authorName": {"typeName": "authorName", "multiple": false, "typeClass": "primitive", "value": "Riaz, Maria"}, "authorAffiliation": {"typeName": "authorAffiliation", "multiple": false, "typeClass": "primitive", "value": "Dataverse.org"}}, {"authorName": {"typeName": "authorName", "multiple": false, "typeClass": "primitive", "value": "Williams, Laurie"}}]}, {"typeName": "datasetContact", "multiple": true, "typeClass": "compound", "value": [{"datasetContactName": {"typeName": "datasetContactName", "multiple": false, "typeClass": "primitive", "value": "Admin, Dataverse"}, "datasetContactAffiliation": {"typeName": "datasetContactAffiliation", "multiple": false, "typeClass": "primitive", "value": "Dataverse.org"}, "datasetContactEmail": {"typeName": "datasetContactEmail", "multiple": false, "typeClass": "primitive", "value": "dataverse@mailinator.com"}}]}, {"typeName": "dsDescription", "multiple": true, "typeClass": "compound", "value": [{"dsDescriptionValue": {"typeName": "dsDescriptionValue", "multiple": false, "typeClass": "primitive", "value": "Security requirements provide a foundation for secure software systems. When eliciting security requirements, an analyst should be able to reason if the security requirements are complete and consistent in meeting the security goals of the system. Understanding the security, privacy and compliance implications of functional requirements, in addition to the explicitly stated security requirements, can provide a comprehensive view of the security goals of the system and assist in reasoning about its security requirements. The objective of this research is to enable requirements\r\nanalysts to reason about completeness and consistency of security requirements of a software system by providing a framework for i) creating a formal model conceptualizing security goals of software systems; and ii) specifying security implications of functional requirements as formal rules that can be checked for\r\ncompleteness and consistency against the security model. In prior work, we have developed a tool-assisted process for identifying security requirements implied by natural language requirements artifacts. To complement our process, we provide a framework for representing security requirements as formal rules and reasoning about completeness and consistency of these requirements against a set of formalized security goals. We also outline a plan for application and evaluation of our framework."}}]}, {"typeName": "subject", "multiple": true, "typeClass": "controlledVocabulary", "value": ["Other"]}, {"typeName": "depositor", "multiple": false, "typeClass": "primitive", "value": "Admin, Dataverse"}, {"typeName": "dateOfDeposit", "multiple": false, "typeClass": "primitive", "value": "2016-06-13"}]}, "las": {"displayName": "LAS Metadata", "fields": [{"typeName": "LASkeywords", "multiple": true, "typeClass": "primitive", "value": ["TBD"]}, {"typeName": "LASdateAdded", "multiple": false, "typeClass": "primitive", "value": "2016-06-13"}, {"typeName": "LASitemType", "multiple": false, "typeClass": "controlledVocabulary", "value": "Report"}, {"typeName": "LASdateUpdated", "multiple": false, "typeClass": "primitive", "value": "2016-06-13"}]}}}, "global_entity_id": 1356}