{"data": {"id": 217, "versionState": "DRAFT", "productionDate": "Production Date", "lastUpdateTime": "2017-01-21T19:01:07Z", "createTime": "2016-06-13T16:33:25Z", "license": "CC0", "termsOfUse": "CC0 Waiver", "metadataBlocks": {"citation": {"displayName": "Citation Metadata", "fields": [{"typeName": "title", "multiple": false, "typeClass": "primitive", "value": "Report Phase 1: Observation & Interview"}, {"typeName": "author", "multiple": true, "typeClass": "compound", "value": [{"authorName": {"typeName": "authorName", "multiple": false, "typeClass": "primitive", "value": "Typhina, Eli"}, "authorAffiliation": {"typeName": "authorAffiliation", "multiple": false, "typeClass": "primitive", "value": "NC State"}}]}, {"typeName": "datasetContact", "multiple": true, "typeClass": "compound", "value": [{"datasetContactName": {"typeName": "datasetContactName", "multiple": false, "typeClass": "primitive", "value": "Typhina, Eli"}, "datasetContactAffiliation": {"typeName": "datasetContactAffiliation", "multiple": false, "typeClass": "primitive", "value": "NC State"}, "datasetContactEmail": {"typeName": "datasetContactEmail", "multiple": false, "typeClass": "primitive", "value": "eli.typhina@ncsu.edu"}}]}, {"typeName": "dsDescription", "multiple": true, "typeClass": "compound", "value": [{"dsDescriptionValue": {"typeName": "dsDescriptionValue", "multiple": false, "typeClass": "primitive", "value": "This study aimed to understand how cognitive processes, spatial elements, and technologies affect analysts\u2019 workflow in order to offer suggestions for improved workplace and application design.  \r\n\r\nThrough 5 in\u00ad-depth interviews and observations with a diverse group of analysts, key elements helping and hindering effective workflow emerged.  The cognitive process used by analysts in the field of tradecraft resembles a network of processes that enable analysts to move from micro to macro-understanding of their work and topics.  The type of work environment that hinders workflow is an open floor plan, with pods of 3 and individual work stations fitting cognitive processes best.  Organizational \r\nculture and structure supports analysts\u2019 expertise in tradecraft, however the hierarchical structure makes it difficult for analysts to engage in their best workflow processes.  Technologies used by analysts hinder their natural workflow; limiting an analyst\u2019s ability to control how data is presented, accessed, and validated.  This study points to the need for workplace and computer applications to be designed in a way that assists analysts\u2019 networked cognition, social practices, and the networked data \r\nthey work with."}}]}, {"typeName": "subject", "multiple": true, "typeClass": "controlledVocabulary", "value": ["Social Sciences"]}, {"typeName": "depositor", "multiple": false, "typeClass": "primitive", "value": "Admin, Dataverse"}, {"typeName": "dateOfDeposit", "multiple": false, "typeClass": "primitive", "value": "2016-06-13"}]}, "las": {"displayName": "LAS Metadata", "fields": [{"typeName": "LASkeywords", "multiple": true, "typeClass": "primitive", "value": ["ET1", "DO6", "BA6", "A92", "R173"]}, {"typeName": "LASdateAdded", "multiple": false, "typeClass": "primitive", "value": "2016-06-13"}, {"typeName": "LASitemType", "multiple": false, "typeClass": "controlledVocabulary", "value": "Report"}, {"typeName": "LASdateUpdated", "multiple": false, "typeClass": "primitive", "value": "2016-06-13"}]}}}, "global_entity_id": 1360}