{"data": {"id": 221, "versionState": "DRAFT", "productionDate": "Production Date", "lastUpdateTime": "2017-01-31T18:15:19Z", "createTime": "2016-06-13T16:38:30Z", "license": "CC0", "termsOfUse": "CC0 Waiver", "metadataBlocks": {"citation": {"displayName": "Citation Metadata", "fields": [{"typeName": "title", "multiple": false, "typeClass": "primitive", "value": "Mining Text Networks:  US Political Blogs in 2012"}, {"typeName": "author", "multiple": true, "typeClass": "compound", "value": [{"authorName": {"typeName": "authorName", "multiple": false, "typeClass": "primitive", "value": "Banks, David"}, "authorAffiliation": {"typeName": "authorAffiliation", "multiple": false, "typeClass": "primitive", "value": "Duke University"}}]}, {"typeName": "datasetContact", "multiple": true, "typeClass": "compound", "value": [{"datasetContactName": {"typeName": "datasetContactName", "multiple": false, "typeClass": "primitive", "value": "Banks, David"}, "datasetContactAffiliation": {"typeName": "datasetContactAffiliation", "multiple": false, "typeClass": "primitive", "value": "Duke University"}, "datasetContactEmail": {"typeName": "datasetContactEmail", "multiple": false, "typeClass": "primitive", "value": "banks@stat.duke.edu"}}]}, {"typeName": "dsDescription", "multiple": true, "typeClass": "compound", "value": [{"dsDescriptionValue": {"typeName": "dsDescriptionValue", "multiple": false, "typeClass": "primitive", "value": "Political blogs form a dynamic network of documents. Eah post provides text, and\r\nmany blog posts link to other blog posts, forming a (sparse) network that changes\r\nover time as the discussion evolves.\r\n\r\nOver the last decade there has been a great deal of statistical work on topic modeling,\r\nand substantial work on dynamic network modeling. Blog networks require the\r\ncombination of these tools, since people who link to each other are clearly interested\r\nin the same topic, and people who have similar interests are more likely to link.\r\nSo the network structure should inform topic discovery, and the topics should improve\r\nthe prediction of new links.\r\n\r\nThere are many important text networks, such as the Wikipedia, the Internet, and\r\ncitation databases. But each situation has particularities that require some degree of\r\nindividual modeling.  In our application, the data are all the of 114,611 posts from the top 485 blog sites in the United States, as rated by Technoratic (a prominent Internet site that curates blogs). The data also include time-stamps for the posts and for the 339,914 links between domains.  The goal is to better understand communication patterns and content in the blogosphere. Who speaks to whom, and what do they are about?  The data were scraped by scientists at MaxPoint Interactive, a start-up in the\r\nResearch Triangle that does computational advertising. We also collaborated with\r\nJustin Gross, a political scientist a UNC Chapel Hill."}}]}, {"typeName": "subject", "multiple": true, "typeClass": "controlledVocabulary", "value": ["Computer and Information Science", "Social Sciences"]}, {"typeName": "depositor", "multiple": false, "typeClass": "primitive", "value": "Admin, Dataverse"}, {"typeName": "dateOfDeposit", "multiple": false, "typeClass": "primitive", "value": "2016-06-13"}]}, "las": {"displayName": "LAS Metadata", "fields": [{"typeName": "LASkeywords", "multiple": true, "typeClass": "primitive", "value": ["DB1", "DO5", "AC5", "A68", "R151"]}, {"typeName": "LASdateAdded", "multiple": false, "typeClass": "primitive", "value": "2016-06-13"}, {"typeName": "LASitemType", "multiple": false, "typeClass": "controlledVocabulary", "value": "Presentation"}, {"typeName": "LASdateUpdated", "multiple": false, "typeClass": "primitive", "value": "2017-01-31"}, {"typeName": "LASdistributionURL", "multiple": false, "typeClass": "primitive", "value": "https://drive.google.com/a/ncsu.edu/file/d/0BzDPf9g8B1iULWh3MkFBdFVZd1E/view?usp=sharing"}]}}}, "global_entity_id": 1368}