{"data": {"id": 228, "versionState": "DRAFT", "productionDate": "Production Date", "lastUpdateTime": "2017-02-13T02:16:52Z", "createTime": "2016-06-13T16:54:09Z", "license": "CC0", "termsOfUse": "CC0 Waiver", "metadataBlocks": {"citation": {"displayName": "Citation Metadata", "fields": [{"typeName": "title", "multiple": false, "typeClass": "primitive", "value": "Towards Effective Tool Recommendations in Complex Development Environments"}, {"typeName": "author", "multiple": true, "typeClass": "compound", "value": [{"authorName": {"typeName": "authorName", "multiple": false, "typeClass": "primitive", "value": "Francavilla, Nicole M"}, "authorAffiliation": {"typeName": "authorAffiliation", "multiple": false, "typeClass": "primitive", "value": "NCSU"}}, {"authorName": {"typeName": "authorName", "multiple": false, "typeClass": "primitive", "value": "Lubick, Kevin"}}, {"authorName": {"typeName": "authorName", "multiple": false, "typeClass": "primitive", "value": "Jiresal, Rahul"}}, {"authorName": {"typeName": "authorName", "multiple": false, "typeClass": "primitive", "value": "Winters, Mike"}}, {"authorName": {"typeName": "authorName", "multiple": false, "typeClass": "primitive", "value": "Kurtz, Anna"}}, {"authorName": {"typeName": "authorName", "multiple": false, "typeClass": "primitive", "value": "Green, Demetrius"}}, {"authorName": {"typeName": "authorName", "multiple": false, "typeClass": "primitive", "value": "Sarker, Shaown"}}, {"authorName": {"typeName": "authorName", "multiple": false, "typeClass": "primitive", "value": "Pandita, Rahul"}}, {"authorName": {"typeName": "authorName", "multiple": false, "typeClass": "primitive", "value": "Murphy-Hill, Emerson"}, "authorAffiliation": {"typeName": "authorAffiliation", "multiple": false, "typeClass": "primitive", "value": "North Carolina State University"}}, {"authorName": {"typeName": "authorName", "multiple": false, "typeClass": "primitive", "value": "Meade, Adam W"}, "authorAffiliation": {"typeName": "authorAffiliation", "multiple": false, "typeClass": "primitive", "value": "North Carolina State University"}}, {"authorName": {"typeName": "authorName", "multiple": false, "typeClass": "primitive", "value": "Murphy, Gail C"}}]}, {"typeName": "datasetContact", "multiple": true, "typeClass": "compound", "value": [{"datasetContactName": {"typeName": "datasetContactName", "multiple": false, "typeClass": "primitive", "value": "Murphy-Hill, Emerson"}, "datasetContactAffiliation": {"typeName": "datasetContactAffiliation", "multiple": false, "typeClass": "primitive", "value": "NCSU"}, "datasetContactEmail": {"typeName": "datasetContactEmail", "multiple": false, "typeClass": "primitive", "value": "emerson@csc.ncsu.edu"}}]}, {"typeName": "dsDescription", "multiple": true, "typeClass": "compound", "value": [{"dsDescriptionValue": {"typeName": "dsDescriptionValue", "multiple": false, "typeClass": "primitive", "value": "Modern software systems have grown increasingly complex and have numerous features. Oftentimes users are unaware of some of the features that could make their tasks easier or more efficient. In this paper, we examine both a professional and end-user development environment (Eclipse and Excel, respectively) and present a family of studies that explore different aspects of tool recommendations. Our studies show\r\nthat certain styles of recommendations are more effective at influencing user behavior, and that there is a tipping point where giving too much information can start to become detrimental.  Taken together, these studies help us gain insight into how best\r\nto present recommendations to users in order to influence their behavior, teach them how to use new tools, and explain new or more efficient methodologies."}}]}, {"typeName": "subject", "multiple": true, "typeClass": "controlledVocabulary", "value": ["Computer and Information Science", "Engineering", "Social Sciences"]}, {"typeName": "depositor", "multiple": false, "typeClass": "primitive", "value": "Admin, Dataverse"}, {"typeName": "dateOfDeposit", "multiple": false, "typeClass": "primitive", "value": "2016-06-13"}]}, "las": {"displayName": "LAS Metadata", "fields": [{"typeName": "LASkeywords", "multiple": true, "typeClass": "primitive", "value": ["AM1", "EM1", "DO6", "A90", "BA6", "R193"]}, {"typeName": "LASitemType", "multiple": false, "typeClass": "controlledVocabulary", "value": "Publication"}, {"typeName": "LASdateAdded", "multiple": false, "typeClass": "primitive", "value": "2016-06-13"}, {"typeName": "LASdateUpdated", "multiple": false, "typeClass": "primitive", "value": "2016-06-13"}]}}}, "global_entity_id": 1382}