{"data": {"id": 235, "versionState": "DRAFT", "productionDate": "Production Date", "lastUpdateTime": "2017-02-08T14:31:38Z", "createTime": "2016-06-16T14:26:28Z", "license": "CC0", "termsOfUse": "CC0 Waiver", "metadataBlocks": {"citation": {"displayName": "Citation Metadata", "fields": [{"typeName": "title", "multiple": false, "typeClass": "primitive", "value": "Irish Economic Sentiment Data"}, {"typeName": "author", "multiple": true, "typeClass": "compound", "value": [{"authorName": {"typeName": "authorName", "multiple": false, "typeClass": "primitive", "value": "Insight Resources"}, "authorAffiliation": {"typeName": "authorAffiliation", "multiple": false, "typeClass": "primitive", "value": "Insight Centre for Data Analytics"}}]}, {"typeName": "datasetContact", "multiple": true, "typeClass": "compound", "value": [{"datasetContactName": {"typeName": "datasetContactName", "multiple": false, "typeClass": "primitive", "value": "Shorey, Jamie"}, "datasetContactEmail": {"typeName": "datasetContactEmail", "multiple": false, "typeClass": "primitive", "value": "jmshorey@ncsu.edu"}}]}, {"typeName": "dsDescription", "multiple": true, "typeClass": "compound", "value": [{"dsDescriptionValue": {"typeName": "dsDescriptionValue", "multiple": false, "typeClass": "primitive", "value": "Summary\r\nThis collection was produced using the UCD Sentiment Analyzer system (no longer online), during a three month period (July to October 2009). A subset of all articles collected was annotated by a group of 33 volunteer users, who were encouraged to label the articles as positive, negative, or irrelevant.\r\n\r\nStructure\r\nThe collection consists of two datasets (user annotations and term frequencies):\r\nWarm-up: The first month constituted a \"warm-up\" period, which allowed us to train the relevance classifier. This provided an initial dataset containing 3858 articles, with 2693 user annotations covering 354 individual articles.\r\nMain: For the latter two months of the experiment, we collected a dataset for evaluating the machine learning questions arising from the sentiment analysis task. This second \"main\" dataset comprises 12469 documents, with 6910 user annotations resulting in 1306 labeled articles."}, "dsDescriptionDate": {"typeName": "dsDescriptionDate", "multiple": false, "typeClass": "primitive", "value": "2009-11-01"}}]}, {"typeName": "subject", "multiple": true, "typeClass": "controlledVocabulary", "value": ["Arts and Humanities", "Business and Management", "Computer and Information Science", "Social Sciences"]}, {"typeName": "depositor", "multiple": false, "typeClass": "primitive", "value": "Admin, Dataverse"}, {"typeName": "dateOfDeposit", "multiple": false, "typeClass": "primitive", "value": "2016-06-16"}]}, "las": {"displayName": "LAS Metadata", "fields": [{"typeName": "LASkeywords", "multiple": true, "typeClass": "primitive", "value": ["D06"]}, {"typeName": "LASdateAdded", "multiple": false, "typeClass": "primitive", "value": "2016-06-16"}, {"typeName": "LASitemType", "multiple": false, "typeClass": "controlledVocabulary", "value": "Dataset"}, {"typeName": "LASdateUpdated", "multiple": false, "typeClass": "primitive", "value": "2016-06-16"}, {"typeName": "LASdistributionURL", "multiple": false, "typeClass": "primitive", "value": "http://mlg.ucd.ie/sentiment/"}, {"typeName": "LASdataset", "multiple": false, "typeClass": "compound", "value": {"LASstartDate": {"typeName": "LASstartDate", "multiple": false, "typeClass": "primitive", "value": "2009-09-01"}, "LASendDate": {"typeName": "LASendDate", "multiple": false, "typeClass": "primitive", "value": "2009-10-01"}}}, {"typeName": "LASlicense", "multiple": false, "typeClass": "primitive", "value": "This dataset is made available for non-commercial and research purposes only. All rights, including copyright, in the content of the original abstracts are owned by the original authors."}]}}}, "global_entity_id": 1399}