{"data": {"id": 237, "versionState": "DRAFT", "productionDate": "Production Date", "lastUpdateTime": "2017-01-04T18:27:56Z", "createTime": "2016-06-16T14:28:11Z", "license": "CC0", "termsOfUse": "CC0 Waiver", "metadataBlocks": {"citation": {"displayName": "Citation Metadata", "fields": [{"typeName": "title", "multiple": false, "typeClass": "primitive", "value": "Insider Threat Data"}, {"typeName": "author", "multiple": true, "typeClass": "compound", "value": [{"authorName": {"typeName": "authorName", "multiple": false, "typeClass": "primitive", "value": "Unknown"}, "authorAffiliation": {"typeName": "authorAffiliation", "multiple": false, "typeClass": "primitive", "value": "The Cert Devision"}}]}, {"typeName": "datasetContact", "multiple": true, "typeClass": "compound", "value": [{"datasetContactName": {"typeName": "datasetContactName", "multiple": false, "typeClass": "primitive", "value": "Jamey Shorey"}, "datasetContactAffiliation": {"typeName": "datasetContactAffiliation", "multiple": false, "typeClass": "primitive", "value": "NCSU"}, "datasetContactEmail": {"typeName": "datasetContactEmail", "multiple": false, "typeClass": "primitive", "value": "jmshorey@ncsu.edu"}}]}, {"typeName": "dsDescription", "multiple": true, "typeClass": "compound", "value": [{"dsDescriptionValue": {"typeName": "dsDescriptionValue", "multiple": false, "typeClass": "primitive", "value": "The CERT Division, in partnership with ExactData, LLC, and under sponsorship from DARPA I2O, has generated a collection of synthetic insider threat test datasets. These datasets provide both synthetic background data and data from synthetic malicious actors. For more background on this data, please see the paper, Bridging the Gap: A Pragmatic Approach to Generating Insider Threat Data.\r\n\r\nDataset Details: Datasets are organized according to the data generator release that created them. Most releases include multiple datasets (e.g., r3.1 and r3.2). Generally, later releases include a superset of the data generation functionality of earlier releases. Each dataset file contains a readme file that provides detailed notes about the features of that release. The answer key file answers.tar.bz2 contains the details of the malicious activity included in each dataset, including descriptions of the scenarios enacted and the identifiers of the synthetic users involved."}}]}, {"typeName": "subject", "multiple": true, "typeClass": "controlledVocabulary", "value": ["Other"]}, {"typeName": "depositor", "multiple": false, "typeClass": "primitive", "value": "Admin, Dataverse"}, {"typeName": "dateOfDeposit", "multiple": false, "typeClass": "primitive", "value": "2016-06-16"}]}, "las": {"displayName": "LAS Metadata", "fields": [{"typeName": "LASkeywords", "multiple": true, "typeClass": "primitive", "value": ["JS4"]}, {"typeName": "LASitemType", "multiple": false, "typeClass": "controlledVocabulary", "value": "Dataset"}, {"typeName": "LASdateAdded", "multiple": false, "typeClass": "primitive", "value": "2016-06-16"}, {"typeName": "LASdateUpdated", "multiple": false, "typeClass": "primitive", "value": "2016-06-16"}, {"typeName": "LASdistributionURL", "multiple": false, "typeClass": "primitive", "value": "https://drive.google.com/drive/folders/0B7PNo6wQl7BxT1ZGWnBHZi1OVDg"}]}}}, "global_entity_id": 1414}