{"data": {"id": 238, "versionState": "DRAFT", "productionDate": "Production Date", "lastUpdateTime": "2017-02-08T13:49:29Z", "createTime": "2016-06-16T14:30:19Z", "license": "CC0", "termsOfUse": "CC0 Waiver", "metadataBlocks": {"citation": {"displayName": "Citation Metadata", "fields": [{"typeName": "title", "multiple": false, "typeClass": "primitive", "value": "Gowala Social Network Location"}, {"typeName": "author", "multiple": true, "typeClass": "compound", "value": [{"authorName": {"typeName": "authorName", "multiple": false, "typeClass": "primitive", "value": "E. Cho"}, "authorAffiliation": {"typeName": "authorAffiliation", "multiple": false, "typeClass": "primitive", "value": "Stanford University"}}, {"authorName": {"typeName": "authorName", "multiple": false, "typeClass": "primitive", "value": "S. A. Myers"}}, {"authorName": {"typeName": "authorName", "multiple": false, "typeClass": "primitive", "value": "J. Leskovec"}}]}, {"typeName": "datasetContact", "multiple": true, "typeClass": "compound", "value": [{"datasetContactName": {"typeName": "datasetContactName", "multiple": false, "typeClass": "primitive", "value": "Shorey, Jamie"}, "datasetContactAffiliation": {"typeName": "datasetContactAffiliation", "multiple": false, "typeClass": "primitive", "value": "NCSU"}, "datasetContactEmail": {"typeName": "datasetContactEmail", "multiple": false, "typeClass": "primitive", "value": "jmshorey@ncsu.edu"}}]}, {"typeName": "dsDescription", "multiple": true, "typeClass": "compound", "value": [{"dsDescriptionValue": {"typeName": "dsDescriptionValue", "multiple": false, "typeClass": "primitive", "value": "Gowalla is a location-based social networking website where users share their locations by checking-in. The friendship network is undirected and was collected using their public API, and consists of 196,591 nodes and 950,327 edges. We have collected a total of 6,442,890 check-ins of these users over the period of Feb. 2009 - Oct. 2010."}}]}, {"typeName": "subject", "multiple": true, "typeClass": "controlledVocabulary", "value": ["Computer and Information Science"]}, {"typeName": "notesText", "multiple": false, "typeClass": "primitive", "value": "Part of a Kaggle Competition"}, {"typeName": "depositor", "multiple": false, "typeClass": "primitive", "value": "Admin, Dataverse"}, {"typeName": "dateOfDeposit", "multiple": false, "typeClass": "primitive", "value": "2016-06-16"}]}, "las": {"displayName": "LAS Metadata", "fields": [{"typeName": "LASkeywords", "multiple": true, "typeClass": "primitive", "value": ["D06", "JS4"]}, {"typeName": "LASdateAdded", "multiple": false, "typeClass": "primitive", "value": "2016-06-16"}, {"typeName": "LASitemType", "multiple": false, "typeClass": "controlledVocabulary", "value": "Dataset"}, {"typeName": "LASdateUpdated", "multiple": false, "typeClass": "primitive", "value": "2016-06-16"}, {"typeName": "LASdistributionURL", "multiple": false, "typeClass": "primitive", "value": "https://drive.google.com/drive/folders/0B7PNo6wQl7BxSlVrRHFGNm4xN1k"}, {"typeName": "LASdataset", "multiple": false, "typeClass": "compound", "value": {"LASstartDate": {"typeName": "LASstartDate", "multiple": false, "typeClass": "primitive", "value": "2009-02-01"}, "LASendDate": {"typeName": "LASendDate", "multiple": false, "typeClass": "primitive", "value": "2010-10-01"}}}]}}}, "global_entity_id": 1415}