{"data": {"id": 248, "versionState": "DRAFT", "productionDate": "Production Date", "lastUpdateTime": "2017-01-04T17:00:06Z", "createTime": "2016-06-16T14:42:30Z", "license": "CC0", "termsOfUse": "CC0 Waiver", "metadataBlocks": {"citation": {"displayName": "Citation Metadata", "fields": [{"typeName": "title", "multiple": false, "typeClass": "primitive", "value": "2008 Campaign Coverage News Articles"}, {"typeName": "author", "multiple": true, "typeClass": "compound", "value": [{"authorName": {"typeName": "authorName", "multiple": false, "typeClass": "primitive", "value": "Pew Research Center"}}]}, {"typeName": "datasetContact", "multiple": true, "typeClass": "compound", "value": [{"datasetContactName": {"typeName": "datasetContactName", "multiple": false, "typeClass": "primitive", "value": "Shorey, Jamie"}, "datasetContactAffiliation": {"typeName": "datasetContactAffiliation", "multiple": false, "typeClass": "primitive", "value": "NCSU"}, "datasetContactEmail": {"typeName": "datasetContactEmail", "multiple": false, "typeClass": "primitive", "value": "jmshorey@ncsu.edu"}}]}, {"typeName": "dsDescription", "multiple": true, "typeClass": "compound", "value": [{"dsDescriptionValue": {"typeName": "dsDescriptionValue", "multiple": false, "typeClass": "primitive", "value": "The CCI is based on a sub-set of PEJ\u2019s 2008 NCI\u2014all the stories from January 1 through November 3, 2008, that were primarily about the 2008 presidential campaign. The 2008 CCI data set totals 18,836 stories. http://www.journalism.org/datasets/2008-campaign-coverage-index-data-set/"}}]}, {"typeName": "subject", "multiple": true, "typeClass": "controlledVocabulary", "value": ["Social Sciences"]}, {"typeName": "depositor", "multiple": false, "typeClass": "primitive", "value": "Admin, Dataverse"}, {"typeName": "dateOfDeposit", "multiple": false, "typeClass": "primitive", "value": "2016-06-16"}]}, "las": {"displayName": "LAS Metadata", "fields": [{"typeName": "LASkeywords", "multiple": true, "typeClass": "primitive", "value": ["JS4", "DO5"]}, {"typeName": "LASitemType", "multiple": false, "typeClass": "controlledVocabulary", "value": "Dataset"}, {"typeName": "LASdateAdded", "multiple": false, "typeClass": "primitive", "value": "2016-06-16"}, {"typeName": "LASdateUpdated", "multiple": false, "typeClass": "primitive", "value": "2016-06-16"}, {"typeName": "LASdistributionURL", "multiple": false, "typeClass": "primitive", "value": "https://drive.google.com/drive/folders/0B7PNo6wQl7BxTmtIN1h2bnRhRTg"}, {"typeName": "LASdataset", "multiple": false, "typeClass": "compound", "value": {"LASstartDate": {"typeName": "LASstartDate", "multiple": false, "typeClass": "primitive", "value": "2008-01-01"}, "LASendDate": {"typeName": "LASendDate", "multiple": false, "typeClass": "primitive", "value": "2008-11-03"}}}]}}}, "global_entity_id": 1428}