{"data": {"id": 249, "versionState": "DRAFT", "productionDate": "Production Date", "lastUpdateTime": "2017-01-04T16:53:58Z", "createTime": "2016-06-16T14:43:18Z", "license": "CC0", "termsOfUse": "CC0 Waiver", "metadataBlocks": {"citation": {"displayName": "Citation Metadata", "fields": [{"typeName": "title", "multiple": false, "typeClass": "primitive", "value": "Ebola Twitter Dataset"}, {"typeName": "author", "multiple": true, "typeClass": "compound", "value": [{"authorName": {"typeName": "authorName", "multiple": false, "typeClass": "primitive", "value": "Shorey, Jamie"}, "authorAffiliation": {"typeName": "authorAffiliation", "multiple": false, "typeClass": "primitive", "value": "NCSU"}}]}, {"typeName": "datasetContact", "multiple": true, "typeClass": "compound", "value": [{"datasetContactName": {"typeName": "datasetContactName", "multiple": false, "typeClass": "primitive", "value": "Shorey, Jamie"}, "datasetContactAffiliation": {"typeName": "datasetContactAffiliation", "multiple": false, "typeClass": "primitive", "value": "NCSU"}, "datasetContactEmail": {"typeName": "datasetContactEmail", "multiple": false, "typeClass": "primitive", "value": "jmshorey@ncsu.edu"}}]}, {"typeName": "dsDescription", "multiple": true, "typeClass": "compound", "value": [{"dsDescriptionValue": {"typeName": "dsDescriptionValue", "multiple": false, "typeClass": "primitive", "value": "Twitter dataset on Ebola that contains 4,539,112 records. Search terms were: ebola (\"west Africa\" OR \"hemorrhagic fever\" OR virus OR \"viral disease\" OR outbreak)"}}]}, {"typeName": "subject", "multiple": true, "typeClass": "controlledVocabulary", "value": ["Computer and Information Science"]}, {"typeName": "depositor", "multiple": false, "typeClass": "primitive", "value": "Admin, Dataverse"}, {"typeName": "dateOfDeposit", "multiple": false, "typeClass": "primitive", "value": "2016-06-16"}]}, "las": {"displayName": "LAS Metadata", "fields": [{"typeName": "LASkeywords", "multiple": true, "typeClass": "primitive", "value": ["JS4", "DO5"]}, {"typeName": "LASdateAdded", "multiple": false, "typeClass": "primitive", "value": "2016-06-16"}, {"typeName": "LASitemType", "multiple": false, "typeClass": "controlledVocabulary", "value": "Dataset"}, {"typeName": "LASdateUpdated", "multiple": false, "typeClass": "primitive", "value": "2016-06-16"}, {"typeName": "LASdistributionURL", "multiple": false, "typeClass": "primitive", "value": "https://sites.google.com/a/ncsu.edu/mylas/home/data-sets/twitter"}, {"typeName": "LASdataset", "multiple": false, "typeClass": "compound", "value": {"LASstartDate": {"typeName": "LASstartDate", "multiple": false, "typeClass": "primitive", "value": "2014-03-01"}, "LASendDate": {"typeName": "LASendDate", "multiple": false, "typeClass": "primitive", "value": "2014-03-01"}}}]}}}, "global_entity_id": 1429}