{"data": {"id": 258, "versionState": "DRAFT", "productionDate": "Production Date", "lastUpdateTime": "2017-02-13T01:21:09Z", "createTime": "2016-06-17T18:58:23Z", "license": "CC0", "termsOfUse": "CC0 Waiver", "metadataBlocks": {"citation": {"displayName": "Citation Metadata", "fields": [{"typeName": "title", "multiple": false, "typeClass": "primitive", "value": "DOTA2 Dataset"}, {"typeName": "author", "multiple": true, "typeClass": "compound", "value": [{"authorName": {"typeName": "authorName", "multiple": false, "typeClass": "primitive", "value": "Young, Michael"}, "authorAffiliation": {"typeName": "authorAffiliation", "multiple": false, "typeClass": "primitive", "value": "University of Utah"}}]}, {"typeName": "datasetContact", "multiple": true, "typeClass": "compound", "value": [{"datasetContactName": {"typeName": "datasetContactName", "multiple": false, "typeClass": "primitive", "value": "Young, Michael"}, "datasetContactAffiliation": {"typeName": "datasetContactAffiliation", "multiple": false, "typeClass": "primitive", "value": "University of Utah"}, "datasetContactEmail": {"typeName": "datasetContactEmail", "multiple": false, "typeClass": "primitive", "value": "young@eae.utah.edu"}}]}, {"typeName": "dsDescription", "multiple": true, "typeClass": "compound", "value": [{"dsDescriptionValue": {"typeName": "dsDescriptionValue", "multiple": false, "typeClass": "primitive", "value": "DOTA 2 is a freemium-based online game that puts two teams of five players against each other. Each player choose a \u201chero\u201d with specific abilities to control throughout the game. The game\u2019s overall objective is to destroy the other team\u2019s \u201cancient\u201d (aka base).\r\n\r\nDOTA2 games area available for replays as well within the game. These files are stored within the Games directory. For Windows, this will be C:\\Program Files (x86)\\Steam\\SteamApps\\common\\dota 2 beta\\dota\\replays. The replay files are a custom \u201c.dem\u201d format created by Valve, largely based upon Google\u2019s \u201cprotobuf\u201d format for interchanging data (https://github.com/google/protobuf).\r\n\r\nThe \u201cTarrasque\u201d code was used as the starting point for the parser built by the Narrative Processing team (https://github.com/LAS-NCSU/NP- Dotaparsing, https://github.com/LAS-NCSU/skadi, https://github.com/LAS-NCSU/tarrasque).\r\n\r\nAt one point, game replay files used to be freely available through Steam\u2019s API for the game (https://www.mashape.com/community/dota-2- steam-web) (Two endpoints \u2013 match history and match details). However, the link to the game files was removed. Now players must post their .dem files, make available .dem files through a service, or get .dem files through online broadcasts/replays of games with DOTA 2 itself (\u201cWatch\u201d tab). http://dotabank.com most likely has the largest number of replay files available. For each game file that the Narrative Processing team examined, a directory structure was created that is described in DOTA2 Information.docx"}}]}, {"typeName": "subject", "multiple": true, "typeClass": "controlledVocabulary", "value": ["Computer and Information Science", "Engineering"]}, {"typeName": "depositor", "multiple": false, "typeClass": "primitive", "value": "Admin, Dataverse"}, {"typeName": "dateOfDeposit", "multiple": false, "typeClass": "primitive", "value": "2016-06-17"}]}, "las": {"displayName": "LAS Metadata", "fields": [{"typeName": "LASkeywords", "multiple": true, "typeClass": "primitive", "value": ["MY1", "DO3", "DO5", "DO6", "S6", "S5", "NP3", "A52", "R63", "A85", "R121", "A112", "R172"]}, {"typeName": "LASitemType", "multiple": false, "typeClass": "controlledVocabulary", "value": "Dataset"}, {"typeName": "LASdateAdded", "multiple": false, "typeClass": "primitive", "value": "2016-06-17"}, {"typeName": "LASdateUpdated", "multiple": false, "typeClass": "primitive", "value": "2016-06-17"}, {"typeName": "LASdistributionURL", "multiple": false, "typeClass": "primitive", "value": "https://drive.google.com/drive/folders/0B7PNo6wQl7BxVG13Z1I3dXhKeEU"}]}}}, "global_entity_id": 1438}