{"data": {"id": 484, "versionState": "DRAFT", "productionDate": "Production Date", "lastUpdateTime": "2017-02-01T00:28:17Z", "createTime": "2017-01-06T19:52:43Z", "license": "CC0", "termsOfUse": "CC0 Waiver", "metadataBlocks": {"citation": {"displayName": "Citation Metadata", "fields": [{"typeName": "title", "multiple": false, "typeClass": "primitive", "value": "Bringing NSA into the Classroom: Insights and Recommendations for Academic-Intelligence Partnerships"}, {"typeName": "author", "multiple": true, "typeClass": "compound", "value": [{"authorName": {"typeName": "authorName", "multiple": false, "typeClass": "primitive", "value": "Vogel, Kathleen"}, "authorAffiliation": {"typeName": "authorAffiliation", "multiple": false, "typeClass": "primitive", "value": "NC State"}}]}, {"typeName": "datasetContact", "multiple": true, "typeClass": "compound", "value": [{"datasetContactName": {"typeName": "datasetContactName", "multiple": false, "typeClass": "primitive", "value": "Vogel, Kathleen"}, "datasetContactAffiliation": {"typeName": "datasetContactAffiliation", "multiple": false, "typeClass": "primitive", "value": "NC State"}, "datasetContactEmail": {"typeName": "datasetContactEmail", "multiple": false, "typeClass": "primitive", "value": "kmvogel@ncsu.edu"}}]}, {"typeName": "dsDescription", "multiple": true, "typeClass": "compound", "value": [{"dsDescriptionValue": {"typeName": "dsDescriptionValue", "multiple": false, "typeClass": "primitive", "value": "Academic-Intelligence collaborations are on the rise for a variety of reasons. These can take many forms, but one of those is in the classroom, using students to stand in for analysts. Classrooms, however, are ethically complex spaces, with students considered vulnerable populations. Classrooms become even more complex when layering multiple goals, activities, tools, and stakeholders over those traditionally present. This does not necessarily mean we must shy away from academic-intelligence partnerships in classrooms, but that these must be conducted carefully and reflexively. We hope to contribute to this conversation by describing one purposeful classroom encounter that occurred between a professor, students, and intelligence practitioners in fall 2015 at North Carolina State University: an experiment conducted as part of a graduate level political science class that involved students working with a prototype analytic technology developed by the National Security Agency. This experiment opened up the following questions: What social, ethical, and pedagogical considerations arise with the deployment of a prototype intelligence technology in this context, and how can they be addressed? How can academic-intelligence collaboration in the classroom be conducted in ways that can provide benefits to all parties, while minimizing disruptions and negative consequences? This paper will discuss our experimental findings around these questions and our lessons learned for future academic-intelligence partnerships in the classroom. \r\n"}, "dsDescriptionDate": {"typeName": "dsDescriptionDate", "multiple": false, "typeClass": "primitive", "value": "2016-12-31"}}]}, {"typeName": "subject", "multiple": true, "typeClass": "controlledVocabulary", "value": ["Social Sciences"]}, {"typeName": "notesText", "multiple": false, "typeClass": "primitive", "value": "This is a draft paper to be submitted to the peer reviewed academic journal, Intelligence and National Security (INS) based on the fall 2015 Journaling experiment that was conducted in Kathleen's PS 598 course."}, {"typeName": "depositor", "multiple": false, "typeClass": "primitive", "value": "Allen, Forrest"}, {"typeName": "dateOfDeposit", "multiple": false, "typeClass": "primitive", "value": "2017-01-06"}]}, "las": {"displayName": "LAS Metadata", "fields": [{"typeName": "LASkeywords", "multiple": true, "typeClass": "primitive", "value": ["KV1", "DO6", "UX6", "A121", "A88", "R164", "R190", "BA6", "C6", "A102"]}, {"typeName": "LASitemType", "multiple": false, "typeClass": "controlledVocabulary", "value": "Publication"}, {"typeName": "LASdateAdded", "multiple": false, "typeClass": "primitive", "value": "2017-01-06"}, {"typeName": "LASdateUpdated", "multiple": false, "typeClass": "primitive", "value": "2017-01-06"}, {"typeName": "LASdistributionURL", "multiple": false, "typeClass": "primitive", "value": "https://drive.google.com/file/d/0B95ykU8WQXDeY1REN01lNTd0cmM/view?usp=sharing"}]}}}, "global_entity_id": 1890}