{"data": {"id": 494, "versionState": "DRAFT", "productionDate": "Production Date", "lastUpdateTime": "2017-03-12T13:09:31Z", "createTime": "2017-01-06T21:43:42Z", "license": "CC0", "termsOfUse": "CC0 Waiver", "metadataBlocks": {"citation": {"displayName": "Citation Metadata", "fields": [{"typeName": "title", "multiple": false, "typeClass": "primitive", "value": "OpenKE Focused Discovery Activity"}, {"typeName": "author", "multiple": true, "typeClass": "compound", "value": [{"authorName": {"typeName": "authorName", "multiple": false, "typeClass": "primitive", "value": "Vega, Felecia"}, "authorAffiliation": {"typeName": "authorAffiliation", "multiple": false, "typeClass": "primitive", "value": "LAS-G"}}, {"authorName": {"typeName": "authorName", "multiple": false, "typeClass": "primitive", "value": "Pennington, Micki"}, "authorAffiliation": {"typeName": "authorAffiliation", "multiple": false, "typeClass": "primitive", "value": "USG"}}, {"authorName": {"typeName": "authorName", "multiple": false, "typeClass": "primitive", "value": "Bent, Sheila"}, "authorAffiliation": {"typeName": "authorAffiliation", "multiple": false, "typeClass": "primitive", "value": "LAS-G"}}, {"authorName": {"typeName": "authorName", "multiple": false, "typeClass": "primitive", "value": "Beck, Bob"}, "authorAffiliation": {"typeName": "authorAffiliation", "multiple": false, "typeClass": "primitive", "value": "LAS-G"}}, {"authorName": {"typeName": "authorName", "multiple": false, "typeClass": "primitive", "value": "Beard, Stephanie"}, "authorAffiliation": {"typeName": "authorAffiliation", "multiple": false, "typeClass": "primitive", "value": "LAS-G"}}, {"authorName": {"typeName": "authorName", "multiple": false, "typeClass": "primitive", "value": "Allshouse, Austin"}, "authorAffiliation": {"typeName": "authorAffiliation", "multiple": false, "typeClass": "primitive", "value": "LAS-G"}}, {"authorName": {"typeName": "authorName", "multiple": false, "typeClass": "primitive", "value": "Slankas, John"}, "authorAffiliation": {"typeName": "authorAffiliation", "multiple": false, "typeClass": "primitive", "value": "NC State"}}, {"authorName": {"typeName": "authorName", "multiple": false, "typeClass": "primitive", "value": "Castillo, Victor"}, "authorAffiliation": {"typeName": "authorAffiliation", "multiple": false, "typeClass": "primitive", "value": "LAS-G"}}, {"authorName": {"typeName": "authorName", "multiple": false, "typeClass": "primitive", "value": "Harrell-Cook, Sandra"}, "authorAffiliation": {"typeName": "authorAffiliation", "multiple": false, "typeClass": "primitive", "value": "LAS-G"}}, {"authorName": {"typeName": "authorName", "multiple": false, "typeClass": "primitive", "value": "Steck, Sean"}, "authorAffiliation": {"typeName": "authorAffiliation", "multiple": false, "typeClass": "primitive", "value": "LAS-G"}}, {"authorName": {"typeName": "authorName", "multiple": false, "typeClass": "primitive", "value": "Browne, Ed"}, "authorAffiliation": {"typeName": "authorAffiliation", "multiple": false, "typeClass": "primitive", "value": "LAS-G"}}, {"authorName": {"typeName": "authorName", "multiple": false, "typeClass": "primitive", "value": "Johnston, Rob"}, "authorAffiliation": {"typeName": "authorAffiliation", "multiple": false, "typeClass": "primitive", "value": "Johnston Analytics"}}, {"authorName": {"typeName": "authorName", "multiple": false, "typeClass": "primitive", "value": "Johnston, Judy"}, "authorAffiliation": {"typeName": "authorAffiliation", "multiple": false, "typeClass": "primitive", "value": "Johnston Analytics"}}]}, {"typeName": "datasetContact", "multiple": true, "typeClass": "compound", "value": [{"datasetContactName": {"typeName": "datasetContactName", "multiple": false, "typeClass": "primitive", "value": "Vega, Felecia"}, "datasetContactAffiliation": {"typeName": "datasetContactAffiliation", "multiple": false, "typeClass": "primitive", "value": "LAS-G"}, "datasetContactEmail": {"typeName": "datasetContactEmail", "multiple": false, "typeClass": "primitive", "value": "fdvega@ncsu.edu"}}]}, {"typeName": "dsDescription", "multiple": true, "typeClass": "compound", "value": [{"dsDescriptionValue": {"typeName": "dsDescriptionValue", "multiple": false, "typeClass": "primitive", "value": "The Laboratory for Analytic Sciences (LAS) and the Open Source Knowledge Enrichment (OpenKE) team hosted NSA\u2019s first unclassified Focused Discovery Activity (FDA) from 2-13 May 2016 where the first (2-6 May 2016) week was virtual and the second week (9-13 May 2016) took place at North Carolina State University in Raleigh, NC.\r\n\r\nWith approximately 40 participants consisting of academia, industry and government personnel with expertise in data science, analysis, computer science, engineering, political science and business, this FDA gave the opportunity to meet and collaborate with peers throughout the community to address the challenges of defining a methodical holistic approach for the open source analytic workflow and tradecraft.\r\n\r\nThe team focused on designing and investigating innovative ideas, cutting edge technologies and advanced analytics to research, evaluate and derive open source information (OSI) of value using the OpenKE prototype. Experiments included hosting, developing, testing and evaluating veracity, discovery, trending, and anticipatory analytics. The FDA use case was Unmanned Aerial Systems (UAS) and/or hobby drones.\r\n\r\nAs Big Data continues to increase, determining veracity, volume, variety, and value is\r\ncrucial to enabling intelligence analysts to effectively use OSI to enrich classified data sets. During the FDA, the OpenKE platform contained approximately 3 million [UAS] publically available documents ranging from RSS feeds, websites, blogs and files. The OpenKE platform allowed users a viable unclassified environment to apply analytics that would manage the complexities of capturing, formatting, manipulating and making sense of Big Data."}, "dsDescriptionDate": {"typeName": "dsDescriptionDate", "multiple": false, "typeClass": "primitive", "value": "2016-05-13"}}]}, {"typeName": "subject", "multiple": true, "typeClass": "controlledVocabulary", "value": ["Business and Management", "Computer and Information Science", "Earth and Environmental Sciences", "Engineering", "Social Sciences"]}, {"typeName": "depositor", "multiple": false, "typeClass": "primitive", "value": "Allen, Forrest"}, {"typeName": "dateOfDeposit", "multiple": false, "typeClass": "primitive", "value": "2017-01-06"}]}, "las": {"displayName": "LAS Metadata", "fields": [{"typeName": "LASkeywords", "multiple": true, "typeClass": "primitive", "value": ["DO6", "JS2", "JJ2", "RJ1", "BA6", "S6", "UX6", "A89", "A91", "A93", "A95", "A97", "A121", "A88", "A125", "A109", "A114", "A115", "R166", "R170", "R173", "R181", "R182", "R186", "R187", "R194", "R197", "A90", "A96", "A100", "C6", "A108", "FV1", "SB2", "RB1", "AA1", "SB1", "EB2", "SH1", "VC1", "SS1"]}, {"typeName": "LASdateAdded", "multiple": false, "typeClass": "primitive", "value": "2017-01-06"}, {"typeName": "LASitemType", "multiple": false, "typeClass": "controlledVocabulary", "value": "Report"}, {"typeName": "LASdateUpdated", "multiple": false, "typeClass": "primitive", "value": "2017-01-06"}, {"typeName": "LASdistributionURL", "multiple": false, "typeClass": "primitive", "value": "https://drive.google.com/a/ncsu.edu/file/d/0B95ykU8WQXDeb0E3UTNFWUJuN2s/view?usp=sharing"}]}}}, "global_entity_id": 1911}