{"data": {"id": 496, "versionState": "DRAFT", "productionDate": "Production Date", "lastUpdateTime": "2017-01-06T22:29:31Z", "createTime": "2017-01-06T22:29:31Z", "license": "CC0", "termsOfUse": "CC0 Waiver", "metadataBlocks": {"citation": {"displayName": "Citation Metadata", "fields": [{"typeName": "title", "multiple": false, "typeClass": "primitive", "value": "Interdisciplinary Intelligence Innovation Center Design:     Lessons Learned at the Laboratory of Analytic Sciences (LAS) and Related Intelligence Community Efforts"}, {"typeName": "author", "multiple": true, "typeClass": "compound", "value": [{"authorName": {"typeName": "authorName", "multiple": false, "typeClass": "primitive", "value": "Vogel, Kathleen"}, "authorAffiliation": {"typeName": "authorAffiliation", "multiple": false, "typeClass": "primitive", "value": "NC State"}}, {"authorName": {"typeName": "authorName", "multiple": false, "typeClass": "primitive", "value": "Tyler, Beverly"}, "authorAffiliation": {"typeName": "authorAffiliation", "multiple": false, "typeClass": "primitive", "value": "NC State"}}]}, {"typeName": "datasetContact", "multiple": true, "typeClass": "compound", "value": [{"datasetContactName": {"typeName": "datasetContactName", "multiple": false, "typeClass": "primitive", "value": "Vogel, Kathleen"}, "datasetContactAffiliation": {"typeName": "datasetContactAffiliation", "multiple": false, "typeClass": "primitive", "value": "NC State"}, "datasetContactEmail": {"typeName": "datasetContactEmail", "multiple": false, "typeClass": "primitive", "value": "kmvogel@ncsu.edu"}}]}, {"typeName": "dsDescription", "multiple": true, "typeClass": "compound", "value": [{"dsDescriptionValue": {"typeName": "dsDescriptionValue", "multiple": false, "typeClass": "primitive", "value": "How does one design and sustain an interdisciplinary science and technology laboratory that will develop the technologies and tradecraft necessary to improve intelligence and counter 21st Century security threats?  This paper will describe a unique institutional experiment established by the National Security Agency (NSA) at North Carolina State University (NC State): the creation of an interdisciplinary research center for intelligence innovation called the Laboratory for Analytic Sciences (LAS).  This groundbreaking lab aims to bring together experts from academia, industry, and intelligence to work collaboratively in research teams in order to solve big data problems in intelligence.  We will discuss the successes and challenges in setting up this unique lab and making it sustainable in the long-term, and how this lab compares with other related efforts within the U.S. intelligence community.  We conclude by providing recommendations for improving the academic-industry-intelligence partnerships at LAS and guidance for future planning and policymaking on similar intelligence-funded labs.\r\n"}, "dsDescriptionDate": {"typeName": "dsDescriptionDate", "multiple": false, "typeClass": "primitive", "value": "2016-12-26"}}]}, {"typeName": "subject", "multiple": true, "typeClass": "controlledVocabulary", "value": ["Business and Management", "Social Sciences"]}, {"typeName": "notesText", "multiple": false, "typeClass": "primitive", "value": "This is a draft paper co-authored by Beverly Tyler and me that looks at assessing interdisciplinary collaboration at LAS and how it compares to other intelligence community efforts. This paper still needs some additional interview material that will be gathered in 2017. But we anticipate completing this work to have a paper ready for submission to a\r\npeer reviewed journal, likely Science and Public Policy, by late Spring or early summer 2017."}, {"typeName": "depositor", "multiple": false, "typeClass": "primitive", "value": "Allen, Forrest"}, {"typeName": "dateOfDeposit", "multiple": false, "typeClass": "primitive", "value": "2017-01-06"}]}, "las": {"displayName": "LAS Metadata", "fields": [{"typeName": "LASkeywords", "multiple": true, "typeClass": "primitive", "value": ["DO6", "KV1", "BT1", "C6", "A102", "R164"]}, {"typeName": "LASitemType", "multiple": false, "typeClass": "controlledVocabulary", "value": "Publication"}, {"typeName": "LASdateAdded", "multiple": false, "typeClass": "primitive", "value": "2017-01-06"}, {"typeName": "LASdateUpdated", "multiple": false, "typeClass": "primitive", "value": "2017-01-06"}, {"typeName": "LASdistributionURL", "multiple": false, "typeClass": "primitive", "value": "https://drive.google.com/a/ncsu.edu/file/d/0B95ykU8WQXDeRXl5ZlFGMHNkUmc/view?usp=sharing"}]}}}, "global_entity_id": 1916}