{"data": {"id": 503, "versionState": "DRAFT", "productionDate": "Production Date", "lastUpdateTime": "2017-01-06T23:38:24Z", "createTime": "2017-01-06T23:38:00Z", "license": "CC0", "termsOfUse": "CC0 Waiver", "metadataBlocks": {"citation": {"displayName": "Citation Metadata", "fields": [{"typeName": "title", "multiple": false, "typeClass": "primitive", "value": "U.S./U.K. symposium on secrecy and intelligence"}, {"typeName": "author", "multiple": true, "typeClass": "compound", "value": [{"authorName": {"typeName": "authorName", "multiple": false, "typeClass": "primitive", "value": "Vogel, Kathleen"}, "authorAffiliation": {"typeName": "authorAffiliation", "multiple": false, "typeClass": "primitive", "value": "NC State"}}]}, {"typeName": "datasetContact", "multiple": true, "typeClass": "compound", "value": [{"datasetContactName": {"typeName": "datasetContactName", "multiple": false, "typeClass": "primitive", "value": "Vogel, Kathleen"}, "datasetContactAffiliation": {"typeName": "datasetContactAffiliation", "multiple": false, "typeClass": "primitive", "value": "NC State"}, "datasetContactEmail": {"typeName": "datasetContactEmail", "multiple": false, "typeClass": "primitive", "value": "kmvogel@ncsu.edu"}}]}, {"typeName": "dsDescription", "multiple": true, "typeClass": "compound", "value": [{"dsDescriptionValue": {"typeName": "dsDescriptionValue", "multiple": false, "typeClass": "primitive", "value": "We had approximately 80 participants attend each day of the colloquium on April 18-19, 2016.  The audience consisted of students and faculty from NC State, UNC-Chapel Hill, Duke University, North Carolina Central University, as well as current and former intelligence practitioners from the U.S., UK, and Sweden, and members from the civil society community who specialize in intelligence matters. This was a unique opportunity to bring intelligence practitioners and intelligence scholars together to talk constructively about how to make intelligence more accessible to the scholarly community, and how more engagements would be beneficial to both communities.  In addition to individual talks and Q&A sessions, the final session of the colloquium was focused on the Laboratory for Analytic Sciences (LAS)\u2014a special NSA-funded research lab on the NC State campus that works on developing Big Data analytic techniques and technologies.  NSA intelligence practitioners, as well as NC State faculty and grad students, working at LAS discussed their research efforts and the challenges and opportunities of collaboration between academic faculty and intelligence practitioners.  In addition, U.S. citizens received a tour and briefings of the SCIF within LAS, while non-US citizens were given briefings of the unclassified analytic technologies being developed at LAS.\r\n\r\nGraduate and undergraduate students had the opportunity to meet with the intelligence practitioners in attendance to discuss career pathways and opportunities in intelligence. This colloquium was co-organized with Professor Brian Balmer, University College London, and was sponsored by the U.S. National Science Foundation; U.S. Defense Intelligence Agency\u2019s Intelligence Community Centers for Academic Excellence (IC-CAE) Program; the Laboratory for Analytic Sciences (LAS); the Kenan Institute for Engineering, Technology, and Science; Science, Technology and Society and Interdisciplinary Studies in the College of Humanities & Social Sciences at NC State; and the Rolf Buchdahl Fund.\r\n"}, "dsDescriptionDate": {"typeName": "dsDescriptionDate", "multiple": false, "typeClass": "primitive", "value": "2016-04-18"}}]}, {"typeName": "subject", "multiple": true, "typeClass": "controlledVocabulary", "value": ["Arts and Humanities", "Business and Management", "Computer and Information Science", "Law", "Social Sciences"]}, {"typeName": "depositor", "multiple": false, "typeClass": "primitive", "value": "Allen, Forrest"}, {"typeName": "dateOfDeposit", "multiple": false, "typeClass": "primitive", "value": "2017-01-06"}]}, "las": {"displayName": "LAS Metadata", "fields": [{"typeName": "LASkeywords", "multiple": true, "typeClass": "primitive", "value": ["DO6", "C6", "A101", "R163", "KV1"]}, {"typeName": "LASitemType", "multiple": false, "typeClass": "controlledVocabulary", "value": "Presentation"}, {"typeName": "LASdateAdded", "multiple": false, "typeClass": "primitive", "value": "2017-01-06"}, {"typeName": "LASdateUpdated", "multiple": false, "typeClass": "primitive", "value": "2017-01-06"}, {"typeName": "LASdistributionURL", "multiple": false, "typeClass": "primitive", "value": "https://drive.google.com/a/ncsu.edu/file/d/0B95ykU8WQXDeN2NBUF9IQmw4VHc/view?usp=sharing"}, {"typeName": "LASpresentation", "multiple": true, "typeClass": "compound", "value": [{"LASeventName": {"typeName": "LASeventName", "multiple": false, "typeClass": "primitive", "value": "Secrecy and Intelligence:  Opening the Black Box"}, "LASeventLocation": {"typeName": "LASeventLocation", "multiple": false, "typeClass": "primitive", "value": "Raleigh, NC"}, "LASdatePresented": {"typeName": "LASdatePresented", "multiple": false, "typeClass": "primitive", "value": "2016-04-08"}}]}]}}}, "global_entity_id": 1930}