{"data": {"id": 505, "versionState": "DRAFT", "productionDate": "Production Date", "lastUpdateTime": "2017-01-06T23:48:37Z", "createTime": "2017-01-06T23:48:37Z", "license": "CC0", "termsOfUse": "CC0 Waiver", "metadataBlocks": {"citation": {"displayName": "Citation Metadata", "fields": [{"typeName": "title", "multiple": false, "typeClass": "primitive", "value": "Intelligence,  Surveillance, Reconnaissance and Analysis Systems are Mostly Failing Users\u00a0(Fortunately, it\u2019s a Fixable Problem)"}, {"typeName": "author", "multiple": true, "typeClass": "compound", "value": [{"authorName": {"typeName": "authorName", "multiple": false, "typeClass": "primitive", "value": "Vogel, Kathleen"}, "authorAffiliation": {"typeName": "authorAffiliation", "multiple": false, "typeClass": "primitive", "value": "NC State"}}, {"authorName": {"typeName": "authorName", "multiple": false, "typeClass": "primitive", "value": "McNamara, Laura"}, "authorAffiliation": {"typeName": "authorAffiliation", "multiple": false, "typeClass": "primitive", "value": "Sandia National Laboratories"}}]}, {"typeName": "datasetContact", "multiple": true, "typeClass": "compound", "value": [{"datasetContactName": {"typeName": "datasetContactName", "multiple": false, "typeClass": "primitive", "value": "Vogel, Kathleen"}, "datasetContactAffiliation": {"typeName": "datasetContactAffiliation", "multiple": false, "typeClass": "primitive", "value": "NC State"}, "datasetContactEmail": {"typeName": "datasetContactEmail", "multiple": false, "typeClass": "primitive", "value": "kmvogel@ncsu.edu"}}]}, {"typeName": "dsDescription", "multiple": true, "typeClass": "compound", "value": [{"dsDescriptionValue": {"typeName": "dsDescriptionValue", "multiple": false, "typeClass": "primitive", "value": "Over the past decade, the United States has invested untold millions of dollars into the development and deployment of remote sensing systems for intelligence, surveillance and reconnaissance activities throughout the national security community.    Largely absent from the sensor revolution was thoughtful attention to a very basic question:  how do we make sure these systems are useful and usable for the many human stakeholders who will be operating, exploiting, disseminating and analyzing data and information from our exquisite sensor technologies?     Based on a decade\u2019s work of human-information interaction research across the national security community, this talk examines some of the ways that sensor technologies are failing their human stakeholders.  As demands for automation increase, failure to understand human operational requirements will become increasingly costly.  Accordingly, this talk presents a set of practices and principles for designing systems that really work for human operators, drawing on basic frameworks from human factors, design ethnography, and human-computer interaction.  In addition, we will discuss some recent developments in human-information interaction that can help researchers ensure that new collection, management and analysis technologies are genuinely supporting the perceptual and cognitive requirements of their human operators."}, "dsDescriptionDate": {"typeName": "dsDescriptionDate", "multiple": false, "typeClass": "primitive", "value": "2016-08-17"}}]}, {"typeName": "subject", "multiple": true, "typeClass": "controlledVocabulary", "value": ["Computer and Information Science", "Social Sciences"]}, {"typeName": "depositor", "multiple": false, "typeClass": "primitive", "value": "Allen, Forrest"}, {"typeName": "dateOfDeposit", "multiple": false, "typeClass": "primitive", "value": "2017-01-06"}]}, "las": {"displayName": "LAS Metadata", "fields": [{"typeName": "LASkeywords", "multiple": true, "typeClass": "primitive", "value": ["DO6", "C6", "A101", "R163", "KV1"]}, {"typeName": "LASitemType", "multiple": false, "typeClass": "controlledVocabulary", "value": "Presentation"}, {"typeName": "LASdateAdded", "multiple": false, "typeClass": "primitive", "value": "2017-01-06"}, {"typeName": "LASdateUpdated", "multiple": false, "typeClass": "primitive", "value": "2017-01-06"}, {"typeName": "LASdistributionURL", "multiple": false, "typeClass": "primitive", "value": "https://ncsu-las.org/event/lashss-seminar-intelligence-surveillance-reconnaissance-and-analysis-systems-are-mostly-failing-users/"}, {"typeName": "LASpresentation", "multiple": true, "typeClass": "compound", "value": [{"LASeventName": {"typeName": "LASeventName", "multiple": false, "typeClass": "primitive", "value": "2016 LAS Humanities and Social Science Speaker Series"}, "LASeventLocation": {"typeName": "LASeventLocation", "multiple": false, "typeClass": "primitive", "value": "Raleigh, NC"}, "LASdatePresented": {"typeName": "LASdatePresented", "multiple": false, "typeClass": "primitive", "value": "2016-08-17"}}]}]}}}, "global_entity_id": 1936}