{"data": {"id": 516, "versionState": "DRAFT", "productionDate": "Production Date", "lastUpdateTime": "2018-01-28T00:19:57Z", "createTime": "2017-01-09T14:44:14Z", "license": "CC0", "termsOfUse": "CC0 Waiver", "metadataBlocks": {"citation": {"displayName": "Citation Metadata", "fields": [{"typeName": "title", "multiple": false, "typeClass": "primitive", "value": "Learning Contextual Embeddings for Knowledge Graph Completion"}, {"typeName": "author", "multiple": true, "typeClass": "compound", "value": [{"authorName": {"typeName": "authorName", "multiple": false, "typeClass": "primitive", "value": "Moon, Changsung"}, "authorAffiliation": {"typeName": "authorAffiliation", "multiple": false, "typeClass": "primitive", "value": "NC State"}}, {"authorName": {"typeName": "authorName", "multiple": false, "typeClass": "primitive", "value": "Harenberg, Steve"}, "authorAffiliation": {"typeName": "authorAffiliation", "multiple": false, "typeClass": "primitive", "value": "NC State"}}, {"authorName": {"typeName": "authorName", "multiple": false, "typeClass": "primitive", "value": "Slankas, John"}, "authorAffiliation": {"typeName": "authorAffiliation", "multiple": false, "typeClass": "primitive", "value": "NC State"}}, {"authorName": {"typeName": "authorName", "multiple": false, "typeClass": "primitive", "value": "Samatova, Nagiza"}, "authorAffiliation": {"typeName": "authorAffiliation", "multiple": false, "typeClass": "primitive", "value": "NC State"}}]}, {"typeName": "datasetContact", "multiple": true, "typeClass": "compound", "value": [{"datasetContactName": {"typeName": "datasetContactName", "multiple": false, "typeClass": "primitive", "value": "Samatova, Nagiza"}, "datasetContactAffiliation": {"typeName": "datasetContactAffiliation", "multiple": false, "typeClass": "primitive", "value": "NC State"}, "datasetContactEmail": {"typeName": "datasetContactEmail", "multiple": false, "typeClass": "primitive", "value": "nfsamato@ncsu.edu"}}]}, {"typeName": "dsDescription", "multiple": true, "typeClass": "compound", "value": [{"dsDescriptionValue": {"typeName": "dsDescriptionValue", "multiple": false, "typeClass": "primitive", "value": "Knowledge Graphs, which capture entities (e.g., Barack Obama and Hawaii) and their relationships (e.g., bornIn) as (Subject, Predicate, Object) triples, are used by leading IT companies for applications including semantic-based search services and data management. However, many knowledge graphs are afflicted by missing entities and missing predicates between entities, reducing the quality of results produced by these applications. Recently, embedding methods have been used to alleviate this issue via KG completion, a\r\ntask that aims to predict missing entities and missing predicates. However, existing methods only consider the relationship between S and O of a given SPO triple when training embeddings and making predictions, even though contextual relation types, consisting of the outgoing predicates of S and the incoming predicates of O, can substantially improve the prediction accuracy.\r\n\r\nTherefore, we propose a contextual embedding method ContE that learns the vector embeddings of entities and predicates while taking contextual relation types into account. The main benefits of our approach are: (1) improved scalability over state-of-the-art methods via a reduced number of epochs needed to achieve comparable or better results with the same memory complexity, (2) higher prediction accuracy (up to 27%) compared to the related algorithms on two real-world datasets, and (3) high accuracy for both predicting missing entities and predicting missing predicates, unlike some of the baseline methods that are only good at one prediction task or the other. The source code and the YAGO43k dataset of this paper can be found in different entries."}, "dsDescriptionDate": {"typeName": "dsDescriptionDate", "multiple": false, "typeClass": "primitive", "value": "2016-12-30"}}]}, {"typeName": "subject", "multiple": true, "typeClass": "controlledVocabulary", "value": ["Computer and Information Science", "Engineering"]}, {"typeName": "depositor", "multiple": false, "typeClass": "primitive", "value": "Allen, Forrest"}, {"typeName": "dateOfDeposit", "multiple": false, "typeClass": "primitive", "value": "2017-01-09"}]}, "las": {"displayName": "LAS Metadata", "fields": [{"typeName": "LASkeywords", "multiple": true, "typeClass": "primitive", "value": ["DO6", "NS1", "JS2", "BA6", "A97", "R168"]}, {"typeName": "LASdateAdded", "multiple": false, "typeClass": "primitive", "value": "2017-01-09"}, {"typeName": "LASitemType", "multiple": false, "typeClass": "controlledVocabulary", "value": "Publication"}, {"typeName": "LASdateUpdated", "multiple": false, "typeClass": "primitive", "value": "2017-01-09"}, {"typeName": "LASdistributionURL", "multiple": false, "typeClass": "primitive", "value": "http://aisel.aisnet.org/cgi/viewcontent.cgi?article=1026&context=pacis2017"}, {"typeName": "LASpublication", "multiple": false, "typeClass": "compound", "value": {"LASpublisher": {"typeName": "LASpublisher", "multiple": false, "typeClass": "primitive", "value": "Pacific Asia Conference on Information Systems (PACIS)"}}}]}}}, "global_entity_id": 2160}