{"data": {"id": 531, "versionState": "DRAFT", "productionDate": "Production Date", "lastUpdateTime": "2017-01-09T17:52:56Z", "createTime": "2017-01-09T17:52:56Z", "license": "CC0", "termsOfUse": "CC0 Waiver", "metadataBlocks": {"citation": {"displayName": "Citation Metadata", "fields": [{"typeName": "title", "multiple": false, "typeClass": "primitive", "value": "Discourse-Driven Tellability Goals for Narrative Planning"}, {"typeName": "author", "multiple": true, "typeClass": "compound", "value": [{"authorName": {"typeName": "authorName", "multiple": false, "typeClass": "primitive", "value": "Winer, David"}, "authorAffiliation": {"typeName": "authorAffiliation", "multiple": false, "typeClass": "primitive", "value": "NC State"}}, {"authorName": {"typeName": "authorName", "multiple": false, "typeClass": "primitive", "value": "Young, Michael"}, "authorAffiliation": {"typeName": "authorAffiliation", "multiple": false, "typeClass": "primitive", "value": "University of Utah"}}]}, {"typeName": "datasetContact", "multiple": true, "typeClass": "compound", "value": [{"datasetContactName": {"typeName": "datasetContactName", "multiple": false, "typeClass": "primitive", "value": "Young, Michael"}, "datasetContactAffiliation": {"typeName": "datasetContactAffiliation", "multiple": false, "typeClass": "primitive", "value": "University of Utah"}, "datasetContactEmail": {"typeName": "datasetContactEmail", "multiple": false, "typeClass": "primitive", "value": "young@cs.utah.edu"}}]}, {"typeName": "dsDescription", "multiple": true, "typeClass": "compound", "value": [{"dsDescriptionValue": {"typeName": "dsDescriptionValue", "multiple": false, "typeClass": "primitive", "value": "Typical narrative generation systems adopt a pipeline approach in which fabula (i.e., plot) is generated and provided as input for generating discourse and narration (e.g. text or animation). However, stories produced independently from a communicative plan are not guaranteed to have properties which are readily tellable or worth\r\ntelling. This paper presents an approach to narrative planning in which constraints for a story are discovered as part of the search for compatible story and discourse solutions. Narrative generation involves goal specification by users at multiple levels, and this approach furthers the research agenda to reduce this burden."}}]}, {"typeName": "subject", "multiple": true, "typeClass": "controlledVocabulary", "value": ["Computer and Information Science"]}, {"typeName": "depositor", "multiple": false, "typeClass": "primitive", "value": "Allen, Forrest"}, {"typeName": "dateOfDeposit", "multiple": false, "typeClass": "primitive", "value": "2017-01-09"}]}, "las": {"displayName": "LAS Metadata", "fields": [{"typeName": "LASkeywords", "multiple": true, "typeClass": "primitive", "value": ["DO6", "MY1", "S6", "A112", "R172"]}, {"typeName": "LASdateAdded", "multiple": false, "typeClass": "primitive", "value": "2017-01-09"}, {"typeName": "LASitemType", "multiple": false, "typeClass": "controlledVocabulary", "value": "Publication"}, {"typeName": "LASdateUpdated", "multiple": false, "typeClass": "primitive", "value": "2017-01-09"}, {"typeName": "LASdistributionURL", "multiple": false, "typeClass": "primitive", "value": "https://drive.google.com/a/ncsu.edu/file/d/0BwyDr88Pkia5S0pBVkpjRnIzOEZVTWs0ZzRrVmRJMnVoYWVz/view?usp=sharing"}]}}}, "global_entity_id": 2199}