{"data": {"id": 539, "versionState": "DRAFT", "productionDate": "Production Date", "lastUpdateTime": "2017-03-12T14:12:21Z", "createTime": "2017-01-09T18:53:39Z", "license": "CC0", "termsOfUse": "CC0 Waiver", "metadataBlocks": {"citation": {"displayName": "Citation Metadata", "fields": [{"typeName": "title", "multiple": false, "typeClass": "primitive", "value": "Narrative for Sensemaking Overview and Bardic code"}, {"typeName": "author", "multiple": true, "typeClass": "compound", "value": [{"authorName": {"typeName": "authorName", "multiple": false, "typeClass": "primitive", "value": "Amos-Binks, Adam"}, "authorAffiliation": {"typeName": "authorAffiliation", "multiple": false, "typeClass": "primitive", "value": "LAS-G"}}, {"authorName": {"typeName": "authorName", "multiple": false, "typeClass": "primitive", "value": "Eger, Markus"}, "authorAffiliation": {"typeName": "authorAffiliation", "multiple": false, "typeClass": "primitive", "value": "NC State"}}, {"authorName": {"typeName": "authorName", "multiple": false, "typeClass": "primitive", "value": "Overman, Trey"}, "authorAffiliation": {"typeName": "authorAffiliation", "multiple": false, "typeClass": "primitive", "value": "NC State"}}, {"authorName": {"typeName": "authorName", "multiple": false, "typeClass": "primitive", "value": "Potts, Colin"}, "authorAffiliation": {"typeName": "authorAffiliation", "multiple": false, "typeClass": "primitive", "value": "NC State"}}, {"authorName": {"typeName": "authorName", "multiple": false, "typeClass": "primitive", "value": "Robertson, Justus"}, "authorAffiliation": {"typeName": "authorAffiliation", "multiple": false, "typeClass": "primitive", "value": "NC State"}}, {"authorName": {"typeName": "authorName", "multiple": false, "typeClass": "primitive", "value": "Thorne, Brandon"}, "authorAffiliation": {"typeName": "authorAffiliation", "multiple": false, "typeClass": "primitive", "value": "NC State"}}, {"authorName": {"typeName": "authorName", "multiple": false, "typeClass": "primitive", "value": "Young, Michael"}, "authorAffiliation": {"typeName": "authorAffiliation", "multiple": false, "typeClass": "primitive", "value": "University of Utah"}}]}, {"typeName": "datasetContact", "multiple": true, "typeClass": "compound", "value": [{"datasetContactName": {"typeName": "datasetContactName", "multiple": false, "typeClass": "primitive", "value": "Young, Michael"}, "datasetContactAffiliation": {"typeName": "datasetContactAffiliation", "multiple": false, "typeClass": "primitive", "value": "University of Utah"}, "datasetContactEmail": {"typeName": "datasetContactEmail", "multiple": false, "typeClass": "primitive", "value": "Young@cs.utah.edu"}}]}, {"typeName": "dsDescription", "multiple": true, "typeClass": "compound", "value": [{"dsDescriptionValue": {"typeName": "dsDescriptionValue", "multiple": false, "typeClass": "primitive", "value": "In Delivery Order 06, the Narrative for Sensemaking (N4S) project had simultaneous goals of continuing Bardic system development and furthering basic research in the areas of discourse planning, generation, narrative generation, and multimedia planning. Building off of the successful delivery of the Bardic prototype in DO5, the N4S team spent the initial portion of DO6 improving system capability, optimization, and functionality across all areas of Bardic, the Narrative for Sensemaking Architecture (N4SA) and the stand-alone ScreenPlay cinematic sandbox system. These efforts significantly improved the functionality and user experience of the Bardic system. The N4S team further conducted beta testing with five LAS-G analysts, to better understand the actual end-use of the system, and to help drive further system improvements to functionality and user interface. A significant portion of the spring semester and early summer was spent conducting these demos and implementing improvements based on these results. In the summer, the N4S team transitioned from system development and optimization to basic research around the following four research questions:\r\n\r\nResearch Question 1: Authorial Goals in Discourse Planning\r\nHow can we characterize the communicative goals of a narrative author in ways that allow us to produce customized content and structure in a discourse?\r\n\r\nResearch Question 2: Multi-media Aware Discourse Generation\r\nHow can an automated system make informed choices on the distribution of narrative content across and within various media?\r\n\r\nResearch Question 3: Mental State Models for Narrative Generation\r\nHow might we build a formal knowledge representation that characterizes the dynamics of the mental state of a story's characters?\r\n\r\nResearch Question 4: Generation of Discourse Specific to Medium and Audience\r\nHow can we build a narrative production pipeline that supports automatic generation of tailored reports in text, cinematics and maps that auto-configure themselves to user expertise, interests, specific task and informational goals."}}]}, {"typeName": "subject", "multiple": true, "typeClass": "controlledVocabulary", "value": ["Computer and Information Science", "Engineering"]}, {"typeName": "depositor", "multiple": false, "typeClass": "primitive", "value": "Allen, Forrest"}, {"typeName": "dateOfDeposit", "multiple": false, "typeClass": "primitive", "value": "2017-01-09"}]}, "las": {"displayName": "LAS Metadata", "fields": [{"typeName": "LASkeywords", "multiple": true, "typeClass": "primitive", "value": ["DO6", "MY1", "S6", "BA6", "A107", "A96", "A112", "R169", "R170", "R171", "R172", "TO1", "AA2", "ME1", "CP1"]}, {"typeName": "LASdateAdded", "multiple": false, "typeClass": "primitive", "value": "2017-01-09"}, {"typeName": "LASitemType", "multiple": false, "typeClass": "controlledVocabulary", "value": "Report"}, {"typeName": "LASdateUpdated", "multiple": false, "typeClass": "primitive", "value": "2017-01-09"}, {"typeName": "LASdistributionURL", "multiple": false, "typeClass": "primitive", "value": "https://drive.google.com/a/ncsu.edu/file/d/0BwyDr88Pkia5S0pBVkpjRnIzOEZVTWs0ZzRrVmRJMnVoYWVz/view?usp=sharing"}]}}}, "global_entity_id": 2215}