{"data": {"id": 549, "versionState": "DRAFT", "productionDate": "Production Date", "lastUpdateTime": "2017-01-09T20:55:16Z", "createTime": "2017-01-09T20:55:16Z", "license": "CC0", "termsOfUse": "CC0 Waiver", "metadataBlocks": {"citation": {"displayName": "Citation Metadata", "fields": [{"typeName": "title", "multiple": false, "typeClass": "primitive", "value": "PivotWall: Combining SDN and Host Context to  Defend Against Stepping Stone Attacks"}, {"typeName": "author", "multiple": true, "typeClass": "compound", "value": [{"authorName": {"typeName": "authorName", "multiple": false, "typeClass": "primitive", "value": "O'Connor, Terrence"}, "authorAffiliation": {"typeName": "authorAffiliation", "multiple": false, "typeClass": "primitive", "value": "NC State"}}, {"authorName": {"typeName": "authorName", "multiple": false, "typeClass": "primitive", "value": "Verma, Akash"}, "authorAffiliation": {"typeName": "authorAffiliation", "multiple": false, "typeClass": "primitive", "value": "NC State"}}, {"authorName": {"typeName": "authorName", "multiple": false, "typeClass": "primitive", "value": "Enck, Will"}, "authorAffiliation": {"typeName": "authorAffiliation", "multiple": false, "typeClass": "primitive", "value": "NC State"}}]}, {"typeName": "datasetContact", "multiple": true, "typeClass": "compound", "value": [{"datasetContactName": {"typeName": "datasetContactName", "multiple": false, "typeClass": "primitive", "value": "Enck, Will"}, "datasetContactAffiliation": {"typeName": "datasetContactAffiliation", "multiple": false, "typeClass": "primitive", "value": "NC State"}, "datasetContactEmail": {"typeName": "datasetContactEmail", "multiple": false, "typeClass": "primitive", "value": "whenck@ncsu.edu"}}]}, {"typeName": "dsDescription", "multiple": true, "typeClass": "compound", "value": [{"dsDescriptionValue": {"typeName": "dsDescriptionValue", "multiple": false, "typeClass": "primitive", "value": "Recent advanced persistent threat attacks often relay through a series of intermediate compromised hosts. By laterally pivoting through these stepping stones, attackers can bypass traditional enterprise defenses and access critical internal servers. Existing techniques to detect stepping stone attacks have two shortcomings: (1) they perform poorly when attackers obfuscate traffic, and (2) they do not cover the different characteristics,attributes, and purposes of stepping stone models. To address these shortcomings, we present PivotWall, an approach that combines context from a Software-Defined Networking (SDN) controller and host agents. Through cooperative propagation (tainting) of network traffic and process interactions on the host, PivotWall effectively detects and prevents stepping stone attacks that rely on a command and control channel. To gain insight into attacker methodologies, PivotWall also provides a forensic report of the provenance graph describing how the attack\r\nprogressed. We implement PivotWall and evaluate the attack coverage, network scalability, host performance, and accuracy using both scalable emulation and a lab environment. PivotWall successfully detects a wide array of stepping stone attacks with\r\nonly 0.69% false positives, and 18.27% performance overhead on the SDN controller and 9.93% performance overhead on the individual host. These findings demonstrate the value of combining SDN and host-level context as a cooperative defense against advanced attacks. "}}]}, {"typeName": "subject", "multiple": true, "typeClass": "controlledVocabulary", "value": ["Computer and Information Science", "Engineering"]}, {"typeName": "notesText", "multiple": false, "typeClass": "primitive", "value": "Submitted to IEEE Symposium on Security and Privacy 2017"}, {"typeName": "depositor", "multiple": false, "typeClass": "primitive", "value": "Allen, Forrest"}, {"typeName": "dateOfDeposit", "multiple": false, "typeClass": "primitive", "value": "2017-01-09"}]}, "las": {"displayName": "LAS Metadata", "fields": [{"typeName": "LASkeywords", "multiple": true, "typeClass": "primitive", "value": ["DO6", "WE2", "CY6", "A129", "R162"]}, {"typeName": "LASitemType", "multiple": false, "typeClass": "controlledVocabulary", "value": "Publication"}, {"typeName": "LASdateAdded", "multiple": false, "typeClass": "primitive", "value": "2017-01-09"}, {"typeName": "LASdateUpdated", "multiple": false, "typeClass": "primitive", "value": "2017-01-09"}, {"typeName": "LASdistributionURL", "multiple": false, "typeClass": "primitive", "value": "https://drive.google.com/a/ncsu.edu/file/d/0BwyDr88Pkia5azlscm5acjVnYTg/view?usp=sharing"}]}}}, "global_entity_id": 2409}