{"data": {"id": 556, "versionState": "DRAFT", "productionDate": "Production Date", "lastUpdateTime": "2017-01-09T22:13:43Z", "createTime": "2017-01-09T22:13:43Z", "license": "CC0", "termsOfUse": "CC0 Waiver", "metadataBlocks": {"citation": {"displayName": "Citation Metadata", "fields": [{"typeName": "title", "multiple": false, "typeClass": "primitive", "value": "Understanding Membership in Terrorist Groups: A Systematic Review"}, {"typeName": "author", "multiple": true, "typeClass": "compound", "value": [{"authorName": {"typeName": "authorName", "multiple": false, "typeClass": "primitive", "value": "Simons-Rudolph, Joe"}, "authorAffiliation": {"typeName": "authorAffiliation", "multiple": false, "typeClass": "primitive", "value": "NC State"}}, {"authorName": {"typeName": "authorName", "multiple": false, "typeClass": "primitive", "value": "Desmarais, Sarah"}, "authorAffiliation": {"typeName": "authorAffiliation", "multiple": false, "typeClass": "primitive", "value": "NC State"}}, {"authorName": {"typeName": "authorName", "multiple": false, "typeClass": "primitive", "value": "Morgan, Jessica"}, "authorAffiliation": {"typeName": "authorAffiliation", "multiple": false, "typeClass": "primitive", "value": "NC State"}}, {"authorName": {"typeName": "authorName", "multiple": false, "typeClass": "primitive", "value": "Mills, Sarah"}, "authorAffiliation": {"typeName": "authorAffiliation", "multiple": false, "typeClass": "primitive", "value": "NC State"}}, {"authorName": {"typeName": "authorName", "multiple": false, "typeClass": "primitive", "value": "Whitehurst, Cady"}, "authorAffiliation": {"typeName": "authorAffiliation", "multiple": false, "typeClass": "primitive", "value": "NC State"}}, {"authorName": {"typeName": "authorName", "multiple": false, "typeClass": "primitive", "value": "Brugh, Christine"}, "authorAffiliation": {"typeName": "authorAffiliation", "multiple": false, "typeClass": "primitive", "value": "NC State"}}]}, {"typeName": "datasetContact", "multiple": true, "typeClass": "compound", "value": [{"datasetContactName": {"typeName": "datasetContactName", "multiple": false, "typeClass": "primitive", "value": "Simons-Rudolph, Joe"}, "datasetContactAffiliation": {"typeName": "datasetContactAffiliation", "multiple": false, "typeClass": "primitive", "value": "NC State"}, "datasetContactEmail": {"typeName": "datasetContactEmail", "multiple": false, "typeClass": "primitive", "value": "jmrudolph@ncsu.edu"}}]}, {"typeName": "dsDescription", "multiple": true, "typeClass": "compound", "value": [{"dsDescriptionValue": {"typeName": "dsDescriptionValue", "multiple": false, "typeClass": "primitive", "value": "As an almost constant focus of media, political, and public discourse, there is increasing interest in understanding terrorist organizations and, specifically, predicting and ultimately\r\npreventing terrorist attacks. We conducted a systematic review of the empirical literature on membership and radicalization in terrorist organizations. We focused our systematic review around two key questions. First, what are the common individual, interpersonal,\r\nsocial and environmental factors that increase the likelihood will individuals will engage with and join terrorist organizations? Second, within terrorist organizations, what is the process through which members become (more) radicalized?\r\n\r\nMethods\r\nA systematic review of the published contemporary literature was conducted using six online databases: PsychArticles, PsychINFO, Web of Science, National Criminal Justice Reference Service (NCJRS), ProQuest Dissertations and Theses, and Google Scholar.\r\nAcross these databases, we searched for literature using four terms: 1) terror* member*, 2) terror* affiliate*, 3) terror* radical*, and 4) predict* terror*. The inclusion criteria consisted of: 1) primary article focus on characteristics of terrorists or radicalization in terrorist\r\norganizations, 2) work produced between 1/1/1990 and 7/312015; 3) published in English; and 4) journal article or book chapter (books were excluded from review). The initial literature searches identified 11,016 relevant journal articles and book chapters. After removal of duplicate articles and the exclusion of publications not meeting inclusion criteria, 192 articles and book chapters were included for further review.\r\n\r\nResults and Discussion\r\nIn this presentation, we will summarize the characteristics of this literature across several classes of categories (e.g., type of study, data sources, research methods, etc.). We will also review trends in the literature as a way to summarize our current understanding of terrorism and to identify future research directions. For example, in the 1990s, the literature was focused on individual participation in terrorist attacks and the development of a single terrorist profile \u0301to understanding. There was then a shift towards predicting geo-political hotbeds in the late 1990s and early 2000s. Since then, there has another shift towards subdividing terrorist activity. As a result, we are beginning to see distinct literatures that on diverse forms of terrorist acts and actors, including lone wolf terrorism, group-based\r\nterrorism (understanding leaders and followers), suicide bombers, and homegrown terrorists. Our preliminary review revealed several key limitations to the extant literature.  First, the literature base is a largely theoretical in nature, with lack of consensus on basic\r\nconceptual issues that are foundation of the development of predictive models. To demonstrate, there is an ongoing debate questioning if suicide bombers are suicidal; thus, there is inconsistent application of known risk factors for suicide in the predictive models. Second, there is reliance on a few datasets that have been analyzed with inconsistent results and used to support conflicting conclusions. Third, there are significant issues related to the interpretation of behaviors cross-culturally, though this concern is acknowledged in most publications.\r\n\r\n"}}]}, {"typeName": "subject", "multiple": true, "typeClass": "controlledVocabulary", "value": ["Social Sciences"]}, {"typeName": "depositor", "multiple": false, "typeClass": "primitive", "value": "Allen, Forrest"}, {"typeName": "dateOfDeposit", "multiple": false, "typeClass": "primitive", "value": "2017-01-09"}]}, "las": {"displayName": "LAS Metadata", "fields": [{"typeName": "LASkeywords", "multiple": true, "typeClass": "primitive", "value": ["DO6", "SD1", "JR1", "BA6", "A94", "R173"]}, {"typeName": "LASitemType", "multiple": false, "typeClass": "controlledVocabulary", "value": "Presentation"}, {"typeName": "LASdateAdded", "multiple": false, "typeClass": "primitive", "value": "2017-01-09"}, {"typeName": "LASdateUpdated", "multiple": false, "typeClass": "primitive", "value": "2017-01-09"}, {"typeName": "LASdistributionURL", "multiple": false, "typeClass": "primitive", "value": "https://drive.google.com/a/ncsu.edu/file/d/0BwdU6bdBfBp1a1NHUUkwLU5aNFk/view?usp=sharing"}, {"typeName": "LASpresentation", "multiple": true, "typeClass": "compound", "value": [{"LASeventName": {"typeName": "LASeventName", "multiple": false, "typeClass": "primitive", "value": "American Psychological Association Convention"}, "LASdatePresented": {"typeName": "LASdatePresented", "multiple": false, "typeClass": "primitive", "value": "2016-08-02"}}]}]}}}, "global_entity_id": 2424}