{"data": {"id": 558, "versionState": "DRAFT", "productionDate": "Production Date", "lastUpdateTime": "2017-01-11T19:31:52Z", "createTime": "2017-01-09T22:31:02Z", "license": "CC0", "termsOfUse": "CC0 Waiver", "metadataBlocks": {"citation": {"displayName": "Citation Metadata", "fields": [{"typeName": "title", "multiple": false, "typeClass": "primitive", "value": "Sci and Spy: Studying Collaboration Between the Research and  Intelligence Communities"}, {"typeName": "author", "multiple": true, "typeClass": "compound", "value": [{"authorName": {"typeName": "authorName", "multiple": false, "typeClass": "primitive", "value": "Shipman, Matt"}, "authorAffiliation": {"typeName": "authorAffiliation", "multiple": false, "typeClass": "primitive", "value": "NC State"}}]}, {"typeName": "datasetContact", "multiple": true, "typeClass": "compound", "value": [{"datasetContactName": {"typeName": "datasetContactName", "multiple": false, "typeClass": "primitive", "value": "Allen, Forrest"}, "datasetContactAffiliation": {"typeName": "datasetContactAffiliation", "multiple": false, "typeClass": "primitive", "value": "NC State"}, "datasetContactEmail": {"typeName": "datasetContactEmail", "multiple": false, "typeClass": "primitive", "value": "fdallen@ncsu.edu"}}]}, {"typeName": "dsDescription", "multiple": true, "typeClass": "compound", "value": [{"dsDescriptionValue": {"typeName": "dsDescriptionValue", "multiple": false, "typeClass": "primitive", "value": "This was an article that ran on the NC State website under the news section highlighting LAS"}, "dsDescriptionDate": {"typeName": "dsDescriptionDate", "multiple": false, "typeClass": "primitive", "value": "2016-02-16"}}]}, {"typeName": "subject", "multiple": true, "typeClass": "controlledVocabulary", "value": ["Computer and Information Science", "Mathematical Sciences", "Social Sciences"]}, {"typeName": "depositor", "multiple": false, "typeClass": "primitive", "value": "Allen, Forrest"}, {"typeName": "dateOfDeposit", "multiple": false, "typeClass": "primitive", "value": "2017-01-09"}]}, "las": {"displayName": "LAS Metadata", "fields": [{"typeName": "LASkeywords", "multiple": true, "typeClass": "primitive", "value": ["DO6", "KV1", "AW1"]}, {"typeName": "LASitemType", "multiple": false, "typeClass": "controlledVocabulary", "value": "Other"}, {"typeName": "LASdateAdded", "multiple": false, "typeClass": "primitive", "value": "2017-01-09"}, {"typeName": "LASdateUpdated", "multiple": false, "typeClass": "primitive", "value": "2017-01-09"}, {"typeName": "LASdistributionURL", "multiple": false, "typeClass": "primitive", "value": "https://news.ncsu.edu/2016/02/sci-and-spy-2016/"}]}}}, "global_entity_id": 2429}