{"data": {"id": 562, "versionState": "DRAFT", "productionDate": "Production Date", "lastUpdateTime": "2017-01-11T19:57:17Z", "createTime": "2017-01-11T19:57:17Z", "license": "CC0", "termsOfUse": "CC0 Waiver", "metadataBlocks": {"citation": {"displayName": "Citation Metadata", "fields": [{"typeName": "title", "multiple": false, "typeClass": "primitive", "value": "Presenting Believable Choices"}, {"typeName": "author", "multiple": true, "typeClass": "compound", "value": [{"authorName": {"typeName": "authorName", "multiple": false, "typeClass": "primitive", "value": "Robertson, Justus"}, "authorAffiliation": {"typeName": "authorAffiliation", "multiple": false, "typeClass": "primitive", "value": "NC State"}}, {"authorName": {"typeName": "authorName", "multiple": false, "typeClass": "primitive", "value": "Young, Michael"}, "authorAffiliation": {"typeName": "authorAffiliation", "multiple": false, "typeClass": "primitive", "value": "University of Utah"}}]}, {"typeName": "datasetContact", "multiple": true, "typeClass": "compound", "value": [{"datasetContactName": {"typeName": "datasetContactName", "multiple": false, "typeClass": "primitive", "value": "Young, Michael"}, "datasetContactAffiliation": {"typeName": "datasetContactAffiliation", "multiple": false, "typeClass": "primitive", "value": "University of Utah"}, "datasetContactEmail": {"typeName": "datasetContactEmail", "multiple": false, "typeClass": "primitive", "value": "young@cs.utah.edu"}}]}, {"typeName": "dsDescription", "multiple": true, "typeClass": "compound", "value": [{"dsDescriptionValue": {"typeName": "dsDescriptionValue", "multiple": false, "typeClass": "primitive", "value": "Interactive narratives (IN) are stories that branch and change based on the actions of a participant. A class of automated systems generate INs where all story branches conform to a set of constraints predefined by an author. Participants in these systems may create invalid branches by navigating the story world outside the bounds of the author\u2019s constraints. Two existing methods, choice removal and intervention, are designed to mitigate these situations. However, these methods are expected to lower invisibility, being recognized as system manipulations by the participant. In this paper we present an evaluation of a new method, domain revision, that is designed to have no negative effect on invisibility.  We measure invisibility by asking survey participants\r\nhow believable a choice\u2019s options and outcomes are in the context of a Choose Your Own Adventure story. We find that domain revision is more believable than choice removal when applied to a choice\u2019s options. We also find that domain revision is equally believable as intervention on a choice\u2019s outcomes... because intervention does not cause a drop in invisibility."}}]}, {"typeName": "subject", "multiple": true, "typeClass": "controlledVocabulary", "value": ["Computer and Information Science", "Engineering"]}, {"typeName": "depositor", "multiple": false, "typeClass": "primitive", "value": "Allen, Forrest"}, {"typeName": "dateOfDeposit", "multiple": false, "typeClass": "primitive", "value": "2017-01-11"}]}, "las": {"displayName": "LAS Metadata", "fields": [{"typeName": "LASkeywords", "multiple": true, "typeClass": "primitive", "value": ["DO6", "MY1", "S6", "A107", "R170"]}, {"typeName": "LASitemType", "multiple": false, "typeClass": "controlledVocabulary", "value": "Publication"}, {"typeName": "LASdateAdded", "multiple": false, "typeClass": "primitive", "value": "2017-01-11"}, {"typeName": "LASdateUpdated", "multiple": false, "typeClass": "primitive", "value": "2017-01-11"}, {"typeName": "LASdistributionURL", "multiple": false, "typeClass": "primitive", "value": "https://drive.google.com/a/ncsu.edu/file/d/0BzDPf9g8B1iUbFh1MHR2NlU5emM/view?usp=sharing"}]}}}, "global_entity_id": 2439}