{"data": {"id": 567, "versionState": "DRAFT", "productionDate": "Production Date", "lastUpdateTime": "2017-01-17T19:16:56Z", "createTime": "2017-01-17T19:16:56Z", "license": "CC0", "termsOfUse": "CC0 Waiver", "metadataBlocks": {"citation": {"displayName": "Citation Metadata", "fields": [{"typeName": "title", "multiple": false, "typeClass": "primitive", "value": "The State of Science Regarding Membership in Terrorist Organizations"}, {"typeName": "author", "multiple": true, "typeClass": "compound", "value": [{"authorName": {"typeName": "authorName", "multiple": false, "typeClass": "primitive", "value": "Desmarais, Sarah"}, "authorAffiliation": {"typeName": "authorAffiliation", "multiple": false, "typeClass": "primitive", "value": "NC State"}}, {"authorName": {"typeName": "authorName", "multiple": false, "typeClass": "primitive", "value": "Simons-Rudolph, Joseph"}, "authorAffiliation": {"typeName": "authorAffiliation", "multiple": false, "typeClass": "primitive", "value": "NC State"}}, {"authorName": {"typeName": "authorName", "multiple": false, "typeClass": "primitive", "value": "Brugh, Christine"}, "authorAffiliation": {"typeName": "authorAffiliation", "multiple": false, "typeClass": "primitive", "value": "NC State"}}, {"authorName": {"typeName": "authorName", "multiple": false, "typeClass": "primitive", "value": "Schilling, Eileen"}, "authorAffiliation": {"typeName": "authorAffiliation", "multiple": false, "typeClass": "primitive", "value": "NC State"}}, {"authorName": {"typeName": "authorName", "multiple": false, "typeClass": "primitive", "value": "Mills, Sarah"}, "authorAffiliation": {"typeName": "authorAffiliation", "multiple": false, "typeClass": "primitive", "value": "NC State"}}, {"authorName": {"typeName": "authorName", "multiple": false, "typeClass": "primitive", "value": "Edwards, Shelby"}, "authorAffiliation": {"typeName": "authorAffiliation", "multiple": false, "typeClass": "primitive", "value": "NC State"}}]}, {"typeName": "datasetContact", "multiple": true, "typeClass": "compound", "value": [{"datasetContactName": {"typeName": "datasetContactName", "multiple": false, "typeClass": "primitive", "value": "Desmarais, Sarah"}, "datasetContactAffiliation": {"typeName": "datasetContactAffiliation", "multiple": false, "typeClass": "primitive", "value": "NC State"}, "datasetContactEmail": {"typeName": "datasetContactEmail", "multiple": false, "typeClass": "primitive", "value": "sdesmarais@ncsu.edu"}}]}, {"typeName": "dsDescription", "multiple": true, "typeClass": "compound", "value": [{"dsDescriptionValue": {"typeName": "dsDescriptionValue", "multiple": false, "typeClass": "primitive", "value": "One strategy in the fight against terrorism has been to try to identify individuals and/or groups at risk of becoming (more) radicalized. To be successful, this strategy requires an understanding\u2013and most importantly, empirical evidence\u2013of factors associated with membership in terrorist organizations. To that end, we summarized the contemporary literature to: (a) identify consensus in the literature, where it exists, regarding factors associated with membership in terrorist organizations; (b) drive future research directions; and (c) inform evidence-based strategies to prevent terrorist attacks. Records were identified through searches of six abstracting and indexing databases using the following search terms: (a) terror* member*, (b) terror* affiliate*, (c) terror* radical*, and (d) predict* terror*. Inclusion criteria were: (a) discussed the prediction of terrorism; (b) addressed variables related to the process of radicalization or characteristics of terrorists; (c) reported in peer-review journals, dissertations, theses, conference presentations, government reports, or book chapters; (d) written in English (or reliable translation); and (e) produced between 1990 and 2015. Articles were coded by two researchers using a comprehensive coding scheme; a subset (18.1%) were coded by both to establish inter-rater reliability. In total, 199 articles met our inclusion criteria. These articles were primarily written by authors from the United States (59.3%). There has been a considerable increase in publications over time, with 74.9% published in the last 10 years. Yet, there has been relatively few analyses of data (26.6%). Instead, publications discussed conceptual models that were not empirically validated. Further, publications rarely specified the ideology, type of terrorist (e.g., lone wolf), or type of attack of interest (e.g., suicide bombing). To demonstrate, in almost half of the articles (43.2%), ideology was not specified. Taken together, findings underscore the limited evidence supporting current models of membership in terrorist organizations and suggest several critical avenues for future research. "}, "dsDescriptionDate": {"typeName": "dsDescriptionDate", "multiple": false, "typeClass": "primitive", "value": "2017-01-17"}}]}, {"typeName": "subject", "multiple": true, "typeClass": "controlledVocabulary", "value": ["Social Sciences"]}, {"typeName": "depositor", "multiple": false, "typeClass": "primitive", "value": "Allen, Forrest"}, {"typeName": "dateOfDeposit", "multiple": false, "typeClass": "primitive", "value": "2017-01-17"}]}, "las": {"displayName": "LAS Metadata", "fields": [{"typeName": "LASkeywords", "multiple": true, "typeClass": "primitive", "value": ["DO6", "SD1", "JS1", "BA6", "A94", "R173"]}, {"typeName": "LASdateAdded", "multiple": false, "typeClass": "primitive", "value": "2017-01-17"}, {"typeName": "LASitemType", "multiple": false, "typeClass": "controlledVocabulary", "value": "Presentation"}, {"typeName": "LASdateUpdated", "multiple": false, "typeClass": "primitive", "value": "2017-01-17"}, {"typeName": "LASdistributionURL", "multiple": false, "typeClass": "primitive", "value": "https://drive.google.com/a/ncsu.edu/file/d/0BwyDr88Pkia5TlNrR1JaU1h5N0E/view?usp=sharing"}, {"typeName": "LASpresentation", "multiple": true, "typeClass": "compound", "value": [{"LASeventName": {"typeName": "LASeventName", "multiple": false, "typeClass": "primitive", "value": "10th Anniversary Homeland Defense and Security Education Summit"}, "LASeventLocation": {"typeName": "LASeventLocation", "multiple": false, "typeClass": "primitive", "value": "Arlington, VA"}, "LASdatePresented": {"typeName": "LASdatePresented", "multiple": false, "typeClass": "primitive", "value": "2017-03-24"}}]}]}}}, "global_entity_id": 2452}