{"data": {"id": 574, "versionState": "DRAFT", "productionDate": "Production Date", "lastUpdateTime": "2017-03-19T23:49:20Z", "createTime": "2017-01-22T14:55:44Z", "license": "CC0", "termsOfUse": "CC0 Waiver", "metadataBlocks": {"citation": {"displayName": "Citation Metadata", "fields": [{"typeName": "title", "multiple": false, "typeClass": "primitive", "value": "Building Models for FSP Projectors: An Exercise"}, {"typeName": "author", "multiple": true, "typeClass": "compound", "value": [{"authorName": {"typeName": "authorName", "multiple": false, "typeClass": "primitive", "value": "Hairston, Andrea"}, "authorAffiliation": {"typeName": "authorAffiliation", "multiple": false, "typeClass": "primitive", "value": "LAS"}}]}, {"typeName": "datasetContact", "multiple": true, "typeClass": "compound", "value": [{"datasetContactName": {"typeName": "datasetContactName", "multiple": false, "typeClass": "primitive", "value": "Wilson, Alyson"}, "datasetContactAffiliation": {"typeName": "datasetContactAffiliation", "multiple": false, "typeClass": "primitive", "value": "North Carolina State University"}, "datasetContactEmail": {"typeName": "datasetContactEmail", "multiple": false, "typeClass": "primitive", "value": "agwilso2@ncsu.edu"}}]}, {"typeName": "dsDescription", "multiple": true, "typeClass": "compound", "value": [{"dsDescriptionValue": {"typeName": "dsDescriptionValue", "multiple": false, "typeClass": "primitive", "value": "The Future States Processing (FSP) platform is an LAS prototype that assists intelligence analysts in imagining possible future scenarios for their domains of interest using models and methods encapsulated in a variety of FSP \"projectors.\" The FSP platform can accommodate a variety of projectors ranging from the mathematical to the logical provided they are accompanied by a model for capturing some aspect of the domain of interest and a method for projecting that model into the future. Although the methods involved in these projectors essentially run automatically, the models must be created by the domain expert and can vary in structure depending on the method. Model elicitation and creation is an aspect of this project that our team explored during DO6 to get a better understanding of how to construct the user experience for the platform. We decided to conduct a model-building exercise for a particular projector that was developed by our industry partner, the Graphical Risk Modeler (GRM) projector.\r\nThe GRM projector is modeled as a random process governed by certain parameters and can be self-excited as well as triggered by external functions. The projector is highly mathematical and the model depends on parameters, defined by the subject matter expert, which ideally should align closely with the reality of the domain. The goal of the exercise was to expose some of the challenges associated with non-technical domain experts utilizing mathematical models within FSP and develop improved model elicitation strategies for certain FSP projectors."}, "dsDescriptionDate": {"typeName": "dsDescriptionDate", "multiple": false, "typeClass": "primitive", "value": "2017-01-05"}}]}, {"typeName": "subject", "multiple": true, "typeClass": "controlledVocabulary", "value": ["Computer and Information Science", "Mathematical Sciences"]}, {"typeName": "depositor", "multiple": false, "typeClass": "primitive", "value": "Wilson, Alyson"}, {"typeName": "dateOfDeposit", "multiple": false, "typeClass": "primitive", "value": "2017-01-22"}]}, "las": {"displayName": "LAS Metadata", "fields": [{"typeName": "LASkeywords", "multiple": true, "typeClass": "primitive", "value": ["A99", "DO6", "BA6", "AH1"]}, {"typeName": "LASitemType", "multiple": false, "typeClass": "controlledVocabulary", "value": "Other"}, {"typeName": "LASdateAdded", "multiple": false, "typeClass": "primitive", "value": "2017-01-22"}, {"typeName": "LASdateUpdated", "multiple": false, "typeClass": "primitive", "value": "2017-01-22"}, {"typeName": "LASdistributionURL", "multiple": false, "typeClass": "primitive", "value": "https://drive.google.com/open?id=0BzDPf9g8B1iUSFVaWmVHN3J4STQ"}]}}}, "global_entity_id": 2468}