{"data": {"id": 579, "versionState": "DRAFT", "productionDate": "Production Date", "lastUpdateTime": "2017-01-22T15:45:26Z", "createTime": "2017-01-22T15:45:26Z", "license": "CC0", "termsOfUse": "CC0 Waiver", "metadataBlocks": {"citation": {"displayName": "Citation Metadata", "fields": [{"typeName": "title", "multiple": false, "typeClass": "primitive", "value": "A Privacy Preserving Algorithm to Release Sparse High-dimensional Histograms"}, {"typeName": "author", "multiple": true, "typeClass": "compound", "value": [{"authorName": {"typeName": "authorName", "multiple": false, "typeClass": "primitive", "value": "Li, Bai"}, "authorAffiliation": {"typeName": "authorAffiliation", "multiple": false, "typeClass": "primitive", "value": "Duke University"}}, {"authorName": {"typeName": "authorName", "multiple": false, "typeClass": "primitive", "value": "Slakovic, Aleksandra"}, "authorAffiliation": {"typeName": "authorAffiliation", "multiple": false, "typeClass": "primitive", "value": "Pennsylvania State University"}}, {"authorName": {"typeName": "authorName", "multiple": false, "typeClass": "primitive", "value": "Steorts, Rebeka"}, "authorAffiliation": {"typeName": "authorAffiliation", "multiple": false, "typeClass": "primitive", "value": "Duke University"}}]}, {"typeName": "datasetContact", "multiple": true, "typeClass": "compound", "value": [{"datasetContactName": {"typeName": "datasetContactName", "multiple": false, "typeClass": "primitive", "value": "Steorts, Rebeka"}, "datasetContactAffiliation": {"typeName": "datasetContactAffiliation", "multiple": false, "typeClass": "primitive", "value": "Duke University"}, "datasetContactEmail": {"typeName": "datasetContactEmail", "multiple": false, "typeClass": "primitive", "value": "rcs46@stat.duke.edu"}}]}, {"typeName": "dsDescription", "multiple": true, "typeClass": "compound", "value": [{"dsDescriptionValue": {"typeName": "dsDescriptionValue", "multiple": false, "typeClass": "primitive", "value": "Differential privacy (DP) aims to design methods and algorithms that satisfy rigorous notions of privacy while simultaneously providing utility with valid statistical inference. More recently, an emphasis has been placed on combining notions of statistical utility with algorithmic approaches to\r\naddress privacy risk in the presence of big data\u2014with differential privacy emerging as a rigorous notion of risk. While DP provides strong guarantees for privacy, there are often tradeoffs regarding data utility and computational scalability. In this paper, we introduce a categorical data synthesizer\r\nnamed perturbed Gibbs sampler and illustrate its limitations. We then propose an improved data synthesizer that overcomes these limitations. We combine the proposed synthesizer with a differential privacy algorithm\u2014the stability based algorithm\u2014which is specially designed for releasing high-dimensional histograms to build a framework for releasing high-dimensional sparse categorical data. As a result, our proposed algorithm is differentially private, offers better statistical utility and is scalable to large databases. We present the analytical result for the error caused by the stability based algorithm, which allows us to control the loss of utility. The behavior of our\r\nmethod is also evaluated on both simulated and real data."}, "dsDescriptionDate": {"typeName": "dsDescriptionDate", "multiple": false, "typeClass": "primitive", "value": "2016-12-08"}}]}, {"typeName": "subject", "multiple": true, "typeClass": "controlledVocabulary", "value": ["Mathematical Sciences"]}, {"typeName": "depositor", "multiple": false, "typeClass": "primitive", "value": "Wilson, Alyson"}, {"typeName": "dateOfDeposit", "multiple": false, "typeClass": "primitive", "value": "2017-01-22"}]}, "las": {"displayName": "LAS Metadata", "fields": [{"typeName": "LASkeywords", "multiple": true, "typeClass": "primitive", "value": ["RS3", "UX6", "DO6", "A121", "R184"]}, {"typeName": "LASdateAdded", "multiple": false, "typeClass": "primitive", "value": "2017-01-22"}, {"typeName": "LASitemType", "multiple": false, "typeClass": "controlledVocabulary", "value": "Publication"}, {"typeName": "LASdateUpdated", "multiple": false, "typeClass": "primitive", "value": "2017-01-22"}, {"typeName": "LASdistributionURL", "multiple": false, "typeClass": "primitive", "value": "https://drive.google.com/open?id=0BzDPf9g8B1iUU1Q3eGE5MDRmMjQ"}]}}}, "global_entity_id": 2478}