{"data": {"id": 583, "versionState": "DRAFT", "productionDate": "Production Date", "lastUpdateTime": "2017-02-13T00:35:06Z", "createTime": "2017-01-23T14:27:37Z", "license": "CC0", "termsOfUse": "CC0 Waiver", "metadataBlocks": {"citation": {"displayName": "Citation Metadata", "fields": [{"typeName": "title", "multiple": false, "typeClass": "primitive", "value": "DO6.1 Lost Child Scenario IoT-to-Impulse Cinematic Rendering "}, {"typeName": "author", "multiple": true, "typeClass": "compound", "value": [{"authorName": {"typeName": "authorName", "multiple": false, "typeClass": "primitive", "value": "Winters, Michael"}, "authorAffiliation": {"typeName": "authorAffiliation", "multiple": false, "typeClass": "primitive", "value": "NC State "}}, {"authorName": {"typeName": "authorName", "multiple": false, "typeClass": "primitive", "value": "Brown, Nathan"}, "authorAffiliation": {"typeName": "authorAffiliation", "multiple": false, "typeClass": "primitive", "value": "NC State"}}, {"authorName": {"typeName": "authorName", "multiple": false, "typeClass": "primitive", "value": "Thorne, Brandon"}, "authorAffiliation": {"typeName": "authorAffiliation", "multiple": false, "typeClass": "primitive", "value": "NC State"}}, {"authorName": {"typeName": "authorName", "multiple": false, "typeClass": "primitive", "value": "Young, Michael"}, "authorAffiliation": {"typeName": "authorAffiliation", "multiple": false, "typeClass": "primitive", "value": "University of Utah"}}]}, {"typeName": "datasetContact", "multiple": true, "typeClass": "compound", "value": [{"datasetContactName": {"typeName": "datasetContactName", "multiple": false, "typeClass": "primitive", "value": "Young, Michael"}, "datasetContactAffiliation": {"typeName": "datasetContactAffiliation", "multiple": false, "typeClass": "primitive", "value": "University of Utah"}, "datasetContactEmail": {"typeName": "datasetContactEmail", "multiple": false, "typeClass": "primitive", "value": "young@eae.utah.edu"}}]}, {"typeName": "dsDescription", "multiple": true, "typeClass": "compound", "value": [{"dsDescriptionValue": {"typeName": "dsDescriptionValue", "multiple": false, "typeClass": "primitive", "value": "One of the DO6.1 tasks was to create a translation mechanism for CoAP IoT data to Impulse XML for representation into the Narrative for Sensemaking Architecture (N4SA).  Most of the underlying work was in the mechanism, however, the final output of this effort was a cinematic rendering of the data.  The candidate scenario utilized was centered on a lost child in a public space.  The synthetic data was generated as people in the crowd were alerted that a child was missing (like an Amber Alert) and took out there phones and did a 360 degree scan of their surroundings.  Image processing was determine whether the lost child was in that capture or not, and if so, would locate using GPS coordinates.  The cinematic rendering shows the intermittent viewings of the child, as he moves around a public square.  The associated translation code is archived on Github."}}]}, {"typeName": "subject", "multiple": true, "typeClass": "controlledVocabulary", "value": ["Computer and Information Science", "Engineering"]}, {"typeName": "depositor", "multiple": false, "typeClass": "primitive", "value": "Overman, Trey"}, {"typeName": "dateOfDeposit", "multiple": false, "typeClass": "primitive", "value": "2017-01-23"}]}, "las": {"displayName": "LAS Metadata", "fields": [{"typeName": "LASkeywords", "multiple": true, "typeClass": "primitive", "value": ["MY1", "DO6", "S6", "A137", "R211"]}, {"typeName": "LASdateAdded", "multiple": false, "typeClass": "primitive", "value": "2017-01-23"}, {"typeName": "LASitemType", "multiple": false, "typeClass": "controlledVocabulary", "value": "Software"}, {"typeName": "LASdateUpdated", "multiple": false, "typeClass": "primitive", "value": "2017-01-23"}, {"typeName": "LASsoftware", "multiple": false, "typeClass": "compound", "value": {"LASsysRequirements": {"typeName": "LASsysRequirements", "multiple": false, "typeClass": "primitive", "value": "Video is .mp4, so it requires quicktime for viewing. "}}}]}}}, "global_entity_id": 2486}