{"data": {"id": 588, "versionState": "DRAFT", "productionDate": "Production Date", "lastUpdateTime": "2017-03-05T16:04:43Z", "createTime": "2017-01-26T21:34:05Z", "license": "CC0", "termsOfUse": "CC0 Waiver", "metadataBlocks": {"citation": {"displayName": "Citation Metadata", "fields": [{"typeName": "title", "multiple": false, "typeClass": "primitive", "value": "Mining Aspect-Specific Opinions from Online Reviews Using Latent Embedding Structured Topic Model"}, {"typeName": "author", "multiple": true, "typeClass": "compound", "value": [{"authorName": {"typeName": "authorName", "multiple": false, "typeClass": "primitive", "value": "Xu, Mingyang"}, "authorAffiliation": {"typeName": "authorAffiliation", "multiple": false, "typeClass": "primitive", "value": "NC State"}}, {"authorName": {"typeName": "authorName", "multiple": false, "typeClass": "primitive", "value": "Samatova, Nagiza"}, "authorAffiliation": {"typeName": "authorAffiliation", "multiple": false, "typeClass": "primitive", "value": "NC State"}}]}, {"typeName": "datasetContact", "multiple": true, "typeClass": "compound", "value": [{"datasetContactName": {"typeName": "datasetContactName", "multiple": false, "typeClass": "primitive", "value": "Samatova, Nagiza"}, "datasetContactAffiliation": {"typeName": "datasetContactAffiliation", "multiple": false, "typeClass": "primitive", "value": "NC State"}, "datasetContactEmail": {"typeName": "datasetContactEmail", "multiple": false, "typeClass": "primitive", "value": "nfsamato@ncsu.edu"}}]}, {"typeName": "dsDescription", "multiple": true, "typeClass": "compound", "value": [{"dsDescriptionValue": {"typeName": "dsDescriptionValue", "multiple": false, "typeClass": "primitive", "value": "Online reviews often contain user\u2019s specific opinions on aspects (features) of items. These opinions are very useful to merchants and customers, but manually extracting them is time-consuming. Several topic models have been proposed to simultaneously extract item aspects, user opinions on the aspects, and to detect sentiment of the opinions. However, existing models tend to find poor aspect-opinion associations when limited examples of the required word cooccurrences are available. Existing models often also assign incorrect sentiment to words. In this paper, we propose a Latent embedding structured Opinion mining Topic model, called the LOT, to simultaneously discover relevant aspect-level specific opinions and to assign accurate sentiment to words. Our model does this in a way that works well with small or large numbers of reviews. Experimental results for topic coherence, document sentiment classification, and a human evaluation all show that our proposed model achieves significant improvements over several state-of-the-art baselines."}}]}, {"typeName": "subject", "multiple": true, "typeClass": "controlledVocabulary", "value": ["Computer and Information Science", "Engineering"]}, {"typeName": "depositor", "multiple": false, "typeClass": "primitive", "value": "Allen, Forrest"}, {"typeName": "dateOfDeposit", "multiple": false, "typeClass": "primitive", "value": "2017-01-26"}]}, "las": {"displayName": "LAS Metadata", "fields": [{"typeName": "LASkeywords", "multiple": true, "typeClass": "primitive", "value": ["DO6", "NS1", "BA6", "A90", "R193", "R194", "R195"]}, {"typeName": "LASdateAdded", "multiple": false, "typeClass": "primitive", "value": "2017-01-26"}, {"typeName": "LASitemType", "multiple": false, "typeClass": "controlledVocabulary", "value": "Publication"}, {"typeName": "LASdateUpdated", "multiple": false, "typeClass": "primitive", "value": "2017-03-03"}, {"typeName": "LASpresentation", "multiple": true, "typeClass": "compound", "value": [{"LASeventName": {"typeName": "LASeventName", "multiple": false, "typeClass": "primitive", "value": "International Conference on Computational Linguistics and Intelligent Text Processing"}, "LASeventLocation": {"typeName": "LASeventLocation", "multiple": false, "typeClass": "primitive", "value": "Budapest, Hungary"}, "LASdatePresented": {"typeName": "LASdatePresented", "multiple": false, "typeClass": "primitive", "value": "2017-04-17"}}]}, {"typeName": "LASdistributionURL", "multiple": false, "typeClass": "primitive", "value": "https://drive.google.com/a/ncsu.edu/file/d/0BwyDr88Pkia5ZFdkUEsyanotZTFMZEVqSUJDek43ZFZvcUNN/view?usp=sharing"}, {"typeName": "LASpublication", "multiple": false, "typeClass": "compound", "value": {"LASjournal": {"typeName": "LASjournal", "multiple": false, "typeClass": "primitive", "value": "18th International Conference on Intelligent Text Processing and Computational Linguistics"}}}]}}}, "global_entity_id": 2496}