{"data": {"id": 590, "versionState": "DRAFT", "productionDate": "Production Date", "lastUpdateTime": "2018-02-26T00:24:44Z", "createTime": "2017-01-30T02:26:31Z", "license": "CC0", "termsOfUse": "CC0 Waiver", "metadataBlocks": {"citation": {"displayName": "Citation Metadata", "fields": [{"typeName": "title", "multiple": false, "typeClass": "primitive", "value": "Towards automatic linkage of knowledge worker\u2019s  claims with associated evidence from screenshots"}, {"typeName": "author", "multiple": true, "typeClass": "compound", "value": [{"authorName": {"typeName": "authorName", "multiple": false, "typeClass": "primitive", "value": "Jones, Paul"}, "authorAffiliation": {"typeName": "authorAffiliation", "multiple": false, "typeClass": "primitive", "value": "LAS-G"}}, {"authorName": {"typeName": "authorName", "multiple": false, "typeClass": "primitive", "value": "Medd, Dakota"}, "authorAffiliation": {"typeName": "authorAffiliation", "multiple": false, "typeClass": "primitive", "value": "North Carolina State University"}}, {"authorName": {"typeName": "authorName", "multiple": false, "typeClass": "primitive", "value": "Ramakrishnan, Sreekanth"}, "authorAffiliation": {"typeName": "authorAffiliation", "multiple": false, "typeClass": "primitive", "value": "North Carolina State University"}}, {"authorName": {"typeName": "authorName", "multiple": false, "typeClass": "primitive", "value": "Shah, Rajet"}, "authorAffiliation": {"typeName": "authorAffiliation", "multiple": false, "typeClass": "primitive", "value": "North Carolina State University"}}, {"authorName": {"typeName": "authorName", "multiple": false, "typeClass": "primitive", "value": "Keyton, Joann"}, "authorAffiliation": {"typeName": "authorAffiliation", "multiple": false, "typeClass": "primitive", "value": "North Carolina State University"}}, {"authorName": {"typeName": "authorName", "multiple": false, "typeClass": "primitive", "value": "Samatova, Nagiza"}, "authorAffiliation": {"typeName": "authorAffiliation", "multiple": false, "typeClass": "primitive", "value": "North Carolina State University"}}]}, {"typeName": "datasetContact", "multiple": true, "typeClass": "compound", "value": [{"datasetContactName": {"typeName": "datasetContactName", "multiple": false, "typeClass": "primitive", "value": "Samatova, Nagiza"}, "datasetContactAffiliation": {"typeName": "datasetContactAffiliation", "multiple": false, "typeClass": "primitive", "value": "North Carolina State University"}, "datasetContactEmail": {"typeName": "datasetContactEmail", "multiple": false, "typeClass": "primitive", "value": "samatova@csc.ncsu.edu"}}]}, {"typeName": "dsDescription", "multiple": true, "typeClass": "compound", "value": [{"dsDescriptionValue": {"typeName": "dsDescriptionValue", "multiple": false, "typeClass": "primitive", "value": "Knowledge workers are frequently subject to information overload. As a result, when looking to make analytic judgements, they often only have time to search for evidence that already matches their existing viewpoint, leading to confirmation bias. Computer systems are needed in order to help users overcome this and other cognitive biases. As an enabling step towards such systems, the research community has developed instrumentation software for knowledge worker\u2019s computers that generates data to help better understand sensemaking processes and workflows. However, existing instrumentation approaches are limited by the need to write operating system-specific (and often application-specific) code to \u2018see\u2019 what the user is doing inside different applications on their computer. This source code quickly becomes complex and brittle. Furthermore, this approach does not provide a holistic view of how the user is gleaning information from multiple applications at once. We propose an alternative approach to instrumentation based on automated analysis of desktop screenshots, and demonstrate this in the context of extraction of \u2018claims\u2019 from reports that users are writing, and association of these claims with \u2018evidence\u2019 obtained from web browsing. We evaluate our approach on a corpus of 121,000 screenshots obtained from a study of 150 participants carrying out a controlled analysis task. The topic of the task was previously unfamiliar to them (hence the need to search for evidence on the web). We report results from several variants of our approach using a human evaluation of extracted claim/evidence pairs, and find that a simple word matching metric (based on Jaccard similarity) can outperform more complex similarity metrics."}}]}, {"typeName": "subject", "multiple": true, "typeClass": "controlledVocabulary", "value": ["Computer and Information Science"]}, {"typeName": "depositor", "multiple": false, "typeClass": "primitive", "value": "Boaz, Hannah"}, {"typeName": "dateOfDeposit", "multiple": false, "typeClass": "primitive", "value": "2017-01-29"}]}, "las": {"displayName": "LAS Metadata", "fields": [{"typeName": "LASkeywords", "multiple": true, "typeClass": "primitive", "value": ["DO6", "BA6", "JK1", "NS1", "A91", "R173", "PJ1"]}, {"typeName": "LASdateAdded", "multiple": false, "typeClass": "primitive", "value": "2017-01-24"}, {"typeName": "LASitemType", "multiple": false, "typeClass": "controlledVocabulary", "value": "Publication"}, {"typeName": "LASdateUpdated", "multiple": false, "typeClass": "primitive", "value": "2017-01-24"}, {"typeName": "LASdistributionURL", "multiple": false, "typeClass": "primitive", "value": "https://drive.google.com/a/ncsu.edu/file/d/0BwyDr88Pkia5OTd1dWp3bWFJVU0zQWdtWktQRUIyaFEyZDBZ/view?usp=sharing"}]}}}, "global_entity_id": 2500}