{"data": {"id": 600, "versionState": "DRAFT", "productionDate": "Production Date", "lastUpdateTime": "2017-02-13T00:05:19Z", "createTime": "2017-01-30T19:10:37Z", "license": "CC0", "termsOfUse": "CC0 Waiver", "metadataBlocks": {"citation": {"displayName": "Citation Metadata", "fields": [{"typeName": "title", "multiple": false, "typeClass": "primitive", "value": "Community Detection in Dynamic Attributed Graphs"}, {"typeName": "author", "multiple": true, "typeClass": "compound", "value": [{"authorName": {"typeName": "authorName", "multiple": false, "typeClass": "primitive", "value": "Bello, Gonzalo"}, "authorAffiliation": {"typeName": "authorAffiliation", "multiple": false, "typeClass": "primitive", "value": "NC State"}}, {"authorName": {"typeName": "authorName", "multiple": false, "typeClass": "primitive", "value": "Harenburg, Steve"}, "authorAffiliation": {"typeName": "authorAffiliation", "multiple": false, "typeClass": "primitive", "value": "NC State"}}, {"authorName": {"typeName": "authorName", "multiple": false, "typeClass": "primitive", "value": "Agrawal, Abhishek"}, "authorAffiliation": {"typeName": "authorAffiliation", "multiple": false, "typeClass": "primitive", "value": "NC State"}}, {"authorName": {"typeName": "authorName", "multiple": false, "typeClass": "primitive", "value": "Samatova, Nagiza"}, "authorAffiliation": {"typeName": "authorAffiliation", "multiple": false, "typeClass": "primitive", "value": "NC State"}}]}, {"typeName": "datasetContact", "multiple": true, "typeClass": "compound", "value": [{"datasetContactName": {"typeName": "datasetContactName", "multiple": false, "typeClass": "primitive", "value": "Samatova, Nagiza"}, "datasetContactAffiliation": {"typeName": "datasetContactAffiliation", "multiple": false, "typeClass": "primitive", "value": "NC State"}, "datasetContactEmail": {"typeName": "datasetContactEmail", "multiple": false, "typeClass": "primitive", "value": "nfsamato@ncsu.edu"}}]}, {"typeName": "dsDescription", "multiple": true, "typeClass": "compound", "value": [{"dsDescriptionValue": {"typeName": "dsDescriptionValue", "multiple": false, "typeClass": "primitive", "value": "Community detection is one of the most widely studied tasks in network analysis because community structures are ubiquitous across real-world networks. These real-world networks are often both attributed and dynamic in nature. In this paper, we propose a community detection algorithm for dynamic attributed graphs that, unlike existing community detection methods, incorporates both temporal and attribute information along with the structural properties of the graph. Our proposed algorithm handles graphs with heterogeneous attribute types, as well as changes to both the structure and the attribute information, which is essential for its applicability to real-world networks. We evaluated our proposed algorithm on a variety of synthetically generated benchmark dynamic attributed graphs, as well as on large-scale real-world networks. The results obtained show that our proposed algorithm is able to identify graph partitions of high modularity and high attribute similarity more efficiently than state-of-the-art methods for community detection."}}]}, {"typeName": "subject", "multiple": true, "typeClass": "controlledVocabulary", "value": ["Computer and Information Science", "Engineering"]}, {"typeName": "depositor", "multiple": false, "typeClass": "primitive", "value": "Boaz, Hannah"}, {"typeName": "dateOfDeposit", "multiple": false, "typeClass": "primitive", "value": "2017-01-30"}]}, "las": {"displayName": "LAS Metadata", "fields": [{"typeName": "LASkeywords", "multiple": true, "typeClass": "primitive", "value": ["BA6", "DO6", "NS1", "R168", "A97"]}, {"typeName": "LASdateAdded", "multiple": false, "typeClass": "primitive", "value": "2017-01-30"}, {"typeName": "LASitemType", "multiple": false, "typeClass": "controlledVocabulary", "value": "Publication"}, {"typeName": "LASdateUpdated", "multiple": false, "typeClass": "primitive", "value": "2017-02-06"}, {"typeName": "LASdistributionURL", "multiple": false, "typeClass": "primitive", "value": "https://drive.google.com/a/ncsu.edu/file/d/0BzDPf9g8B1iUWm9PTjk3R2VZOTg/view?usp=sharing"}, {"typeName": "LASpublication", "multiple": false, "typeClass": "compound", "value": {"LASpublisher": {"typeName": "LASpublisher", "multiple": false, "typeClass": "primitive", "value": "Springer International"}, "LASjournal": {"typeName": "LASjournal", "multiple": false, "typeClass": "primitive", "value": "Advanced Data Mining Applications"}, "LASvolume": {"typeName": "LASvolume", "multiple": false, "typeClass": "primitive", "value": "10086"}, "LASpages": {"typeName": "LASpages", "multiple": false, "typeClass": "primitive", "value": "329-344"}}}]}}}, "global_entity_id": 2520}