{"data": {"id": 607, "versionState": "DRAFT", "productionDate": "Production Date", "lastUpdateTime": "2017-01-31T17:56:05Z", "createTime": "2017-01-31T17:56:05Z", "license": "CC0", "termsOfUse": "CC0 Waiver", "metadataBlocks": {"citation": {"displayName": "Citation Metadata", "fields": [{"typeName": "title", "multiple": false, "typeClass": "primitive", "value": "Does How You Tweet Tell Us Who You Are?  Automatic Segmentation from Behavior on Social Media"}, {"typeName": "author", "multiple": true, "typeClass": "compound", "value": [{"authorName": {"typeName": "authorName", "multiple": false, "typeClass": "primitive", "value": "Weishampel, Anthony"}, "authorAffiliation": {"typeName": "authorAffiliation", "multiple": false, "typeClass": "primitive", "value": "NC State"}}, {"authorName": {"typeName": "authorName", "multiple": false, "typeClass": "primitive", "value": "Rand, Bill"}, "authorAffiliation": {"typeName": "authorAffiliation", "multiple": false, "typeClass": "primitive", "value": "NC State"}}]}, {"typeName": "datasetContact", "multiple": true, "typeClass": "compound", "value": [{"datasetContactName": {"typeName": "datasetContactName", "multiple": false, "typeClass": "primitive", "value": "Rand, Bill"}, "datasetContactAffiliation": {"typeName": "datasetContactAffiliation", "multiple": false, "typeClass": "primitive", "value": "NC State"}, "datasetContactEmail": {"typeName": "datasetContactEmail", "multiple": false, "typeClass": "primitive", "value": "wmrand@ncsu.edu"}}]}, {"typeName": "dsDescription", "multiple": true, "typeClass": "compound", "value": [{"dsDescriptionValue": {"typeName": "dsDescriptionValue", "multiple": false, "typeClass": "primitive", "value": "Since the beginning of marketing research, we have know that what consumers say to each other has orders of more impact on consumer adoption decisions than advertising (Ryan and Gross,1943). For the longest time, marketers had to spend substantial amounts of money to find out what consumers were saying to each other, but with the growth of social media, marketers have some insight just by listening to Twitter. Moreover, brand managers can now participate in these conversations, and encourage brand advocates to do so as well through the use of influencer campaigns (Hinz et al., 2011). Moreover, social media can be used as a source of customer service by responding to customers\u2019 concerns directly through social media (Ma et al., 2015).\r\nHowever, organizations cannot respond to or provide influencer incentives to everyone, so brand managers must make a decision about which social media participants to engage."}}]}, {"typeName": "subject", "multiple": true, "typeClass": "controlledVocabulary", "value": ["Computer and Information Science", "Social Sciences"]}, {"typeName": "notesText", "multiple": false, "typeClass": "primitive", "value": "Submitted to Statistical Challenges in eCommerce Research (SCECR) conference"}, {"typeName": "depositor", "multiple": false, "typeClass": "primitive", "value": "Allen, Forrest"}, {"typeName": "dateOfDeposit", "multiple": false, "typeClass": "primitive", "value": "2017-01-31"}]}, "las": {"displayName": "LAS Metadata", "fields": [{"typeName": "LASkeywords", "multiple": true, "typeClass": "primitive", "value": ["DO7", "TBD"]}, {"typeName": "LASdateAdded", "multiple": false, "typeClass": "primitive", "value": "2017-01-31"}, {"typeName": "LASitemType", "multiple": false, "typeClass": "controlledVocabulary", "value": "Publication"}, {"typeName": "LASdateUpdated", "multiple": false, "typeClass": "primitive", "value": "2017-01-31"}, {"typeName": "LASdistributionURL", "multiple": false, "typeClass": "primitive", "value": "https://drive.google.com/a/ncsu.edu/file/d/0BwyDr88Pkia5YW9UZW96WnlZcW8/view?usp=sharing"}]}}}, "global_entity_id": 2536}