{"data": {"id": 614, "versionState": "DRAFT", "productionDate": "Production Date", "lastUpdateTime": "2017-02-02T21:51:33Z", "createTime": "2017-01-31T18:56:53Z", "license": "CC0", "termsOfUse": "CC0 Waiver", "metadataBlocks": {"citation": {"displayName": "Citation Metadata", "fields": [{"typeName": "title", "multiple": false, "typeClass": "primitive", "value": "State Projection via AI Planning"}, {"typeName": "author", "multiple": true, "typeClass": "compound", "value": [{"authorName": {"typeName": "authorName", "multiple": false, "typeClass": "primitive", "value": "Sohrabi, Shirin"}, "authorAffiliation": {"typeName": "authorAffiliation", "multiple": false, "typeClass": "primitive", "value": "IBM"}}, {"authorName": {"typeName": "authorName", "multiple": false, "typeClass": "primitive", "value": "Riabov, Anton"}, "authorAffiliation": {"typeName": "authorAffiliation", "multiple": false, "typeClass": "primitive", "value": "IBM"}}, {"authorName": {"typeName": "authorName", "multiple": false, "typeClass": "primitive", "value": "Udrea, Octavian"}, "authorAffiliation": {"typeName": "authorAffiliation", "multiple": false, "typeClass": "primitive", "value": "IBM"}}]}, {"typeName": "datasetContact", "multiple": true, "typeClass": "compound", "value": [{"datasetContactName": {"typeName": "datasetContactName", "multiple": false, "typeClass": "primitive", "value": "Dinger, Tim"}, "datasetContactAffiliation": {"typeName": "datasetContactAffiliation", "multiple": false, "typeClass": "primitive", "value": "IBM"}, "datasetContactEmail": {"typeName": "datasetContactEmail", "multiple": false, "typeClass": "primitive", "value": "dinger@us.ibm.com"}}]}, {"typeName": "dsDescription", "multiple": true, "typeClass": "compound", "value": [{"dsDescriptionValue": {"typeName": "dsDescriptionValue", "multiple": false, "typeClass": "primitive", "value": "Imagining the future helps you anticipate and prepare for what is coming. This has great importance to many, if not all, human endeavors. In this paper, we develop the Planning Projector system prototype, which applies plan-recognition-as-planning technique to both explain the observations driven from analyzing relevant news and social media, and project a range of possible future state trajectories. Unlike the plan recognition problem, where a set of goals, and often a plan library must be given as part of the input, the Planning Projector system takes as input the domain knowledge, a sequence of observations driven from the news, a time step, and a number of trajectories to produce. It then computes the set of trajectories by applying a planner capable of finding a set of high-quality plans on a transformed planning problem. The Planning Projector prototype integrates several components including (1) knowledge engineering: the process of encoding the domain knowledge from domain experts; (2) data transformation: the problem of analyzing and transforming the raw data into sequence of observations; (3) trajectory computation: characterizing the future state projection problem and computing a set of trajectories; (4) user interface: clustering and visualizing the trajectories. We evaluate our approach qualitatively and conclude that the Planning Projector helps users understand future possibilities in order to make more informed decisions."}}]}, {"typeName": "subject", "multiple": true, "typeClass": "controlledVocabulary", "value": ["Computer and Information Science", "Engineering"]}, {"typeName": "depositor", "multiple": false, "typeClass": "primitive", "value": "Boaz, Hannah"}, {"typeName": "dateOfDeposit", "multiple": false, "typeClass": "primitive", "value": "2017-01-31"}]}, "las": {"displayName": "LAS Metadata", "fields": [{"typeName": "LASkeywords", "multiple": true, "typeClass": "primitive", "value": ["DO6", "TD1", "BA6", "A98", "A99", "R176", "R200", "R201", "R202"]}, {"typeName": "LASitemType", "multiple": false, "typeClass": "controlledVocabulary", "value": "Publication"}, {"typeName": "LASdateAdded", "multiple": false, "typeClass": "primitive", "value": "2017-01-31"}, {"typeName": "LASdateUpdated", "multiple": false, "typeClass": "primitive", "value": "2017-01-31"}, {"typeName": "LASdistributionURL", "multiple": false, "typeClass": "primitive", "value": "https://drive.google.com/a/ncsu.edu/file/d/0BzDPf9g8B1iUVmN0TlhJUUpjaVE/view?usp=sharing"}, {"typeName": "LASpublication", "multiple": false, "typeClass": "compound", "value": {"LASpublisher": {"typeName": "LASpublisher", "multiple": false, "typeClass": "primitive", "value": "Thirty-First AAAI Conference on Artificial Intelligence"}, "LASjournal": {"typeName": "LASjournal", "multiple": false, "typeClass": "primitive", "value": "Conference Proceedings"}, "LASvolume": {"typeName": "LASvolume", "multiple": false, "typeClass": "primitive", "value": "2017"}}}]}}}, "global_entity_id": 2561}