{"data": {"id": 623, "versionState": "DRAFT", "productionDate": "Production Date", "lastUpdateTime": "2017-01-31T21:47:10Z", "createTime": "2017-01-31T21:47:10Z", "license": "CC0", "termsOfUse": "CC0 Waiver", "metadataBlocks": {"citation": {"displayName": "Citation Metadata", "fields": [{"typeName": "title", "multiple": false, "typeClass": "primitive", "value": "Exploratory Security Analysis of BGP  Streams"}, {"typeName": "author", "multiple": true, "typeClass": "compound", "value": [{"authorName": {"typeName": "authorName", "multiple": false, "typeClass": "primitive", "value": "Shah, Amed"}, "authorAffiliation": {"typeName": "authorAffiliation", "multiple": false, "typeClass": "primitive", "value": "Venus Cybersecurity Corporation"}}]}, {"typeName": "datasetContact", "multiple": true, "typeClass": "compound", "value": [{"datasetContactName": {"typeName": "datasetContactName", "multiple": false, "typeClass": "primitive", "value": "Bailetti, Tony"}, "datasetContactAffiliation": {"typeName": "datasetContactAffiliation", "multiple": false, "typeClass": "primitive", "value": "Venus Cybersecurity Corporation"}, "datasetContactEmail": {"typeName": "datasetContactEmail", "multiple": false, "typeClass": "primitive", "value": "bailetti@sce.carleton.ca "}}]}, {"typeName": "dsDescription", "multiple": true, "typeClass": "compound", "value": [{"dsDescriptionValue": {"typeName": "dsDescriptionValue", "multiple": false, "typeClass": "primitive", "value": "This research explores creating a meaningful anticipated scenario based on literature with a functional prototype that an analyst can use for exploring anomalies and\r\nunderstanding the context of an automated alert. Automated tools designed for\r\nanalyzing activity in a network can be inherently error-prone. We can help combat\r\nthis with design. There is a need for a hybrid approach (automated & exploratory) that\r\nwas developed during this project. The objectives of this project include developing a\r\nstreaming architecture to identify anomalies in a BGP stream. This includes: i)\r\nCreating a visualization tool for exploratory analysis of BGP anomalies. ii) Integrating\r\nopen source data processing to support structured analytics techniques and\r\nanticipatory analysis, iii) Examining the complementary aspects of the balance\r\nbetween exploratory analysis and automated analysis for anomaly detection through\r\na prototype."}}]}, {"typeName": "subject", "multiple": true, "typeClass": "controlledVocabulary", "value": ["Computer and Information Science", "Engineering"]}, {"typeName": "depositor", "multiple": false, "typeClass": "primitive", "value": "Allen, Forrest"}, {"typeName": "dateOfDeposit", "multiple": false, "typeClass": "primitive", "value": "2017-01-31"}]}, "las": {"displayName": "LAS Metadata", "fields": [{"typeName": "LASkeywords", "multiple": true, "typeClass": "primitive", "value": ["DO6", "TB1", "CY6", "A127", "R162"]}, {"typeName": "LASdateAdded", "multiple": false, "typeClass": "primitive", "value": "2017-01-31"}, {"typeName": "LASitemType", "multiple": false, "typeClass": "controlledVocabulary", "value": "Report"}, {"typeName": "LASdateUpdated", "multiple": false, "typeClass": "primitive", "value": "2017-01-31"}, {"typeName": "LASdistributionURL", "multiple": false, "typeClass": "primitive", "value": "https://drive.google.com/a/ncsu.edu/file/d/0BwyDr88Pkia5dUMzMEpmX2JhT3M/view?usp=sharing"}]}}}, "global_entity_id": 2583}