{"data": {"id": 624, "versionState": "DRAFT", "productionDate": "Production Date", "lastUpdateTime": "2017-01-31T21:59:28Z", "createTime": "2017-01-31T21:59:28Z", "license": "CC0", "termsOfUse": "CC0 Waiver", "metadataBlocks": {"citation": {"displayName": "Citation Metadata", "fields": [{"typeName": "title", "multiple": false, "typeClass": "primitive", "value": "Exploratory Security Analysis of BGP Streams: User Guide "}, {"typeName": "author", "multiple": true, "typeClass": "compound", "value": [{"authorName": {"typeName": "authorName", "multiple": false, "typeClass": "primitive", "value": "Shah, Amhed"}, "authorAffiliation": {"typeName": "authorAffiliation", "multiple": false, "typeClass": "primitive", "value": "Venus Cybersecurity Corporation"}}]}, {"typeName": "datasetContact", "multiple": true, "typeClass": "compound", "value": [{"datasetContactName": {"typeName": "datasetContactName", "multiple": false, "typeClass": "primitive", "value": "Bailetti, Tony"}, "datasetContactAffiliation": {"typeName": "datasetContactAffiliation", "multiple": false, "typeClass": "primitive", "value": "Venus Cybersecurity Corporation"}, "datasetContactEmail": {"typeName": "datasetContactEmail", "multiple": false, "typeClass": "primitive", "value": "bailetti@sce.carleton.ca "}}]}, {"typeName": "dsDescription", "multiple": true, "typeClass": "compound", "value": [{"dsDescriptionValue": {"typeName": "dsDescriptionValue", "multiple": false, "typeClass": "primitive", "value": "The VENUS Platform can be used by an analyst for analyzing BGP traffic. This document provides information for using the VENUS Platform.  The VENUS Platform is contained in a VMWare virtual machine image.  \r\n\r\nhttps://drive.google.com/file/d/0B9Lw62UU8x6rN29uWWczOEgtTlE/view?ts=586691a0\r\n\r\nThe code for the Venus platform can be found here:  https://github.com/LAS-NCSU/venus or https://drive.google.com/open?id=0B9Lw62UU8x6rN29uWWczOEgtTlE"}}]}, {"typeName": "subject", "multiple": true, "typeClass": "controlledVocabulary", "value": ["Computer and Information Science", "Engineering"]}, {"typeName": "depositor", "multiple": false, "typeClass": "primitive", "value": "Allen, Forrest"}, {"typeName": "dateOfDeposit", "multiple": false, "typeClass": "primitive", "value": "2017-01-31"}]}, "las": {"displayName": "LAS Metadata", "fields": [{"typeName": "LASkeywords", "multiple": true, "typeClass": "primitive", "value": ["DO6", "TB1", "CY6", "A127", "R162"]}, {"typeName": "LASitemType", "multiple": false, "typeClass": "controlledVocabulary", "value": "Software"}, {"typeName": "LASdateAdded", "multiple": false, "typeClass": "primitive", "value": "2017-01-31"}, {"typeName": "LASdateUpdated", "multiple": false, "typeClass": "primitive", "value": "2017-01-31"}, {"typeName": "LASdistributionURL", "multiple": false, "typeClass": "primitive", "value": "https://drive.google.com/a/ncsu.edu/file/d/0BwyDr88Pkia5VC1YRW9ZR0ZIZnM/view?usp=sharing"}]}}}, "global_entity_id": 2585}