{"data": {"id": 625, "versionState": "DRAFT", "productionDate": "Production Date", "lastUpdateTime": "2017-02-13T01:22:37Z", "createTime": "2017-02-01T17:52:04Z", "license": "CC0", "termsOfUse": "CC0 Waiver", "metadataBlocks": {"citation": {"displayName": "Citation Metadata", "fields": [{"typeName": "title", "multiple": false, "typeClass": "primitive", "value": "Data Analytics and Mixed Methods Research"}, {"typeName": "author", "multiple": true, "typeClass": "compound", "value": [{"authorName": {"typeName": "authorName", "multiple": false, "typeClass": "primitive", "value": "Rendon, Hector"}, "authorAffiliation": {"typeName": "authorAffiliation", "multiple": false, "typeClass": "primitive", "value": "NC State"}}]}, {"typeName": "datasetContact", "multiple": true, "typeClass": "compound", "value": [{"datasetContactName": {"typeName": "datasetContactName", "multiple": false, "typeClass": "primitive", "value": "Rendon, Hector"}, "datasetContactAffiliation": {"typeName": "datasetContactAffiliation", "multiple": false, "typeClass": "primitive", "value": "NC State"}, "datasetContactEmail": {"typeName": "datasetContactEmail", "multiple": false, "typeClass": "primitive", "value": "hrendon@ncsu.edu"}}]}, {"typeName": "dsDescription", "multiple": true, "typeClass": "compound", "value": [{"dsDescriptionValue": {"typeName": "dsDescriptionValue", "multiple": false, "typeClass": "primitive", "value": "The Laboratory for Analytic Sciences (LAS) has gained notoriety in the academic community, several colleges have become interested in learning more about the work and the methods conducted at LAS to produce innovative and cutting edge research. For that reason, the College of Design at North Carolina State University has invited LAS to give an invited talk that summarizes some of the research conducted by LAS collaborators. LAS is one of the few efforts around the United States that bring together academia, government, and private companies to work together in challenges related to the intelligence community and big data.\r\n\r\nIn this talk, Dr. Hector Rendon from LAS explains the objectives and possible methods of data analytics research in an interdisciplinary environment. In this sense, this talk is useful for those interested in expanding the common qualitative research methods found in design projects to a mixed-methods approach. By adding quantitative research to qualitative methods it is possible to get a deeper analysis of some topics that are usually linked to design challenges. This talk is useful for both industrial and graphic designers who are interested in learning more about the benefits of working with mixed-methods and data analytics."}}]}, {"typeName": "subject", "multiple": true, "typeClass": "controlledVocabulary", "value": ["Social Sciences"]}, {"typeName": "depositor", "multiple": false, "typeClass": "primitive", "value": "Allen, Forrest"}, {"typeName": "dateOfDeposit", "multiple": false, "typeClass": "primitive", "value": "2017-02-01"}]}, "las": {"displayName": "LAS Metadata", "fields": [{"typeName": "LASkeywords", "multiple": true, "typeClass": "primitive", "value": ["DO6", "HR1", "UX6", "R208", "A125"]}, {"typeName": "LASitemType", "multiple": false, "typeClass": "controlledVocabulary", "value": "Presentation"}, {"typeName": "LASdateAdded", "multiple": false, "typeClass": "primitive", "value": "2017-02-01"}, {"typeName": "LASdateUpdated", "multiple": false, "typeClass": "primitive", "value": "2017-02-01"}, {"typeName": "LASdistributionURL", "multiple": false, "typeClass": "primitive", "value": "https://drive.google.com/open?id=0BwyDr88Pkia5d1I1bUh4VUh6RHc"}, {"typeName": "LASpresentation", "multiple": true, "typeClass": "compound", "value": [{"LASeventName": {"typeName": "LASeventName", "multiple": false, "typeClass": "primitive", "value": "Invited Talk to NC State College of Design"}, "LASeventLocation": {"typeName": "LASeventLocation", "multiple": false, "typeClass": "primitive", "value": "Raleigh, NC"}, "LASdatePresented": {"typeName": "LASdatePresented", "multiple": false, "typeClass": "primitive", "value": "2017-01-31"}}]}]}}}, "global_entity_id": 2588}