{"data": {"id": 627, "versionState": "DRAFT", "productionDate": "Production Date", "lastUpdateTime": "2017-02-01T19:16:42Z", "createTime": "2017-02-01T19:16:42Z", "license": "CC0", "termsOfUse": "CC0 Waiver", "metadataBlocks": {"citation": {"displayName": "Citation Metadata", "fields": [{"typeName": "title", "multiple": false, "typeClass": "primitive", "value": "A Hybrid CNN-RNN Alignment Model for Phrase-Ware Sentence Classification"}, {"typeName": "author", "multiple": true, "typeClass": "compound", "value": [{"authorName": {"typeName": "authorName", "multiple": false, "typeClass": "primitive", "value": "Hsu, Shiou Tian"}, "authorAffiliation": {"typeName": "authorAffiliation", "multiple": false, "typeClass": "primitive", "value": "NC State"}}, {"authorName": {"typeName": "authorName", "multiple": false, "typeClass": "primitive", "value": "Samatova, Nagiza"}, "authorAffiliation": {"typeName": "authorAffiliation", "multiple": false, "typeClass": "primitive", "value": "NC State"}}]}, {"typeName": "datasetContact", "multiple": true, "typeClass": "compound", "value": [{"datasetContactName": {"typeName": "datasetContactName", "multiple": false, "typeClass": "primitive", "value": "Samatova, Nagiza"}, "datasetContactAffiliation": {"typeName": "datasetContactAffiliation", "multiple": false, "typeClass": "primitive", "value": "NC State"}, "datasetContactEmail": {"typeName": "datasetContactEmail", "multiple": false, "typeClass": "primitive", "value": "nfsamato@ncsu.edu"}}]}, {"typeName": "dsDescription", "multiple": true, "typeClass": "compound", "value": [{"dsDescriptionValue": {"typeName": "dsDescriptionValue", "multiple": false, "typeClass": "primitive", "value": "The success of sentence classification often depends on understanding both the \r\nsyntactic and semantic properties of word-phrases. Recent progress on this task has\r\nbeen based on exploiting the grammatical structure of sentences but often this \r\nstructure is difficult to parse and noisy.  In this paper, we propose a structure-\r\nindependent \u2018Gated Representation Alignment\u2019 (GRA) model that blends a phrase-\r\nfocused Convolutional Neural Network (CNN) approach with sequence-oriented Recurrent Neural Network (RNN). Our novel alignment mechanism allows the\r\nRNN to selectively include phrase information in a word-by-word sentence representation, and to do this without awareness of the syntactic structure. An empirical evaluation of GRA shows higher prediction accuracy (up to 4.6%) of fine-\r\ngrained sentiment ratings, when compared to other structure-independent baselines. We also show comparable results to several structure-dependent methods. Finally, \r\nwe analyzed the effect of our alignment mechanism and found that this is critical\r\nto the effectiveness of the CNN-RNN hyrid."}}]}, {"typeName": "subject", "multiple": true, "typeClass": "controlledVocabulary", "value": ["Computer and Information Science", "Engineering"]}, {"typeName": "depositor", "multiple": false, "typeClass": "primitive", "value": "Allen, Forrest"}, {"typeName": "dateOfDeposit", "multiple": false, "typeClass": "primitive", "value": "2017-02-01"}]}, "las": {"displayName": "LAS Metadata", "fields": [{"typeName": "LASkeywords", "multiple": true, "typeClass": "primitive", "value": ["DO6", "NS1", "BA6", "A90", "R194", "R195"]}, {"typeName": "LASdateAdded", "multiple": false, "typeClass": "primitive", "value": "2017-02-01"}, {"typeName": "LASitemType", "multiple": false, "typeClass": "controlledVocabulary", "value": "Publication"}, {"typeName": "LASdateUpdated", "multiple": false, "typeClass": "primitive", "value": "2017-02-01"}, {"typeName": "LASdistributionURL", "multiple": false, "typeClass": "primitive", "value": "https://drive.google.com/a/ncsu.edu/file/d/0B0Q4IyAHtepvX2RRX2s3NEQ2QXM/view?usp=sharing"}, {"typeName": "LASpresentation", "multiple": true, "typeClass": "compound", "value": [{"LASeventName": {"typeName": "LASeventName", "multiple": false, "typeClass": "primitive", "value": "European Chapter of the Association for Computational Linguistics"}, "LASeventLocation": {"typeName": "LASeventLocation", "multiple": false, "typeClass": "primitive", "value": "Valencia, Spain"}, "LASdatePresented": {"typeName": "LASdatePresented", "multiple": false, "typeClass": "primitive", "value": "2017-04-03"}}]}]}}}, "global_entity_id": 2592}