{"data": {"id": 628, "versionState": "DRAFT", "productionDate": "Production Date", "lastUpdateTime": "2017-03-12T13:04:51Z", "createTime": "2017-02-01T19:24:49Z", "license": "CC0", "termsOfUse": "CC0 Waiver", "metadataBlocks": {"citation": {"displayName": "Citation Metadata", "fields": [{"typeName": "title", "multiple": false, "typeClass": "primitive", "value": "Illustrated Newspaper Analytics "}, {"typeName": "author", "multiple": true, "typeClass": "compound", "value": [{"authorName": {"typeName": "authorName", "multiple": false, "typeClass": "primitive", "value": "Fyfe, Paul"}, "authorAffiliation": {"typeName": "authorAffiliation", "multiple": false, "typeClass": "primitive", "value": "NCSU"}}, {"authorName": {"typeName": "authorName", "multiple": false, "typeClass": "primitive", "value": "Ge, Qian"}, "authorAffiliation": {"typeName": "authorAffiliation", "multiple": false, "typeClass": "primitive", "value": "NCSU"}}, {"authorName": {"typeName": "authorName", "multiple": false, "typeClass": "primitive", "value": "Aguayo, Joe"}, "authorAffiliation": {"typeName": "authorAffiliation", "multiple": false, "typeClass": "primitive", "value": "LAS-G"}}]}, {"typeName": "datasetContact", "multiple": true, "typeClass": "compound", "value": [{"datasetContactName": {"typeName": "datasetContactName", "multiple": false, "typeClass": "primitive", "value": "Fyfe, Paul"}, "datasetContactAffiliation": {"typeName": "datasetContactAffiliation", "multiple": false, "typeClass": "primitive", "value": "NCSU"}, "datasetContactEmail": {"typeName": "datasetContactEmail", "multiple": false, "typeClass": "primitive", "value": "pcfyfe@ncsu.edu"}}]}, {"typeName": "dsDescription", "multiple": true, "typeClass": "compound", "value": [{"dsDescriptionValue": {"typeName": "dsDescriptionValue", "multiple": false, "typeClass": "primitive", "value": "The Illustrated Newspaper Analytics project uses emerging techniques in computer vision and image processing to identify visual patterns in a set of illustrated nineteenth-century British newspapers. The data comes from the British Library\u2019s collection of digitized newspapers including The Graphic, The Illustrated Police News, and the Penny Illustrated Paper, containing many thousands of images from the sensational to the mundane circulating in the Victorian press. Nineteenth-century techniques of wood-engraving and halftone processing made possible the printing of images on an enormous scale. As some scholars have argued, the illustrated newspaper made possible an experience of visual mass media before photography (Anderson). As yet, however, techniques for analyzing the nineteenth-century\u2019s extensive visual records remain unproven. Arguably, digital humanities researchers interested in large-scale historical or cultural analysis -- including the data mining of newspapers -- have primarily concentrated on texts. Our project changes the possibilities for computational research into newspaper collections by using image analytics.\r\n\r\nThe Illustrated Newspaper Analytics project represents an innovative partnership between researchers in English literature, Electrical & Computer Engineering, and data analytics in pursuit of a seemingly simple research question: How can computer vision and image processing techniques be adapted for large-scale interpretation of these historical materials? In fact, using these techniques on historical illustrations exposes a number of formidable challenges. As many existing techniques in computer vision are premised on photographic data, the wood-engraved illustrations characteristic of the Victorian mass image do not easily answer to image processing algorithms including face detection, image segmentation, and machine learning frameworks. Our research project documents how these techniques might be applied or adjusted, and explains how we\u2019ve overcome research hurdles by processing historical images based on pixel-level data rather than semantic content. Low-level measures have allowed us to identify patterns and unexpected features within our data set, including the prevalence of maps and night scenes, the demographic consistency of facial portraits, and the first uses of halftone photographs printed by these newspapers. Our project suggests how computer vision techniques can reveal new research questions about nineteenth-century visual culture. The project site offers samples of our workflows as well as speculations about how large-scale image analytics might yield insights into the historical past."}}]}, {"typeName": "subject", "multiple": true, "typeClass": "controlledVocabulary", "value": ["Arts and Humanities", "Computer and Information Science"]}, {"typeName": "depositor", "multiple": false, "typeClass": "primitive", "value": "Boaz, Hannah"}, {"typeName": "dateOfDeposit", "multiple": false, "typeClass": "primitive", "value": "2017-02-01"}]}, "las": {"displayName": "LAS Metadata", "fields": [{"typeName": "LASkeywords", "multiple": true, "typeClass": "primitive", "value": ["DO6", "S6", "PF1", "A109", "R199", "A108", "R198", "JA1"]}, {"typeName": "LASitemType", "multiple": false, "typeClass": "controlledVocabulary", "value": "Report"}, {"typeName": "LASdateAdded", "multiple": false, "typeClass": "primitive", "value": "2017-02-01"}, {"typeName": "LASdateUpdated", "multiple": false, "typeClass": "primitive", "value": "2017-02-02"}, {"typeName": "LASdistributionURL", "multiple": false, "typeClass": "primitive", "value": "https://drive.google.com/a/ncsu.edu/file/d/0BzDPf9g8B1iUTmh2VUxHRWpvV3M/view?usp=sharing"}]}}}, "global_entity_id": 2594}