{"data": {"id": 630, "versionState": "DRAFT", "productionDate": "Production Date", "lastUpdateTime": "2017-02-01T19:40:03Z", "createTime": "2017-02-01T19:40:03Z", "license": "CC0", "termsOfUse": "CC0 Waiver", "metadataBlocks": {"citation": {"displayName": "Citation Metadata", "fields": [{"typeName": "title", "multiple": false, "typeClass": "primitive", "value": "Individual and Group-Level Factors associated with Radicalization and Terrorism"}, {"typeName": "author", "multiple": true, "typeClass": "compound", "value": [{"authorName": {"typeName": "authorName", "multiple": false, "typeClass": "primitive", "value": "Brugh, Christine"}, "authorAffiliation": {"typeName": "authorAffiliation", "multiple": false, "typeClass": "primitive", "value": "NC State"}}, {"authorName": {"typeName": "authorName", "multiple": false, "typeClass": "primitive", "value": "Simons-Rudolph, Joe"}, "authorAffiliation": {"typeName": "authorAffiliation", "multiple": false, "typeClass": "primitive", "value": "NC State"}}, {"authorName": {"typeName": "authorName", "multiple": false, "typeClass": "primitive", "value": "Desmaris, Sarah"}, "authorAffiliation": {"typeName": "authorAffiliation", "multiple": false, "typeClass": "primitive", "value": "NC State"}}, {"authorName": {"typeName": "authorName", "multiple": false, "typeClass": "primitive", "value": "Morgan, Jessica"}, "authorAffiliation": {"typeName": "authorAffiliation", "multiple": false, "typeClass": "primitive", "value": "NC State"}}, {"authorName": {"typeName": "authorName", "multiple": false, "typeClass": "primitive", "value": "Mills, Sarah"}, "authorAffiliation": {"typeName": "authorAffiliation", "multiple": false, "typeClass": "primitive", "value": "NC State"}}, {"authorName": {"typeName": "authorName", "multiple": false, "typeClass": "primitive", "value": "Schilling, Eileen"}, "authorAffiliation": {"typeName": "authorAffiliation", "multiple": false, "typeClass": "primitive", "value": "NC State"}}, {"authorName": {"typeName": "authorName", "multiple": false, "typeClass": "primitive", "value": "Edwards, Shelby"}, "authorAffiliation": {"typeName": "authorAffiliation", "multiple": false, "typeClass": "primitive", "value": "NC State"}}]}, {"typeName": "datasetContact", "multiple": true, "typeClass": "compound", "value": [{"datasetContactName": {"typeName": "datasetContactName", "multiple": false, "typeClass": "primitive", "value": "Simons-Rudolph, Joe"}, "datasetContactAffiliation": {"typeName": "datasetContactAffiliation", "multiple": false, "typeClass": "primitive", "value": "NC State"}, "datasetContactEmail": {"typeName": "datasetContactEmail", "multiple": false, "typeClass": "primitive", "value": "jmrudolp@ncsu.edu"}}]}, {"typeName": "dsDescription", "multiple": true, "typeClass": "compound", "value": [{"dsDescriptionValue": {"typeName": "dsDescriptionValue", "multiple": false, "typeClass": "primitive", "value": "One strategy in the fight against terrorism has been to try to identify individuals and/or groups at risk of becoming (more) radicalized. This strategy requires an understanding\u2013and most importantly, empirical evidence\u2013of factors associated with membership in terrorist organizations. To that end, we summarized the scientific literature to: (a) identify consensus in the literature on factors associated with membership in terrorist organizations; (b) drive future research directions; and (c) inform evidence-based strategies to prevent terrorist attacks. Records were identified through searches of six abstracting and indexing databases using the following search terms: (a) terror* member*, (b) terror* affiliate*, (c) terror* radical*, and (d) predict* terror*. Inclusion criteria were: (a) discussed the prediction of terrorism; (b) addressed variables related to the process of radicalization or characteristics of terrorists; (c) reported in peer-review journals, dissertations, theses, conference presentations, government reports, or book chapters; (d) written in English (or reliable translation); and (e) produced between 1990 and 2015. \r\n\r\nIn total, 202 articles met our inclusion criteria. Articles were coded using a comprehensive coding scheme, with a subset (17.8%) coded by two researchers to establish inter-rater reliability. Articles were primarily written by authors from the United States (59.4%). There has been a considerable increase in publications over time, with most (74.3%) published in the last 10 years. Despite this increase, the majority of articles have been theoretical (47.5%). Only 24.3% reported on findings of empirical research and 16.3% reported on findings from case studies. The articles were largely focused around a few models of radicalization to terrorism (Borum, 2003; McCauley & Moskalenko, 2008; Moghaddam, 2005). Of the empirical articles, almost half (44.9%) were published between 2011 and 2015. Only 12.4% of the empirical articles reported analyses of primary data, whereas 23.8% reported findings from secondary data. Data sources ranged from publicly accessible databases to small case studies. The vast majority of the articles (81.2%) cited findings reported in other articles as their data source.\r\n\r\nWe examined three aspects of terrorism in each article: (1) ideological focus, (2) terrorist typology, and (3) type of violence. The majority of the articles did not specify a focus in any area. For ideological focus, 42.1% were not specified. Religious fundamentalism was addressed in 37.1% of the articles, with smaller percentages of articles addressing right-wing (22.3%), left-wing (15.3%), nationalist-separatist (19.3%), and social revolutionary ideologies (8.4%). One-third of the articles (35.6%) did not specify the type of terrorist; lone-wolf terrorists were addressed in 16.8% of the articles and autonomous cell terrorists addressed in only 12.4%. Terror group members were the most frequently discussed type of terrorist, occurring in 21.8% of articles. Finally, for type of violence, 54.0% of the articles had no specified focus; suicide bombings (39.6%) were the most prominent type of violence discussed, while school shootings and workplace violence together represented only 3.5%. Taken together, findings underscore the limited evidence supporting current models of membership in terrorist organizations and suggest several critical avenues for future research.\r\n"}}]}, {"typeName": "subject", "multiple": true, "typeClass": "controlledVocabulary", "value": ["Social Sciences"]}, {"typeName": "notesText", "multiple": false, "typeClass": "primitive", "value": "Submitted to 2017 American Psychology Conference"}, {"typeName": "depositor", "multiple": false, "typeClass": "primitive", "value": "Allen, Forrest"}, {"typeName": "dateOfDeposit", "multiple": false, "typeClass": "primitive", "value": "2017-02-01"}]}, "las": {"displayName": "LAS Metadata", "fields": [{"typeName": "LASkeywords", "multiple": true, "typeClass": "primitive", "value": ["DO6", "JS1", "SD1", "BA6", "A94", "R173"]}, {"typeName": "LASdateAdded", "multiple": false, "typeClass": "primitive", "value": "2017-02-01"}, {"typeName": "LASitemType", "multiple": false, "typeClass": "controlledVocabulary", "value": "Publication"}, {"typeName": "LASdateUpdated", "multiple": false, "typeClass": "primitive", "value": "2017-02-01"}, {"typeName": "LASdistributionURL", "multiple": false, "typeClass": "primitive", "value": "https://drive.google.com/a/ncsu.edu/file/d/0BwyDr88Pkia5VDMybXpnTEhHNVE/view?usp=sharing"}]}}}, "global_entity_id": 2598}