{"data": {"id": 632, "versionState": "DRAFT", "productionDate": "Production Date", "lastUpdateTime": "2017-02-01T21:12:37Z", "createTime": "2017-02-01T21:12:37Z", "license": "CC0", "termsOfUse": "CC0 Waiver", "metadataBlocks": {"citation": {"displayName": "Citation Metadata", "fields": [{"typeName": "title", "multiple": false, "typeClass": "primitive", "value": "Investigations into Some Quantitative Aspects of Future States Processing for DO5"}, {"typeName": "author", "multiple": true, "typeClass": "compound", "value": [{"authorName": {"typeName": "authorName", "multiple": false, "typeClass": "primitive", "value": "Lahiri, Soumen"}, "authorAffiliation": {"typeName": "authorAffiliation", "multiple": false, "typeClass": "primitive", "value": "NC State"}}, {"authorName": {"typeName": "authorName", "multiple": false, "typeClass": "primitive", "value": "Martin, Donald "}}, {"authorName": {"typeName": "authorName", "multiple": false, "typeClass": "primitive", "value": "Nordman, Dan "}}, {"authorName": {"typeName": "authorName", "multiple": false, "typeClass": "primitive", "value": "Roberts, Dave "}}]}, {"typeName": "datasetContact", "multiple": true, "typeClass": "compound", "value": [{"datasetContactName": {"typeName": "datasetContactName", "multiple": false, "typeClass": "primitive", "value": "Lahiri, Soumen"}, "datasetContactAffiliation": {"typeName": "datasetContactAffiliation", "multiple": false, "typeClass": "primitive", "value": "NC State"}, "datasetContactEmail": {"typeName": "datasetContactEmail", "multiple": false, "typeClass": "primitive", "value": "snlahiri@ncsu.edu "}}]}, {"typeName": "dsDescription", "multiple": true, "typeClass": "compound", "value": [{"dsDescriptionValue": {"typeName": "dsDescriptionValue", "multiple": false, "typeClass": "primitive", "value": "As stated in the \u201c2014-Open- house VISION\u201d statement, Future States Processing is a mechanism that conceives of the state of an entity (e.g., a person, place, or thing) at some time point in the future based on a current collection of information. Further, this effort is expected to create a rigorous mathematical framework for assigning probabilities or confidence scores to possible future states. To address these objectives, here we seek to develop a mathematical framework to (i) identify, (ii) refine, (iii) predict future states of a group of individuals or agents from available data on interactions of the group of individuals among themselves and with outside entities, including analysts. Our goal is to develop statistical methods to (iv) assign likelihoods to possible future states and determine effects of potential (inter-)actions of the analysts on the future states of the group. Here we plan to develop a dynamic network model that allows us to address different aspects of the FSP initiative, including (i)-(iii) and assign probabilities to future states using graphical statistical models. "}}]}, {"typeName": "subject", "multiple": true, "typeClass": "controlledVocabulary", "value": ["Computer and Information Science", "Mathematical Sciences"]}, {"typeName": "depositor", "multiple": false, "typeClass": "primitive", "value": "Allen, Forrest"}, {"typeName": "dateOfDeposit", "multiple": false, "typeClass": "primitive", "value": "2017-02-01"}]}, "las": {"displayName": "LAS Metadata", "fields": [{"typeName": "LASkeywords", "multiple": true, "typeClass": "primitive", "value": ["DO5", "SL1", "R139", "S5", "A86"]}, {"typeName": "LASdateAdded", "multiple": false, "typeClass": "primitive", "value": "2017-02-01"}, {"typeName": "LASitemType", "multiple": false, "typeClass": "controlledVocabulary", "value": "Report"}, {"typeName": "LASdateUpdated", "multiple": false, "typeClass": "primitive", "value": "2017-02-01"}, {"typeName": "LASdistributionURL", "multiple": false, "typeClass": "primitive", "value": "https://drive.google.com/a/ncsu.edu/file/d/0BzDPf9g8B1iUY0N0QmNfUmFOcUE/view?usp=sharing"}]}}}, "global_entity_id": 2602}