{"data": {"id": 634, "versionState": "DRAFT", "productionDate": "Production Date", "lastUpdateTime": "2017-03-12T13:38:30Z", "createTime": "2017-02-02T18:38:26Z", "license": "CC0", "termsOfUse": "CC0 Waiver", "metadataBlocks": {"citation": {"displayName": "Citation Metadata", "fields": [{"typeName": "title", "multiple": false, "typeClass": "primitive", "value": "Toward using Genetic Algorithms for the  Evolution of Narrative Possible Worlds"}, {"typeName": "author", "multiple": true, "typeClass": "compound", "value": [{"authorName": {"typeName": "authorName", "multiple": false, "typeClass": "primitive", "value": "Cardona-Rivera, Rogelio"}, "authorAffiliation": {"typeName": "authorAffiliation", "multiple": false, "typeClass": "primitive", "value": "NC State"}}, {"authorName": {"typeName": "authorName", "multiple": false, "typeClass": "primitive", "value": "Amos-Binks, Adam"}, "authorAffiliation": {"typeName": "authorAffiliation", "multiple": false, "typeClass": "primitive", "value": "LAS-G"}}]}, {"typeName": "datasetContact", "multiple": true, "typeClass": "compound", "value": [{"datasetContactName": {"typeName": "datasetContactName", "multiple": false, "typeClass": "primitive", "value": "Amos-Binks, Adam"}, "datasetContactAffiliation": {"typeName": "datasetContactAffiliation", "multiple": false, "typeClass": "primitive", "value": "LAS-G"}, "datasetContactEmail": {"typeName": "datasetContactEmail", "multiple": false, "typeClass": "primitive", "value": "aaamosbi@ncsu.edu"}}]}, {"typeName": "dsDescription", "multiple": true, "typeClass": "compound", "value": [{"dsDescriptionValue": {"typeName": "dsDescriptionValue", "multiple": false, "typeClass": "primitive", "value": "Computational models of narrative are formally specified models of story generation and understanding, and have been used as a way to precisely describe the cognitive processes that underlie the human capacity to comprehend our daily lives by weaving narratives around it. Current research within the intelligent narrative technologies community seeks to endow artificial intelligence (AI) agents with computational narrative reasoning capabilities: these agents are designed to construct narratives from logical encodings of narrative possible worlds, by placing other agents (i.e. narrative characters) in webs of relations, and by reasoning over their actions to evolve some initial state of affairs to some narratively desired outcome. In real world task environments where data is sparse or unstructured, these narrative trajectories enrich affordances for sense-making because they: a) help explain the reasons why agents in the environment decided to take the recorded actions, and b) help anticipate upcoming actions through the use of narrative-theoretic structures that are so prevalent in human cognition.\r\n\r\nIn the design of logic-based narrative agents, the Closed World Assumption (CWA) is the simplifying assumption that everything which is not explicitly marked as a true sentence of the narrative world is explicitly marked as a false sentence. For example, let\u2019s assume we had a narrative world with only one typed relationship member-of(?agent, ?organization), three typed objects bob \u2212 agent, alice \u2212 agent, and NSF \u2212 organization, and we specified our initial condition of the world as: member-of(alice, NSF).\r\n\r\nThrough the CWA, we would have to assume that member-of(bob, NSF) is a false sentence because it is not explicitly stated. In domains where counterfactual reasoning or hypothetical reasoning is required (such as narrative domains), the CWA clearly presents a limitation. For reasons of parsimony and cognitive economy, when human story tellers fail to communicate facts about the world, it is not necessarily the case that the unstated facts are false.\r\n\r\nOne way to ameliorate the strong commitment that the CWA imposes is for narrative\r\nAI agents to adopt the Open World Assumption (OWA), which states that untold facts\r\nare simply unknown. The OWA has been explored in narrative AI research, and \r\nremains a fertile research area. However, notwithstanding the limitation that the CWA \r\npresents on narrative reasoning, the state-of-the-art in narrative generation continues to use it, due to its attractive computational properties; plainly, reasoning with the CWA is computationally economical.\r\n\r\nA different way to relax the CWA is to algorithmically transform the dynamics of the \r\nworld that the CWA operates over. This would entail varying the available relationships, initial states, goal states, and actions that exist in the world, to create different scenarios designed to explore alternative narrative possible worlds. This approach would reap as many computational benefits of operating with the CWA, while overcoming the representational limitations that arise from its commitment to the nature of facts in a logical environment.\r\n\r\nIn this paper, we outline the results of applying genetic algorithms to the problem of \r\nalgorithmically transforming narrative world dynamics subject to the CWA. Unfortunately, the problem of evolving narrative domains and problems (i.e. the problem of searching through a possible world space) does not lend itself well to an evolutionary approach: a significant limitation to this work is the lack of metrics available that quantify the effect of edits to a narrative domain on the underlying state-transition system that the domain implies. Thus, although we obtained negative results, we hope to highlight why we obtained those results in order for future work to address these issues going forward. \r\n\r\n"}}]}, {"typeName": "subject", "multiple": true, "typeClass": "controlledVocabulary", "value": ["Computer and Information Science", "Engineering"]}, {"typeName": "depositor", "multiple": false, "typeClass": "primitive", "value": "Allen, Forrest"}, {"typeName": "dateOfDeposit", "multiple": false, "typeClass": "primitive", "value": "2017-02-02"}]}, "las": {"displayName": "LAS Metadata", "fields": [{"typeName": "LASkeywords", "multiple": true, "typeClass": "primitive", "value": ["DO6", "MY1", "BA6", "A96", "R170", "AA2"]}, {"typeName": "LASdateAdded", "multiple": false, "typeClass": "primitive", "value": "2017-02-02"}, {"typeName": "LASitemType", "multiple": false, "typeClass": "controlledVocabulary", "value": "Report"}, {"typeName": "LASdateUpdated", "multiple": false, "typeClass": "primitive", "value": "2017-02-02"}, {"typeName": "LASdistributionURL", "multiple": false, "typeClass": "primitive", "value": "https://drive.google.com/a/ncsu.edu/file/d/0BwyDr88Pkia5NGUycU1JY3ZiQWNUcDVhQ0tfcmZ0akk2UkxF/view?usp=sharing"}]}}}, "global_entity_id": 2609}