{"data": {"id": 653, "versionState": "DRAFT", "productionDate": "Production Date", "lastUpdateTime": "2017-02-09T02:09:58Z", "createTime": "2017-02-09T02:05:01Z", "license": "CC0", "termsOfUse": "CC0 Waiver", "metadataBlocks": {"citation": {"displayName": "Citation Metadata", "fields": [{"typeName": "title", "multiple": false, "typeClass": "primitive", "value": "Conditional Central Limit Theorems for Gaussian Projections"}, {"typeName": "author", "multiple": true, "typeClass": "compound", "value": [{"authorName": {"typeName": "authorName", "multiple": false, "typeClass": "primitive", "value": "Reeves, Galen"}, "authorAffiliation": {"typeName": "authorAffiliation", "multiple": false, "typeClass": "primitive", "value": "Duke University"}}]}, {"typeName": "datasetContact", "multiple": true, "typeClass": "compound", "value": [{"datasetContactName": {"typeName": "datasetContactName", "multiple": false, "typeClass": "primitive", "value": "Reeves, Galen"}, "datasetContactAffiliation": {"typeName": "datasetContactAffiliation", "multiple": false, "typeClass": "primitive", "value": "Duke University"}, "datasetContactEmail": {"typeName": "datasetContactEmail", "multiple": false, "typeClass": "primitive", "value": "galen.reeves@duke.edu"}}]}, {"typeName": "dsDescription", "multiple": true, "typeClass": "compound", "value": [{"dsDescriptionValue": {"typeName": "dsDescriptionValue", "multiple": false, "typeClass": "primitive", "value": "This paper addresses the question of when projections of a high-dimensional random vector are approximately Gaussian. This problem has been studied previously in the context of high-dimensional data analysis, where the focus is on low-dimensional projections of high-dimensional point clouds. The focus of this paper is on the typical behavior when the projections are generated by an i.i.d. Gaussian projection matrix. The main results are bounds on the deviation between the conditional distribution of the projections and a Gaussian approximation, where the conditioning is on the projection matrix. The bounds are given in terms of the quadratic Wasserstein distance and relative entropy and are stated explicitly as a function of the number of projections and certain key properties of the random vector. The proof uses Talagrand\u2019s transportation inequality and a general integral-moment inequality for mutual information. Applications to random linear estimation and compressed sensing are discussed."}, "dsDescriptionDate": {"typeName": "dsDescriptionDate", "multiple": false, "typeClass": "primitive", "value": "2017-01-15"}}]}, {"typeName": "subject", "multiple": true, "typeClass": "controlledVocabulary", "value": ["Mathematical Sciences"]}, {"typeName": "notesText", "multiple": false, "typeClass": "primitive", "value": "https://drive.google.com/open?id=0BzDPf9g8B1iUUzQtMUlQSU52MGc"}, {"typeName": "depositor", "multiple": false, "typeClass": "primitive", "value": "Wilson, Alyson"}, {"typeName": "dateOfDeposit", "multiple": false, "typeClass": "primitive", "value": "2017-02-08"}]}, "las": {"displayName": "LAS Metadata", "fields": [{"typeName": "LASkeywords", "multiple": true, "typeClass": "primitive", "value": ["DO6", "UX6", "GR2", "A114", "R166"]}, {"typeName": "LASitemType", "multiple": false, "typeClass": "controlledVocabulary", "value": "Publication"}, {"typeName": "LASdateAdded", "multiple": false, "typeClass": "primitive", "value": "2017-02-08"}, {"typeName": "LASdateUpdated", "multiple": false, "typeClass": "primitive", "value": "2017-02-08"}, {"typeName": "LASdistributionURL", "multiple": false, "typeClass": "primitive", "value": "https://drive.google.com/open?id=0BzDPf9g8B1iUQVRmOGdFVVFYZnc"}, {"typeName": "LASpublication", "multiple": false, "typeClass": "compound", "value": {"LASpublisher": {"typeName": "LASpublisher", "multiple": false, "typeClass": "primitive", "value": "IEEE International Symposium on Information Theory (ISIT) 2017"}}}]}}}, "global_entity_id": 2654}