{"data": {"id": 656, "versionState": "DRAFT", "productionDate": "Production Date", "lastUpdateTime": "2017-02-09T02:30:01Z", "createTime": "2017-02-09T02:30:01Z", "license": "CC0", "termsOfUse": "CC0 Waiver", "metadataBlocks": {"citation": {"displayName": "Citation Metadata", "fields": [{"typeName": "title", "multiple": false, "typeClass": "primitive", "value": "Retrospective on a Decade of Research in Visualization for Cybersecurity"}, {"typeName": "author", "multiple": true, "typeClass": "compound", "value": [{"authorName": {"typeName": "authorName", "multiple": false, "typeClass": "primitive", "value": "Crouser, Jordan"}, "authorAffiliation": {"typeName": "authorAffiliation", "multiple": false, "typeClass": "primitive", "value": "Smith College"}}, {"authorName": {"typeName": "authorName", "multiple": false, "typeClass": "primitive", "value": "Fukuda, Erina"}, "authorAffiliation": {"typeName": "authorAffiliation", "multiple": false, "typeClass": "primitive", "value": "Smith College"}}, {"authorName": {"typeName": "authorName", "multiple": false, "typeClass": "primitive", "value": "Sridharz, Subashini"}, "authorAffiliation": {"typeName": "authorAffiliation", "multiple": false, "typeClass": "primitive", "value": "Smith College"}}]}, {"typeName": "datasetContact", "multiple": true, "typeClass": "compound", "value": [{"datasetContactName": {"typeName": "datasetContactName", "multiple": false, "typeClass": "primitive", "value": "Crouser, Jordan"}, "datasetContactAffiliation": {"typeName": "datasetContactAffiliation", "multiple": false, "typeClass": "primitive", "value": "Smith College"}, "datasetContactEmail": {"typeName": "datasetContactEmail", "multiple": false, "typeClass": "primitive", "value": "jcrouser@smith.edu"}}]}, {"typeName": "dsDescription", "multiple": true, "typeClass": "compound", "value": [{"dsDescriptionValue": {"typeName": "dsDescriptionValue", "multiple": false, "typeClass": "primitive", "value": "Over the past decade, the visualization for cybersecurity (VizSec)\r\nresearch community has adapted many information visualization techniques to support the critical work of cyber analysts. While\r\nthese efforts have yielded many specialized tools and platforms, the\r\ncommunity lacks a unified approach to the design and implementation\r\nof these systems. In this work, we provide a retrospective analysis\r\nof the past decade of VizSec publications, with an eye toward\r\ndeveloping a more cohesive understanding of the emerging patterns\r\nof design at work in our community. We identify common thematic\r\ngroupings among existing work, as well as several interesting patterns of design around the utilization of various visual encodings.\r\nWe also discuss existing gaps in the adaptation of information visualization techniques to cybersecurity applications, and recommend avenues for future exploration."}}]}, {"typeName": "subject", "multiple": true, "typeClass": "controlledVocabulary", "value": ["Computer and Information Science"]}, {"typeName": "depositor", "multiple": false, "typeClass": "primitive", "value": "Wilson, Alyson"}, {"typeName": "dateOfDeposit", "multiple": false, "typeClass": "primitive", "value": "2017-02-08"}]}, "las": {"displayName": "LAS Metadata", "fields": [{"typeName": "LASkeywords", "multiple": true, "typeClass": "primitive", "value": ["JC1", "UX6", "DO6", "A117", "R169"]}, {"typeName": "LASitemType", "multiple": false, "typeClass": "controlledVocabulary", "value": "Publication"}, {"typeName": "LASdateAdded", "multiple": false, "typeClass": "primitive", "value": "2017-02-08"}, {"typeName": "LASdateUpdated", "multiple": false, "typeClass": "primitive", "value": "2017-02-08"}, {"typeName": "LASdistributionURL", "multiple": false, "typeClass": "primitive", "value": "https://drive.google.com/open?id=0BzDPf9g8B1iUSTNwWmJuWUQ1Tkk"}, {"typeName": "LASpresentation", "multiple": true, "typeClass": "compound", "value": [{"LASeventName": {"typeName": "LASeventName", "multiple": false, "typeClass": "primitive", "value": "IEEE Symposium on Technologies for Homeland Security"}, "LASeventLocation": {"typeName": "LASeventLocation", "multiple": false, "typeClass": "primitive", "value": "Boston, MA"}, "LASdatePresented": {"typeName": "LASdatePresented", "multiple": false, "typeClass": "primitive", "value": "2016-05-10"}}]}]}}}, "global_entity_id": 2662}