{"data": {"id": 657, "versionState": "DRAFT", "productionDate": "Production Date", "lastUpdateTime": "2017-02-09T16:32:59Z", "createTime": "2017-02-09T16:31:13Z", "license": "CC0", "termsOfUse": "CC0 Waiver", "metadataBlocks": {"citation": {"displayName": "Citation Metadata", "fields": [{"typeName": "title", "multiple": false, "typeClass": "primitive", "value": "Facilitating Analysis and Critical Thinking Skills (FACTS)"}, {"typeName": "author", "multiple": true, "typeClass": "compound", "value": [{"authorName": {"typeName": "authorName", "multiple": false, "typeClass": "primitive", "value": "Allen, Forrest"}, "authorAffiliation": {"typeName": "authorAffiliation", "multiple": false, "typeClass": "primitive", "value": "NC State"}}]}, {"typeName": "datasetContact", "multiple": true, "typeClass": "compound", "value": [{"datasetContactName": {"typeName": "datasetContactName", "multiple": false, "typeClass": "primitive", "value": "Allen, Forrest"}, "datasetContactAffiliation": {"typeName": "datasetContactAffiliation", "multiple": false, "typeClass": "primitive", "value": "NC State"}, "datasetContactEmail": {"typeName": "datasetContactEmail", "multiple": false, "typeClass": "primitive", "value": "fdallen@ncsu.edu"}}]}, {"typeName": "dsDescription", "multiple": true, "typeClass": "compound", "value": [{"dsDescriptionValue": {"typeName": "dsDescriptionValue", "multiple": false, "typeClass": "primitive", "value": "To address this need, Aptima is developing software for Facilitating Analysis and Critical Thinking Skills (FACTS). FACTS is a web application that prompts analysts to use structured analytic methods and collaborative critical thinking skills to improve reliability, repeatability, and rigor. FACTS facilitates tradecraft with user-driven and automated processes to organize, visualize, connect, and structure diverse evidence in hypotheses. Processes are evaluated using the Analytic Rigor framework, which uses quantitative metrics of user activity and included information to identify shortcomings in analytic processes. When appropriate, FACTS recommends steps to improve the rigor of analytic processes. Finally, FACTS facilitates collaboration by allowing users to share hypotheses and findings,and a record of their analytic processes.\r\n\r\nThis paper outlines recommended future directions for the FACTS tool. The initial FACTS implementation focused on four of the eight attributes of Analytic Rigor, and future work will expand FACTS to include assessment of all eight attributes across two common structured argumentation techniques. We present measurement strategies for the four remaining attributes, including opportunities for the intelligence community to provide input and oversight. In addition to expanding the use of Analytic Rigor to better support analysts, future plans for FACTS include expansion of collaboration features to support more detailed sharing of analytic workflows and richer visualization of collaborative activity. Recorded and processed activity data will be leveraged to improve both recommendations and collaboration support by accounting for individual differences and the activity patterns of teams. Additional enhancements also include the ability to import and ingest external datasets, as well as integrate with other IC tools and workflows.\r\n\r\nThe source code for the prototype can be found here: https://drive.google.com/a/ncsu.edu/folderview?id=0B3DHfxjlvlW4fnhFSUN5Z3NXVGt1SFo0ZWc4Yms4eTdZZ25GNG5KQmlNYjZsRDdnMXhHaUU"}}]}, {"typeName": "subject", "multiple": true, "typeClass": "controlledVocabulary", "value": ["Computer and Information Science", "Engineering", "Social Sciences"]}, {"typeName": "depositor", "multiple": false, "typeClass": "primitive", "value": "Allen, Forrest"}, {"typeName": "dateOfDeposit", "multiple": false, "typeClass": "primitive", "value": "2017-02-09"}]}, "las": {"displayName": "LAS Metadata", "fields": [{"typeName": "LASkeywords", "multiple": true, "typeClass": "primitive", "value": ["DO4", "SL2", "CTS4", "A62", "R113", "R114", "R115", "R116", "R117"]}, {"typeName": "LASitemType", "multiple": false, "typeClass": "controlledVocabulary", "value": "Software"}, {"typeName": "LASdateAdded", "multiple": false, "typeClass": "primitive", "value": "2017-02-09"}, {"typeName": "LASdateUpdated", "multiple": false, "typeClass": "primitive", "value": "2017-02-09"}, {"typeName": "LASdistributionURL", "multiple": false, "typeClass": "primitive", "value": "https://drive.google.com/drive/folders/0BwyDr88Pkia5NUFmVFhKaEduTFU?usp=sharing"}]}}}, "global_entity_id": 2664}