{"data": {"id": 661, "versionState": "DRAFT", "productionDate": "Production Date", "lastUpdateTime": "2017-02-09T19:36:53Z", "createTime": "2017-02-09T19:36:53Z", "license": "CC0", "termsOfUse": "CC0 Waiver", "metadataBlocks": {"citation": {"displayName": "Citation Metadata", "fields": [{"typeName": "title", "multiple": false, "typeClass": "primitive", "value": "SAS Veracity Prototype"}, {"typeName": "author", "multiple": true, "typeClass": "compound", "value": [{"authorName": {"typeName": "authorName", "multiple": false, "typeClass": "primitive", "value": "Hobson, Kelly"}, "authorAffiliation": {"typeName": "authorAffiliation", "multiple": false, "typeClass": "primitive", "value": "SAS"}}, {"authorName": {"typeName": "authorName", "multiple": false, "typeClass": "primitive", "value": "Ghattamaneni, Sriram "}, "authorAffiliation": {"typeName": "authorAffiliation", "multiple": false, "typeClass": "primitive", "value": "SAS"}}]}, {"typeName": "datasetContact", "multiple": true, "typeClass": "compound", "value": [{"datasetContactName": {"typeName": "datasetContactName", "multiple": false, "typeClass": "primitive", "value": "Davis, Lori"}, "datasetContactAffiliation": {"typeName": "datasetContactAffiliation", "multiple": false, "typeClass": "primitive", "value": "SAS"}, "datasetContactEmail": {"typeName": "datasetContactEmail", "multiple": false, "typeClass": "primitive", "value": "lori.davis@sas.com"}}]}, {"typeName": "dsDescription", "multiple": true, "typeClass": "compound", "value": [{"dsDescriptionValue": {"typeName": "dsDescriptionValue", "multiple": false, "typeClass": "primitive", "value": "Purpose:  Build a SAS based prototype that will assess and score the veracity of Big Data from a variety of sources\r\n\r\nSuccess Criteria:  \r\nAssess the veracity of Big Data from a variety of sources\r\n\r\nValidate the veracity using more than one analytical tool and/or\r\napproach is more valuable than using just one\r\n\r\nAble to run the prototype in another environment containing the same SAS software\r\n\r\nScalable\r\n\r\n\r\nHigh level project description / boundaries\r\n\r\nDesign, build and test a prototype using SAS software that assesses\r\nveracity of Big Data from a variety of sources. The SAS software will be installed in NCSU\u2019s OSCAR environment.\r\n\r\nVeracity depth assessment: identify a topic and assess veracity depth including multi lingual sources. For example, ISIS tweets validated using at least 2 sources.\r\n\r\nVeracity breadth evaluation: Evaluate the possibility of assessing\r\nveracity against text independent of specialized domain space."}}]}, {"typeName": "subject", "multiple": true, "typeClass": "controlledVocabulary", "value": ["Computer and Information Science", "Engineering"]}, {"typeName": "depositor", "multiple": false, "typeClass": "primitive", "value": "Allen, Forrest"}, {"typeName": "dateOfDeposit", "multiple": false, "typeClass": "primitive", "value": "2017-02-09"}]}, "las": {"displayName": "LAS Metadata", "fields": [{"typeName": "LASkeywords", "multiple": true, "typeClass": "primitive", "value": ["LD1", "DO4", "VV4", "A66", "R120"]}, {"typeName": "LASitemType", "multiple": false, "typeClass": "controlledVocabulary", "value": "Software"}, {"typeName": "LASdateAdded", "multiple": false, "typeClass": "primitive", "value": "2017-02-09"}, {"typeName": "LASdateUpdated", "multiple": false, "typeClass": "primitive", "value": "2017-02-09"}]}}}, "global_entity_id": 2697}