{"data": {"id": 667, "versionState": "DRAFT", "productionDate": "Production Date", "lastUpdateTime": "2017-02-13T14:42:53Z", "createTime": "2017-02-13T14:42:53Z", "license": "CC0", "termsOfUse": "CC0 Waiver", "metadataBlocks": {"citation": {"displayName": "Citation Metadata", "fields": [{"typeName": "title", "multiple": false, "typeClass": "primitive", "value": "A Survey of Visual Analytics Tools for Effective Decision-Making"}, {"typeName": "author", "multiple": true, "typeClass": "compound", "value": [{"authorName": {"typeName": "authorName", "multiple": false, "typeClass": "primitive", "value": "Crouser, Jordan"}, "authorAffiliation": {"typeName": "authorAffiliation", "multiple": false, "typeClass": "primitive", "value": "Smith College"}}, {"authorName": {"typeName": "authorName", "multiple": false, "typeClass": "primitive", "value": "Fukuda, Erina"}, "authorAffiliation": {"typeName": "authorAffiliation", "multiple": false, "typeClass": "primitive", "value": "Smith College"}}, {"authorName": {"typeName": "authorName", "multiple": false, "typeClass": "primitive", "value": "Sridhar, Subashini "}, "authorAffiliation": {"typeName": "authorAffiliation", "multiple": false, "typeClass": "primitive", "value": "Smith College"}}]}, {"typeName": "datasetContact", "multiple": true, "typeClass": "compound", "value": [{"datasetContactName": {"typeName": "datasetContactName", "multiple": false, "typeClass": "primitive", "value": "Crouser, Jordan"}, "datasetContactAffiliation": {"typeName": "datasetContactAffiliation", "multiple": false, "typeClass": "primitive", "value": "Smith College"}, "datasetContactEmail": {"typeName": "datasetContactEmail", "multiple": false, "typeClass": "primitive", "value": "jcrouser@smith.edu"}}]}, {"typeName": "dsDescription", "multiple": true, "typeClass": "compound", "value": [{"dsDescriptionValue": {"typeName": "dsDescriptionValue", "multiple": false, "typeClass": "primitive", "value": "In order to extract meaningful information from large and complex datasets, analysts must leverage many different computational techniques and synthesize the results. Much prior work has focused either on advancing the capabilities of machine-centric approaches such as data mining and machine learning, or human-driven methods such as visualization and data curation. However, in order to address the most pressing analytical issues facing intelligence analysts, it is important to engage both human and machine components simultaneously: a true human-machine symbiotic\r\nrelationship where users and machines work collaboratively and adapt to each other to advance an interactive analytic process.\r\n\r\nUnfortunately, the lack of clear best practices for their design and implementation has hindered the development of these tools for use in intelligence analysis. To bridge this gap, it is important not only to understand the landscape of proven techniques that have emerged from the academic and commercial sectors, but to align these techniques with the specific needs of the intelligence analyst. In this work, we provide a survey of the relevant literature on visual analytics systems that have been demonstrated to support effective decision-making in a variety of contexts, and make\r\nassociated recommendations for how these techniques might be adapted for use in an intelligence analysis context.\r\n\r\nThe literature on decision support systems is scattered across an immense number of venues. The systems surveyed under this effort have been selected from the most highly-respected academic conferences and journals in the visual analytics community: the proceedings of the ACM SIGCHI Conference on Human Computer Interaction, the IEEE Conference on Visual Analytics Science and Technology, the IEEE Conference on Information Visualization, as well as Transactions on Visualization and Computer Graphics. While discussions on the details of computational architecture and the analysis of systems and techniques presented in other venues is beyond the scope of this survey, we believe that the examples and recommendations presented herein comprise the state of the art in visual analytical techniques for decision-making."}}]}, {"typeName": "subject", "multiple": true, "typeClass": "controlledVocabulary", "value": ["Computer and Information Science"]}, {"typeName": "depositor", "multiple": false, "typeClass": "primitive", "value": "Allen, Forrest"}, {"typeName": "dateOfDeposit", "multiple": false, "typeClass": "primitive", "value": "2017-02-13"}]}, "las": {"displayName": "LAS Metadata", "fields": [{"typeName": "LASkeywords", "multiple": true, "typeClass": "primitive", "value": ["DO6", "JC1", "UX6", "A117", "R169"]}, {"typeName": "LASdateAdded", "multiple": false, "typeClass": "primitive", "value": "2017-02-13"}, {"typeName": "LASitemType", "multiple": false, "typeClass": "controlledVocabulary", "value": "Report"}, {"typeName": "LASdateUpdated", "multiple": false, "typeClass": "primitive", "value": "2017-02-13"}, {"typeName": "LASdistributionURL", "multiple": false, "typeClass": "primitive", "value": "https://drive.google.com/open?id=0BwyDr88Pkia5akpSUmtkZkhyVkVuWGhEMnZQQnV0UEgyTGMw"}]}}}, "global_entity_id": 2711}