{"data": {"id": 671, "versionState": "DRAFT", "productionDate": "Production Date", "lastUpdateTime": "2017-02-13T16:48:04Z", "createTime": "2017-02-13T16:48:04Z", "license": "CC0", "termsOfUse": "CC0 Waiver", "metadataBlocks": {"citation": {"displayName": "Citation Metadata", "fields": [{"typeName": "title", "multiple": false, "typeClass": "primitive", "value": "Analytic Component Interface"}, {"typeName": "author", "multiple": true, "typeClass": "compound", "value": [{"authorName": {"typeName": "authorName", "multiple": false, "typeClass": "primitive", "value": "Schmidt, Matt"}, "authorAffiliation": {"typeName": "authorAffiliation", "multiple": false, "typeClass": "primitive", "value": "NC State"}}, {"authorName": {"typeName": "authorName", "multiple": false, "typeClass": "primitive", "value": "Crerar, Andrew"}, "authorAffiliation": {"typeName": "authorAffiliation", "multiple": false, "typeClass": "primitive", "value": "NC State"}}]}, {"typeName": "datasetContact", "multiple": true, "typeClass": "compound", "value": [{"datasetContactName": {"typeName": "datasetContactName", "multiple": false, "typeClass": "primitive", "value": "Schmidt, Matt"}, "datasetContactAffiliation": {"typeName": "datasetContactAffiliation", "multiple": false, "typeClass": "primitive", "value": "NC State"}, "datasetContactEmail": {"typeName": "datasetContactEmail", "multiple": false, "typeClass": "primitive", "value": "mcschmid@ncsu.edu"}}]}, {"typeName": "dsDescription", "multiple": true, "typeClass": "compound", "value": [{"dsDescriptionValue": {"typeName": "dsDescriptionValue", "multiple": false, "typeClass": "primitive", "value": "Observationally, analytic workflows integrate multiple tools, techniques, and collaborators to produce analytic products. Enabling a component to use the information produced by another component (i.e. integrating the components) comes with a significant cost. This is especially true when the set of analytic components includes independently developed technology, manual analytic tradecraft, and collaborative processes. If there were only a small number of workflows, these integration costs might be acceptable. However, analytic workflows are typically problem and/or analyst dependent, which means there may be thousands or millions of potential workflows. The cost of integrating the most applicable tradecraft and technology into all of these workflows can quickly become a significant burden.\r\n\r\nThe Analytic Component System (ACS) aims to reduce integration costs by enabling inter-operable components. In order to understand why making components inter-operable will reduce integration costs, it is important to distinguish inter-operable components and integrated components Integrated components are components where the information produced by one component is used by another component. If two components are not designed to work together or if a component is not designed to work with an analyst's tradecraft, then the analyst typically assumes the integration cost of performing or writing software to perform the integration task. Consider a basic example of a data inspection system and a data retrieval system. An analyst is reading an article in the data inspection system that mentions identifiers for multiple potential targets. The analyst writes down these identifiers, and then manually enters in a query to a data retrieval system for each identifier. In this example, the data inspection system and the data retrieval system are integrated. However, the analyst had to do the additional work of writing down the identifiers and mapping them to queries.\r\n\r\nMaking components inter-operable reduces or eliminates this integration cost because their inter-operability means that the information being produced by one component is understood and consumable by other components. Consider an alternative to the previous example, where instead of writing down the identifiers the analyst sees in the data inspection system, the analyst simply highlights the identifiers and selects the 'query' action. This action causes the data inspection system to generate a query for that identifier and sends it to the data retrieval system, which then executes the query. The two systems are still integrated, but the integration cost for the analyst has been eliminated.\r\n\r\nThe ACS seeks to enable inter-operable components by defining a common standard of analytic constructs and communication protocols, which is referred to as the Analytic Component Interface (ACI). Two components can only be inter-operable if they can agree both on 'what' is being communicated (the construct) and 'how' it is being communicated (the protocol). Instead of negotiating these agreements between every pair of components that need to be integrated, the ACI defines a standard set of constructs and protocols. This ensures that analytic components only need to conform to the standard in order to be inter-operable with other conforming components. The set of conforming components is collectively referred to as the Analytic Component Library (ACL). In this paper, we will focus on the definition of the constructs. As these constructs become better validated and accepted, protocols for communicating them can be identified or developed.\r\n\r\nThere are potentially an infinite number of analytic constructs sets, so the problem arises of how to select a standard set of constructs. This paper does not offer a method by which we can determine the 'optimal' set of constructs and in fact assumes that no such method exists. Instead, the goal of the paper is to identify a valid set of constructs. A set of constructs is considered valid if, for all of the various analytic components and workflows used by analysts, the constructs can be used to define:\r\n\r\nThe information input to the component/workflow\r\nThe information output by the component/workflow\r\nAny intermediate information produced and consumed by sub-components of the component / workflow.\r\n\r\nObviously, this is still a lofty goal, as we do not have a full accounting of all of the analytic components and workflows used by analysts. However, the confidence in the validity of the construct set can increase proportionally to the number of different analytic components and workflows where these criteria have been met.\r\n\r\nThe rest of the paper is organized as follows. In the next section, we propose a set of analytic constructs that can possibly serve as the standard analytic constructs. The section following will attempt to validate these constructs by describing and decomposing analytic components and workflows according to the constructs.\r\n"}}]}, {"typeName": "subject", "multiple": true, "typeClass": "controlledVocabulary", "value": ["Computer and Information Science", "Engineering"]}, {"typeName": "depositor", "multiple": false, "typeClass": "primitive", "value": "Allen, Forrest"}, {"typeName": "dateOfDeposit", "multiple": false, "typeClass": "primitive", "value": "2017-02-13"}]}, "las": {"displayName": "LAS Metadata", "fields": [{"typeName": "LASkeywords", "multiple": true, "typeClass": "primitive", "value": ["DO6", "MS2", "AC1", "UX6", "A122", "R165", "R167"]}, {"typeName": "LASitemType", "multiple": false, "typeClass": "controlledVocabulary", "value": "Report"}, {"typeName": "LASdateAdded", "multiple": false, "typeClass": "primitive", "value": "2017-02-13"}, {"typeName": "LASdateUpdated", "multiple": false, "typeClass": "primitive", "value": "2017-02-13"}, {"typeName": "LASdistributionURL", "multiple": false, "typeClass": "primitive", "value": "https://docs.google.com/a/ncsu.edu/document/d/1BvvM5g9EhabmsQRBQUZAZEpg7TEDHMIL7hRp0D9cX04/edit?usp=sharing"}]}}}, "global_entity_id": 3052}