{"data": {"id": 681, "versionState": "DRAFT", "productionDate": "Production Date", "lastUpdateTime": "2017-02-15T21:51:44Z", "createTime": "2017-02-13T18:15:04Z", "license": "CC0", "termsOfUse": "CC0 Waiver", "metadataBlocks": {"citation": {"displayName": "Citation Metadata", "fields": [{"typeName": "title", "multiple": false, "typeClass": "primitive", "value": "Analytic Rigor Tool"}, {"typeName": "author", "multiple": true, "typeClass": "compound", "value": [{"authorName": {"typeName": "authorName", "multiple": false, "typeClass": "primitive", "value": "Tait, Richard"}, "authorAffiliation": {"typeName": "authorAffiliation", "multiple": false, "typeClass": "primitive", "value": "USG"}}, {"authorName": {"typeName": "authorName", "multiple": false, "typeClass": "primitive", "value": "Vazquez, Carmen"}, "authorAffiliation": {"typeName": "authorAffiliation", "multiple": false, "typeClass": "primitive", "value": "USG"}}, {"authorName": {"typeName": "authorName", "multiple": false, "typeClass": "primitive", "value": "Kampe, Chris"}, "authorAffiliation": {"typeName": "authorAffiliation", "multiple": false, "typeClass": "primitive", "value": "NC State"}}, {"authorName": {"typeName": "authorName", "multiple": false, "typeClass": "primitive", "value": "Keyton, Joann"}, "authorAffiliation": {"typeName": "authorAffiliation", "multiple": false, "typeClass": "primitive", "value": "NC State"}}]}, {"typeName": "datasetContact", "multiple": true, "typeClass": "compound", "value": [{"datasetContactName": {"typeName": "datasetContactName", "multiple": false, "typeClass": "primitive", "value": "Keyton, Joann"}, "datasetContactAffiliation": {"typeName": "datasetContactAffiliation", "multiple": false, "typeClass": "primitive", "value": "NC State"}, "datasetContactEmail": {"typeName": "datasetContactEmail", "multiple": false, "typeClass": "primitive", "value": "jkeyton@ncsu.edu"}}]}, {"typeName": "dsDescription", "multiple": true, "typeClass": "compound", "value": [{"dsDescriptionValue": {"typeName": "dsDescriptionValue", "multiple": false, "typeClass": "primitive", "value": "This was a truly cross-sector interdisciplinary AR team working to develop a tool that\r\nwould allow participants to assess the analytic rigor of their own projects conducted at LAS and provide input for LAS government personnel reporting on project analytic rigor. As such the team faced a number of the challenges common when participants come from different sectors and disciplines \u2013 differences in language, focus of attention, speed, and time allocation. For example, early on it became apparent that the ICD203 standards had been written for analyst, and thus the language of the standards were closely aligned with analysis. As a group we initially proposed two versions of the survey, one built for \u2018analysts\u2019 and the other \u2018experimenters\u2019, later revised as \u2018researchers\u2019. However, it also became clear that a third group of participants should be included \u2013 \u201cdevelopers/designers\u201d. Thus, the team decided to create three versions of the survey tool, so that each type of participant would be asked questions that were worded appropriately for their activities: analysts, researchers and designers. \r\n\r\nRichard Tait (government) - the lead for the AR team- and Carmen Vazquez (government) worked diligently with Beverly and Chris on the development of the tool throughout 2016 to be sure the DART tool would be useful to LAS and the Intelligence Community once completed. Richard and Carmen also sought and obtained the assistance of industry partners (Chris Argenta, Bill Elm, and Paul Jones) to better understand how the ICD203 Standards might be modified to better assess the rigor of tools and tradecraft being designed/developed in LAS projects."}}]}, {"typeName": "subject", "multiple": true, "typeClass": "controlledVocabulary", "value": ["Computer and Information Science", "Engineering", "Social Sciences"]}, {"typeName": "depositor", "multiple": false, "typeClass": "primitive", "value": "Blonchek, Maribeth"}, {"typeName": "dateOfDeposit", "multiple": false, "typeClass": "primitive", "value": "2017-02-13"}]}, "las": {"displayName": "LAS Metadata", "fields": [{"typeName": "LASkeywords", "multiple": true, "typeClass": "primitive", "value": ["DO6", "JK1", "BA6", "A93", "R174", "R175"]}, {"typeName": "LASitemType", "multiple": false, "typeClass": "controlledVocabulary", "value": "Presentation"}, {"typeName": "LASdateAdded", "multiple": false, "typeClass": "primitive", "value": "2017-02-13"}, {"typeName": "LASdateUpdated", "multiple": false, "typeClass": "primitive", "value": "2017-02-15"}, {"typeName": "LASdistributionURL", "multiple": false, "typeClass": "primitive", "value": "https://ncsu-las.org/wp-content/uploads/2017/01/do6-symposium-poster-analytic-rigor-tool-12-05-16.pdf"}, {"typeName": "LASpresentation", "multiple": true, "typeClass": "compound", "value": [{"LASeventName": {"typeName": "LASeventName", "multiple": false, "typeClass": "primitive", "value": "2016 LAS Research Symposium"}, "LASeventLocation": {"typeName": "LASeventLocation", "multiple": false, "typeClass": "primitive", "value": "Raleigh, NC"}}]}]}}}, "global_entity_id": 3073}