{"data": {"id": 694, "versionState": "DRAFT", "productionDate": "Production Date", "lastUpdateTime": "2017-02-13T19:40:55Z", "createTime": "2017-02-13T19:40:55Z", "license": "CC0", "termsOfUse": "CC0 Waiver", "metadataBlocks": {"citation": {"displayName": "Citation Metadata", "fields": [{"typeName": "title", "multiple": false, "typeClass": "primitive", "value": "Collaboration Working Model CCT"}, {"typeName": "author", "multiple": true, "typeClass": "compound", "value": [{"authorName": {"typeName": "authorName", "multiple": false, "typeClass": "primitive", "value": "Schmidt, Matt"}, "authorAffiliation": {"typeName": "authorAffiliation", "multiple": false, "typeClass": "primitive", "value": "North Carolina State University"}}, {"authorName": {"typeName": "authorName", "multiple": false, "typeClass": "primitive", "value": "Moore"}}, {"authorName": {"typeName": "authorName", "multiple": false, "typeClass": "primitive", "value": "Laughlin"}}, {"authorName": {"typeName": "authorName", "multiple": false, "typeClass": "primitive", "value": "Murphy-Hill, Emerson"}, "authorAffiliation": {"typeName": "authorAffiliation", "multiple": false, "typeClass": "primitive", "value": "North Carolina State University"}}, {"authorName": {"typeName": "authorName", "multiple": false, "typeClass": "primitive", "value": "St. Amant, Rob"}, "authorAffiliation": {"typeName": "authorAffiliation", "multiple": false, "typeClass": "primitive", "value": "North Carolina State University"}}, {"authorName": {"typeName": "authorName", "multiple": false, "typeClass": "primitive", "value": "Jameson, Jessica"}, "authorAffiliation": {"typeName": "authorAffiliation", "multiple": false, "typeClass": "primitive", "value": "North Carolina State University"}}, {"authorName": {"typeName": "authorName", "multiple": false, "typeClass": "primitive", "value": "Rendon, Hector"}, "authorAffiliation": {"typeName": "authorAffiliation", "multiple": false, "typeClass": "primitive", "value": "North Carolina State University"}}, {"authorName": {"typeName": "authorName", "multiple": false, "typeClass": "primitive", "value": "Elm, William"}, "authorAffiliation": {"typeName": "authorAffiliation", "multiple": false, "typeClass": "primitive", "value": "North Carolina State University"}}, {"authorName": {"typeName": "authorName", "multiple": false, "typeClass": "primitive", "value": "Aparicio, Manuel"}, "authorAffiliation": {"typeName": "authorAffiliation", "multiple": false, "typeClass": "primitive", "value": "Saffron"}}]}, {"typeName": "datasetContact", "multiple": true, "typeClass": "compound", "value": [{"datasetContactName": {"typeName": "datasetContactName", "multiple": false, "typeClass": "primitive", "value": "Jameson, Jessica"}, "datasetContactAffiliation": {"typeName": "datasetContactAffiliation", "multiple": false, "typeClass": "primitive", "value": "North Carolina State University"}, "datasetContactEmail": {"typeName": "datasetContactEmail", "multiple": false, "typeClass": "primitive", "value": "jameson@ncsu.edu"}}]}, {"typeName": "dsDescription", "multiple": true, "typeClass": "compound", "value": [{"dsDescriptionValue": {"typeName": "dsDescriptionValue", "multiple": false, "typeClass": "primitive", "value": "Mission: Refine and formalize potential collaboration model between academic, industry, and government researchers at LAS for the production of applied research prototypes that meet the goals of all three."}}]}, {"typeName": "subject", "multiple": true, "typeClass": "controlledVocabulary", "value": ["Agricultural Sciences"]}, {"typeName": "notesText", "multiple": false, "typeClass": "primitive", "value": "contact chosen due to file name. unsure of some authors first name/affiliation.\r\nedit description"}, {"typeName": "depositor", "multiple": false, "typeClass": "primitive", "value": "Boaz, Hannah"}, {"typeName": "dateOfDeposit", "multiple": false, "typeClass": "primitive", "value": "2017-02-13"}]}, "las": {"displayName": "LAS Metadata", "fields": [{"typeName": "LASkeywords", "multiple": true, "typeClass": "primitive", "value": ["DO5", "TBD", "JJ1", "MS2", "HR1", "EM1", "RS2", "WE1", "MA2"]}, {"typeName": "LASitemType", "multiple": false, "typeClass": "controlledVocabulary", "value": "Presentation"}, {"typeName": "LASdateAdded", "multiple": false, "typeClass": "primitive", "value": "2017-02-13"}, {"typeName": "LASdateUpdated", "multiple": false, "typeClass": "primitive", "value": "2017-02-13"}, {"typeName": "LASdistributionURL", "multiple": false, "typeClass": "primitive", "value": "https://drive.google.com/a/ncsu.edu/file/d/0B_d0I1n2O1O_RTkzZmNEMWpqTEE/view?usp=sharing"}, {"typeName": "LASpresentation", "multiple": true, "typeClass": "compound", "value": [{"LASeventName": {"typeName": "LASeventName", "multiple": false, "typeClass": "primitive", "value": "LAS 2016 Research Symposium"}, "LASeventLocation": {"typeName": "LASeventLocation", "multiple": false, "typeClass": "primitive", "value": "Raleigh, NC"}}]}]}}}, "global_entity_id": 3097}