{"data": {"id": 699, "versionState": "DRAFT", "productionDate": "Production Date", "lastUpdateTime": "2017-02-13T19:53:00Z", "createTime": "2017-02-13T19:53:00Z", "license": "CC0", "termsOfUse": "CC0 Waiver", "metadataBlocks": {"citation": {"displayName": "Citation Metadata", "fields": [{"typeName": "title", "multiple": false, "typeClass": "primitive", "value": "Narrative for Sensemaking (N4S)"}, {"typeName": "author", "multiple": true, "typeClass": "compound", "value": [{"authorName": {"typeName": "authorName", "multiple": false, "typeClass": "primitive", "value": "Barot, Camille"}, "authorAffiliation": {"typeName": "authorAffiliation", "multiple": false, "typeClass": "primitive", "value": "North Carolina State University"}}]}, {"typeName": "datasetContact", "multiple": true, "typeClass": "compound", "value": [{"datasetContactName": {"typeName": "datasetContactName", "multiple": false, "typeClass": "primitive", "value": "Barot, Camille"}, "datasetContactAffiliation": {"typeName": "datasetContactAffiliation", "multiple": false, "typeClass": "primitive", "value": "North Carolina State University"}, "datasetContactEmail": {"typeName": "datasetContactEmail", "multiple": false, "typeClass": "primitive", "value": "hcboaz@ncsu.edu"}}]}, {"typeName": "dsDescription", "multiple": true, "typeClass": "compound", "value": [{"dsDescriptionValue": {"typeName": "dsDescriptionValue", "multiple": false, "typeClass": "primitive", "value": "Presentation on Narrative for Sensemaking. The overall goal of N4S is to develop a general narrative processing architecture in support of grand challenge-level problems for LAS. This entails:\r\nDeveloping a computational model of narrative capable of supporting an analyst\u2019s sensemaking efforts across tasks that include: summarization, prediction, explanation, exploration and authoring. \r\nSupporting all three LAS functional goals: Reflection, Observation, and Imagination.\r\nIntegrating a multi-disciplinary approach: humanist/scientist, tradecraft/technology"}, "dsDescriptionDate": {"typeName": "dsDescriptionDate", "multiple": false, "typeClass": "primitive", "value": "2015-06-08"}}]}, {"typeName": "subject", "multiple": true, "typeClass": "controlledVocabulary", "value": ["Agricultural Sciences"]}, {"typeName": "notesText", "multiple": false, "typeClass": "primitive", "value": "unknown contact email."}, {"typeName": "depositor", "multiple": false, "typeClass": "primitive", "value": "Boaz, Hannah"}, {"typeName": "dateOfDeposit", "multiple": false, "typeClass": "primitive", "value": "2017-02-13"}]}, "las": {"displayName": "LAS Metadata", "fields": [{"typeName": "LASkeywords", "multiple": true, "typeClass": "primitive", "value": ["DO5", "TBD"]}, {"typeName": "LASdateAdded", "multiple": false, "typeClass": "primitive", "value": "2017-02-13"}, {"typeName": "LASitemType", "multiple": false, "typeClass": "controlledVocabulary", "value": "Presentation"}, {"typeName": "LASdateUpdated", "multiple": false, "typeClass": "primitive", "value": "2017-02-13"}, {"typeName": "LASdistributionURL", "multiple": false, "typeClass": "primitive", "value": "https://drive.google.com/file/d/0BzDPf9g8B1iUQVdQUGZWSlV3elU/view"}]}}}, "global_entity_id": 3106}