{"data": {"id": 27, "versionState": "DRAFT", "productionDate": "Production Date", "lastUpdateTime": "2017-01-09T22:48:40Z", "createTime": "2016-06-06T13:41:40Z", "license": "CC0", "termsOfUse": "CC0 Waiver", "metadataBlocks": {"citation": {"displayName": "Citation Metadata", "fields": [{"typeName": "title", "multiple": false, "typeClass": "primitive", "value": "All Signals Go: Investigating How Individual Differences Affect Performance on a Medical Diagnosis Task Designed to Parallel a Signal Intelligence Analyst Task"}, {"typeName": "author", "multiple": true, "typeClass": "compound", "value": [{"authorName": {"typeName": "authorName", "multiple": false, "typeClass": "primitive", "value": "Welk, Allaire"}, "authorAffiliation": {"typeName": "authorAffiliation", "multiple": false, "typeClass": "primitive", "value": "NCSU"}}, {"authorName": {"typeName": "authorName", "multiple": false, "typeClass": "primitive", "value": "Mayhorn, Christopher"}, "authorAffiliation": {"typeName": "authorAffiliation", "multiple": false, "typeClass": "primitive", "value": "NCSU"}}]}, {"typeName": "datasetContact", "multiple": true, "typeClass": "compound", "value": [{"datasetContactName": {"typeName": "datasetContactName", "multiple": false, "typeClass": "primitive", "value": "Mayhorn, Christopher"}, "datasetContactAffiliation": {"typeName": "datasetContactAffiliation", "multiple": false, "typeClass": "primitive", "value": "NCSU"}, "datasetContactEmail": {"typeName": "datasetContactEmail", "multiple": false, "typeClass": "primitive", "value": "cbmayhor@ncsu.edu"}}]}, {"typeName": "dsDescription", "multiple": true, "typeClass": "compound", "value": [{"dsDescriptionValue": {"typeName": "dsDescriptionValue", "multiple": false, "typeClass": "primitive", "value": "Signal intelligence analysts play a critical role in the United States government by providing essential information regarding potential threats to national security to government leaders. Analysts perform complex decision-making tasks that involve gathering, sorting, and analyzing information. The current study aimed to evaluate how individual differences influence performance in an Internet search-based medical diagnosis task designed to simulate a signal analyst task. The individual differences of interest included working memory capacity and previous experience with elements of the task, specifically health literacy, prior experience using the Internet, and prior experience conducting Internet searches. Preliminary results indicated that working memory significantly predicted performance on this medical diagnosis task; conversely, medical literacy, prior experience using the Internet, and Internet search experience were not significant predictors of performance. These results support previous research and provide additional evidence that working memory capacity greatly influences performance on cognitively complex decision-making tasks, whereas experience with elements of the task may not. These findings suggest that working memory capacity should be considered when screening individuals for signal intelligence analyst positions. Future research should aim to generalize these findings within a broader sample of individuals, ideally utilizing a task that directly replicates those performed by signal analysts."}}]}, {"typeName": "subject", "multiple": true, "typeClass": "controlledVocabulary", "value": ["Social Sciences"]}, {"typeName": "depositor", "multiple": false, "typeClass": "primitive", "value": "Admin, Dataverse"}, {"typeName": "dateOfDeposit", "multiple": false, "typeClass": "primitive", "value": "2016-06-06"}]}, "las": {"displayName": "LAS Metadata", "fields": [{"typeName": "LASkeywords", "multiple": true, "typeClass": "primitive", "value": ["DO3", "decision-making", "TBD"]}, {"typeName": "LASdateAdded", "multiple": false, "typeClass": "primitive", "value": "2016-06-13"}, {"typeName": "LASitemType", "multiple": false, "typeClass": "controlledVocabulary", "value": "Publication"}, {"typeName": "LASdateUpdated", "multiple": false, "typeClass": "primitive", "value": "2016-06-13"}]}}}, "global_entity_id": 40}