{"data": {"id": 713, "versionState": "DRAFT", "productionDate": "Production Date", "lastUpdateTime": "2017-03-22T17:38:29Z", "createTime": "2017-02-13T21:00:25Z", "license": "CC0", "termsOfUse": "CC0 Waiver", "metadataBlocks": {"citation": {"displayName": "Citation Metadata", "fields": [{"typeName": "title", "multiple": false, "typeClass": "primitive", "value": "Future States Processing Framework  and Runtime Platform: Delivery Order 05 Final Report"}, {"typeName": "author", "multiple": true, "typeClass": "compound", "value": [{"authorName": {"typeName": "authorName", "multiple": false, "typeClass": "primitive", "value": "Halim, Nagui"}, "authorAffiliation": {"typeName": "authorAffiliation", "multiple": false, "typeClass": "primitive", "value": "IBM"}}, {"authorName": {"typeName": "authorName", "multiple": false, "typeClass": "primitive", "value": "Dinger, Tim"}, "authorAffiliation": {"typeName": "authorAffiliation", "multiple": false, "typeClass": "primitive", "value": "IBM"}}, {"authorName": {"typeName": "authorName", "multiple": false, "typeClass": "primitive", "value": "Turaga, Deepak"}, "authorAffiliation": {"typeName": "authorAffiliation", "multiple": false, "typeClass": "primitive", "value": "IBM"}}, {"authorName": {"typeName": "authorName", "multiple": false, "typeClass": "primitive", "value": "Subramanian, Dharmashankar"}, "authorAffiliation": {"typeName": "authorAffiliation", "multiple": false, "typeClass": "primitive", "value": "IBM"}}, {"authorName": {"typeName": "authorName", "multiple": false, "typeClass": "primitive", "value": "Saccone, Robert  "}, "authorAffiliation": {"typeName": "authorAffiliation", "multiple": false, "typeClass": "primitive", "value": "IBM"}}, {"authorName": {"typeName": "authorName", "multiple": false, "typeClass": "primitive", "value": " Parthasarathy, Srinivasan"}, "authorAffiliation": {"typeName": "authorAffiliation", "multiple": false, "typeClass": "primitive", "value": "IBM"}}]}, {"typeName": "datasetContact", "multiple": true, "typeClass": "compound", "value": [{"datasetContactName": {"typeName": "datasetContactName", "multiple": false, "typeClass": "primitive", "value": "Dinger, Tim"}, "datasetContactAffiliation": {"typeName": "datasetContactAffiliation", "multiple": false, "typeClass": "primitive", "value": "IBM"}, "datasetContactEmail": {"typeName": "datasetContactEmail", "multiple": false, "typeClass": "primitive", "value": "dinger@us.ibm.com"}}]}, {"typeName": "dsDescription", "multiple": true, "typeClass": "compound", "value": [{"dsDescriptionValue": {"typeName": "dsDescriptionValue", "multiple": false, "typeClass": "primitive", "value": "IBM envisions the creation of a unified framework able to address the requirements of a broad range of future states problems, spanning domains and timescales. This framework will require formalization of the future states processing domain; development of a common language to describe such problems, and of extensible methods for building, playing out, and optimizing models of the world; establishment of a common engine that allows parallel execution of these different methods, and the creation, tracking of the context in which they operate, in order to explore the future frontier effectively. This framework will enable the incorporation of a wide variety of techniques, including the multitude of existing techniques and approaches. For Delivery Order 05 (DO #05) from April 1, 2015 through December 31, 2015, we will focus on the generalized notion of action taking, given time constraints and uncertain information, particularly the dynamic nature of the investigation, the changing veracity of data and information, the timeliness of the decision-making, and the evolving set of allowable courses of action."}}]}, {"typeName": "subject", "multiple": true, "typeClass": "controlledVocabulary", "value": ["Computer and Information Science", "Engineering"]}, {"typeName": "depositor", "multiple": false, "typeClass": "primitive", "value": "Boaz, Hannah"}, {"typeName": "dateOfDeposit", "multiple": false, "typeClass": "primitive", "value": "2017-02-13"}]}, "las": {"displayName": "LAS Metadata", "fields": [{"typeName": "LASkeywords", "multiple": true, "typeClass": "primitive", "value": ["DO5", "TD1", "INF5", "A80", "R121", "R122", "R134", "R135", "R136", "R142", "R143", "R148"]}, {"typeName": "LASitemType", "multiple": false, "typeClass": "controlledVocabulary", "value": "Report"}, {"typeName": "LASdateAdded", "multiple": false, "typeClass": "primitive", "value": "2017-02-13"}, {"typeName": "LASdateUpdated", "multiple": false, "typeClass": "primitive", "value": "2017-03-22"}, {"typeName": "LASdistributionURL", "multiple": false, "typeClass": "primitive", "value": "https://drive.google.com/a/ncsu.edu/file/d/0BwyDr88Pkia5blViWGVwVU0yS1JEc05GUDh3a0dGb1dTTWFB/view?usp=sharing"}]}}}, "global_entity_id": 4103}