{"data": {"id": 715, "versionState": "DRAFT", "productionDate": "Production Date", "lastUpdateTime": "2017-03-22T17:29:59Z", "createTime": "2017-02-13T21:11:48Z", "license": "CC0", "termsOfUse": "CC0 Waiver", "metadataBlocks": {"citation": {"displayName": "Citation Metadata", "fields": [{"typeName": "title", "multiple": false, "typeClass": "primitive", "value": "Wirearchy-Sketches"}, {"typeName": "author", "multiple": true, "typeClass": "compound", "value": [{"authorName": {"typeName": "authorName", "multiple": false, "typeClass": "primitive", "value": "Husband, Jon"}}]}, {"typeName": "datasetContact", "multiple": true, "typeClass": "compound", "value": [{"datasetContactName": {"typeName": "datasetContactName", "multiple": false, "typeClass": "primitive", "value": "Typhina, Eli"}, "datasetContactAffiliation": {"typeName": "datasetContactAffiliation", "multiple": false, "typeClass": "primitive", "value": "North Carolina State University"}, "datasetContactEmail": {"typeName": "datasetContactEmail", "multiple": false, "typeClass": "primitive", "value": "eatyphin@ncsu.edu"}}]}, {"typeName": "dsDescription", "multiple": true, "typeClass": "compound", "value": [{"dsDescriptionValue": {"typeName": "dsDescriptionValue", "multiple": false, "typeClass": "primitive", "value": "Over the past 15 years, thousands of people have asked me \u201cwhat is wirearchy?\u201d There\u2019s one common misconception that I\u2019d like to clear up first, which is that the  concept of wirearchy is mainly about technology. If anything, wirearchy is about the power and effectiveness of people working together through connection and collaboration, taking responsibility individually and collectively rather than relying on traditional hierarchical status. Most people today know that the Internet and the Web have had a lot of impact on our daily lives. We\u2019ve seen the rise (and sometimes fall) of initiatives like Napster, Amazon, eBay, Dell, blogging, Flickr, MySpace, YouTube, Facebook, Twitter, advertising\u2019s ongoing (and increasingly contentious) shift to the Web, and the rise of a vast range of networked political, information-gathering and dissemination activities and growing and varied forms of activism. In the context of that ubiquitous impact, many words have been written about the erosion of the effectiveness of command-and control as the dominant model for leading and managing purposeful organized activities in business, education, government and governance, politics, culture and the arts... all the areas in which humans act together to create and get things done."}}]}, {"typeName": "subject", "multiple": true, "typeClass": "controlledVocabulary", "value": ["Social Sciences"]}, {"typeName": "depositor", "multiple": false, "typeClass": "primitive", "value": "Boaz, Hannah"}, {"typeName": "dateOfDeposit", "multiple": false, "typeClass": "primitive", "value": "2017-02-13"}]}, "las": {"displayName": "LAS Metadata", "fields": [{"typeName": "LASkeywords", "multiple": true, "typeClass": "primitive", "value": ["DO5", "ET1"]}, {"typeName": "LASitemType", "multiple": false, "typeClass": "controlledVocabulary", "value": "Other"}, {"typeName": "LASdateAdded", "multiple": false, "typeClass": "primitive", "value": "2017-02-13"}, {"typeName": "LASdateUpdated", "multiple": false, "typeClass": "primitive", "value": "2017-03-22"}, {"typeName": "LASdistributionURL", "multiple": false, "typeClass": "primitive", "value": "https://drive.google.com/file/d/0Bx1Od8cP2TKibjEwNTYtUlRPM2M/view?usp=sharing"}]}}}, "global_entity_id": 4108}