{"data": {"id": 719, "versionState": "DRAFT", "productionDate": "Production Date", "lastUpdateTime": "2017-02-14T19:39:59Z", "createTime": "2017-02-14T19:39:59Z", "license": "CC0", "termsOfUse": "CC0 Waiver", "metadataBlocks": {"citation": {"displayName": "Citation Metadata", "fields": [{"typeName": "title", "multiple": false, "typeClass": "primitive", "value": "Assessment of applicability of SAP-HANA to LAS"}, {"typeName": "author", "multiple": true, "typeClass": "compound", "value": [{"authorName": {"typeName": "authorName", "multiple": false, "typeClass": "primitive", "value": "Schmidt, Matt"}, "authorAffiliation": {"typeName": "authorAffiliation", "multiple": false, "typeClass": "primitive", "value": "NC State"}}]}, {"typeName": "datasetContact", "multiple": true, "typeClass": "compound", "value": [{"datasetContactName": {"typeName": "datasetContactName", "multiple": false, "typeClass": "primitive", "value": "Schmidt, Matt"}, "datasetContactAffiliation": {"typeName": "datasetContactAffiliation", "multiple": false, "typeClass": "primitive", "value": "NC State"}, "datasetContactEmail": {"typeName": "datasetContactEmail", "multiple": false, "typeClass": "primitive", "value": "mcschmid@ncsu.edu"}}]}, {"typeName": "dsDescription", "multiple": true, "typeClass": "compound", "value": [{"dsDescriptionValue": {"typeName": "dsDescriptionValue", "multiple": false, "typeClass": "primitive", "value": "At its core, SAP HANA is an in-memory database. In addition SAP has developed HANA in such a way as to provide additional computational speed improvements by leveraging knowledge about low-level computational architecture. This enables SAP HANA to be one of, if not the, fastest in-memory databases in existence.\r\n\r\nAdditionally, SAP HANA has multiple analytic \u2018engines\u2019, which are libraries of computational analytic methods that leverage the unique data architecture of the HANA platform to perform a set of extremely fast analytic operations on the data. These methods fall into one of five different categories, text, geospatial, graph, predictive and streaming.\r\n\r\nSAP HANA provides a data platform on which it is possible to develop and deploy user-facing applications that analyze large amounts of data. However, as with traditional databases such as Oracle DB, the application developer is still, at least partially, responsible for deciding how to collect, parse, analyze, and present the data for the user. The amount of resources needed to develop and implement applications to perform all of these activities is greater than the amount of resources that LAS could assign to this prototype development effort.\r\n"}}]}, {"typeName": "subject", "multiple": true, "typeClass": "controlledVocabulary", "value": ["Computer and Information Science", "Engineering"]}, {"typeName": "depositor", "multiple": false, "typeClass": "primitive", "value": "Allen, Forrest"}, {"typeName": "dateOfDeposit", "multiple": false, "typeClass": "primitive", "value": "2017-02-14"}]}, "las": {"displayName": "LAS Metadata", "fields": [{"typeName": "LASkeywords", "multiple": true, "typeClass": "primitive", "value": ["DO6", "MS2", "FA1", "TE6", "A113", "R204"]}, {"typeName": "LASitemType", "multiple": false, "typeClass": "controlledVocabulary", "value": "Report"}, {"typeName": "LASdateAdded", "multiple": false, "typeClass": "primitive", "value": "2017-02-14"}, {"typeName": "LASdateUpdated", "multiple": false, "typeClass": "primitive", "value": "2017-02-14"}, {"typeName": "LASdistributionURL", "multiple": false, "typeClass": "primitive", "value": "https://docs.google.com/a/ncsu.edu/document/d/1IlaDK_Z3iE2p5Iqbtr3iBh0YIRfR_GZ__fIpJGBgqrs/edit?usp=sharing"}]}}}, "global_entity_id": 4118}