{"data": {"id": 721, "versionState": "DRAFT", "productionDate": "Production Date", "lastUpdateTime": "2017-02-14T21:26:11Z", "createTime": "2017-02-14T21:26:11Z", "license": "CC0", "termsOfUse": "CC0 Waiver", "metadataBlocks": {"citation": {"displayName": "Citation Metadata", "fields": [{"typeName": "title", "multiple": false, "typeClass": "primitive", "value": "GazeGIS 1.0: A Gaze-based Reading and Dynamic Geographic Information System"}, {"typeName": "author", "multiple": true, "typeClass": "compound", "value": [{"authorName": {"typeName": "authorName", "multiple": false, "typeClass": "primitive", "value": "Tateosian, Laura"}, "authorAffiliation": {"typeName": "authorAffiliation", "multiple": false, "typeClass": "primitive", "value": "NC State"}}, {"authorName": {"typeName": "authorName", "multiple": false, "typeClass": "primitive", "value": "Glatz, Michelle"}, "authorAffiliation": {"typeName": "authorAffiliation", "multiple": false, "typeClass": "primitive", "value": "NC State"}}, {"authorName": {"typeName": "authorName", "multiple": false, "typeClass": "primitive", "value": "Shunkunobe, Makiko"}, "authorAffiliation": {"typeName": "authorAffiliation", "multiple": false, "typeClass": "primitive", "value": "NC State"}}, {"authorName": {"typeName": "authorName", "multiple": false, "typeClass": "primitive", "value": "Chopra, Pankaj"}, "authorAffiliation": {"typeName": "authorAffiliation", "multiple": false, "typeClass": "primitive", "value": "NC State"}}]}, {"typeName": "datasetContact", "multiple": true, "typeClass": "compound", "value": [{"datasetContactName": {"typeName": "datasetContactName", "multiple": false, "typeClass": "primitive", "value": "Tateosian, Laura"}, "datasetContactAffiliation": {"typeName": "datasetContactAffiliation", "multiple": false, "typeClass": "primitive", "value": "NC State"}, "datasetContactEmail": {"typeName": "datasetContactEmail", "multiple": false, "typeClass": "primitive", "value": "lgtateos@ncsu.edu "}}]}, {"typeName": "dsDescription", "multiple": true, "typeClass": "compound", "value": [{"dsDescriptionValue": {"typeName": "dsDescriptionValue", "multiple": false, "typeClass": "primitive", "value": "Location is an important component of a narrative. Mapped place names provide vital geographical, economic, historical, political, and cultural context for the text. Online sources such as news articles, travel logs, and blogs frequently refer to geographic\r\nlocations, but often these are not mapped. When a map is provided, the reader is still responsible for matching references in the text with map positions. As they read a place name within the text, readers must locate its map position, then find their place\r\nagain in the text to resume reading, and repeat this for each toponym. We propose a gaze-based reading and dynamic geographic information system (GazeGIS) which uses eye tracking and geoparsing to enable a more cohesive reading experience by dynamically mapping locations just as they are encountered within the text. We developed a prototype GazeGIS application and demonstrated its application to several narrative passages. We conducted a study in which participants read text passages using the system and evaluated their experience. Evaluations indicate a positive reception of this new reading paradigm. Lastly, we present a case study to\r\ntest its application for intelligence analysis and discuss how experts in this domain envision it use.\r\n"}}]}, {"typeName": "subject", "multiple": true, "typeClass": "controlledVocabulary", "value": ["Computer and Information Science", "Earth and Environmental Sciences", "Engineering"]}, {"typeName": "depositor", "multiple": false, "typeClass": "primitive", "value": "Allen, Forrest"}, {"typeName": "dateOfDeposit", "multiple": false, "typeClass": "primitive", "value": "2017-02-14"}]}, "las": {"displayName": "LAS Metadata", "fields": [{"typeName": "LASkeywords", "multiple": true, "typeClass": "primitive", "value": ["LT1", "NP3", "DO3", "R63", "A53"]}, {"typeName": "LASitemType", "multiple": false, "typeClass": "controlledVocabulary", "value": "Publication"}, {"typeName": "LASdateAdded", "multiple": false, "typeClass": "primitive", "value": "2017-02-14"}, {"typeName": "LASdateUpdated", "multiple": false, "typeClass": "primitive", "value": "2017-02-14"}, {"typeName": "LASdistributionURL", "multiple": false, "typeClass": "primitive", "value": "https://drive.google.com/a/ncsu.edu/file/d/0BwyDr88Pkia5THNoMjY1REloYlk/view?usp=sharing"}, {"typeName": "LASpublication", "multiple": false, "typeClass": "compound", "value": {"LASpublisher": {"typeName": "LASpublisher", "multiple": false, "typeClass": "primitive", "value": "IEEE "}, "LASjournal": {"typeName": "LASjournal", "multiple": false, "typeClass": "primitive", "value": "Proceedings from IEEE VIS 2015 Conference"}}}]}}}, "global_entity_id": 4128}