{"data": {"id": 729, "versionState": "DRAFT", "productionDate": "Production Date", "lastUpdateTime": "2017-03-21T18:53:23Z", "createTime": "2017-02-15T19:00:52Z", "license": "CC0", "termsOfUse": "CC0 Waiver", "metadataBlocks": {"citation": {"displayName": "Citation Metadata", "fields": [{"typeName": "title", "multiple": false, "typeClass": "primitive", "value": "Understanding Terrorist Membership: A Systematic Review"}, {"typeName": "author", "multiple": true, "typeClass": "compound", "value": [{"authorName": {"typeName": "authorName", "multiple": false, "typeClass": "primitive", "value": "Morgan, Jessica"}, "authorAffiliation": {"typeName": "authorAffiliation", "multiple": false, "typeClass": "primitive", "value": "North Carolina State University"}}, {"authorName": {"typeName": "authorName", "multiple": false, "typeClass": "primitive", "value": "Simons-Rudolph, Joseph"}, "authorAffiliation": {"typeName": "authorAffiliation", "multiple": false, "typeClass": "primitive", "value": "North Carolina State University"}}, {"authorName": {"typeName": "authorName", "multiple": false, "typeClass": "primitive", "value": "Desmarais, Sarah"}, "authorAffiliation": {"typeName": "authorAffiliation", "multiple": false, "typeClass": "primitive", "value": "North Carolina State University"}}, {"authorName": {"typeName": "authorName", "multiple": false, "typeClass": "primitive", "value": "Brugh, Christine"}, "authorAffiliation": {"typeName": "authorAffiliation", "multiple": false, "typeClass": "primitive", "value": "North Carolina State University"}}, {"authorName": {"typeName": "authorName", "multiple": false, "typeClass": "primitive", "value": "Williams, Anne"}, "authorAffiliation": {"typeName": "authorAffiliation", "multiple": false, "typeClass": "primitive", "value": "North Carolina State University"}}, {"authorName": {"typeName": "authorName", "multiple": false, "typeClass": "primitive", "value": "Whitehurst, Cady"}, "authorAffiliation": {"typeName": "authorAffiliation", "multiple": false, "typeClass": "primitive", "value": "North Carolina State University"}}, {"authorName": {"typeName": "authorName", "multiple": false, "typeClass": "primitive", "value": "Byrd, Rhonda"}, "authorAffiliation": {"typeName": "authorAffiliation", "multiple": false, "typeClass": "primitive", "value": "North Carolina State University"}}, {"authorName": {"typeName": "authorName", "multiple": false, "typeClass": "primitive", "value": "Mills, Sarah"}, "authorAffiliation": {"typeName": "authorAffiliation", "multiple": false, "typeClass": "primitive", "value": "North Carolina State University"}}, {"authorName": {"typeName": "authorName", "multiple": false, "typeClass": "primitive", "value": "Hastings, Meredith"}, "authorAffiliation": {"typeName": "authorAffiliation", "multiple": false, "typeClass": "primitive", "value": "North Carolina State University"}}]}, {"typeName": "datasetContact", "multiple": true, "typeClass": "compound", "value": [{"datasetContactName": {"typeName": "datasetContactName", "multiple": false, "typeClass": "primitive", "value": "Simons-Rudolph, Joseph"}, "datasetContactAffiliation": {"typeName": "datasetContactAffiliation", "multiple": false, "typeClass": "primitive", "value": "North Carolina State University"}, "datasetContactEmail": {"typeName": "datasetContactEmail", "multiple": false, "typeClass": "primitive", "value": "jmrudolp@ncsu.edu"}}, {"datasetContactName": {"typeName": "datasetContactName", "multiple": false, "typeClass": "primitive", "value": "Desmarais, Sarah"}, "datasetContactAffiliation": {"typeName": "datasetContactAffiliation", "multiple": false, "typeClass": "primitive", "value": "North Carolina State University"}, "datasetContactEmail": {"typeName": "datasetContactEmail", "multiple": false, "typeClass": "primitive", "value": "sdesmarais@ncsu.edu"}}]}, {"typeName": "dsDescription", "multiple": true, "typeClass": "compound", "value": [{"dsDescriptionValue": {"typeName": "dsDescriptionValue", "multiple": false, "typeClass": "primitive", "value": "There is a need to understand terrorist organizations and, specifically, predict and ultimately prevent terrorist attacks. We conducted a systematic review of the empirical literature on membership and radicalization in terrorist organizations. We focused our systematic review around two key questions: What are the common individual, interpersonal, social and environmental factors that increase the likelihood that individuals will engage with and join terrorist organizations? Within terrorist organizations, what is the process through which members become(more) radicalized?"}}]}, {"typeName": "subject", "multiple": true, "typeClass": "controlledVocabulary", "value": ["Social Sciences"]}, {"typeName": "depositor", "multiple": false, "typeClass": "primitive", "value": "Boaz, Hannah"}, {"typeName": "dateOfDeposit", "multiple": false, "typeClass": "primitive", "value": "2017-02-15"}]}, "las": {"displayName": "LAS Metadata", "fields": [{"typeName": "LASkeywords", "multiple": true, "typeClass": "primitive", "value": ["DO5", "INF5", "SD1", "JS1", "A79", "R146", "R147"]}, {"typeName": "LASdateAdded", "multiple": false, "typeClass": "primitive", "value": "2017-02-15"}, {"typeName": "LASitemType", "multiple": false, "typeClass": "controlledVocabulary", "value": "Presentation"}, {"typeName": "LASdateUpdated", "multiple": false, "typeClass": "primitive", "value": "2017-03-21"}, {"typeName": "LASdistributionURL", "multiple": false, "typeClass": "primitive", "value": "https://drive.google.com/a/ncsu.edu/file/d/0B_d0I1n2O1O_V2dISzFwaU5mLWM/view?usp=sharing"}, {"typeName": "LASpresentation", "multiple": true, "typeClass": "compound", "value": [{"LASeventName": {"typeName": "LASeventName", "multiple": false, "typeClass": "primitive", "value": "2015 LAS Research Symposium"}, "LASeventLocation": {"typeName": "LASeventLocation", "multiple": false, "typeClass": "primitive", "value": "Raleigh, NC"}, "LASdatePresented": {"typeName": "LASdatePresented", "multiple": false, "typeClass": "primitive", "value": "2015-12-06"}}]}]}}}, "global_entity_id": 4163}