{"data": {"id": 741, "versionState": "DRAFT", "productionDate": "Production Date", "lastUpdateTime": "2017-02-16T13:58:23Z", "createTime": "2017-02-15T22:23:29Z", "license": "CC0", "termsOfUse": "CC0 Waiver", "metadataBlocks": {"citation": {"displayName": "Citation Metadata", "fields": [{"typeName": "title", "multiple": false, "typeClass": "primitive", "value": "The Adoption of New Workflows"}, {"typeName": "author", "multiple": true, "typeClass": "compound", "value": [{"authorName": {"typeName": "authorName", "multiple": false, "typeClass": "primitive", "value": "Meade, Adam"}, "authorAffiliation": {"typeName": "authorAffiliation", "multiple": false, "typeClass": "primitive", "value": "NC State"}}]}, {"typeName": "datasetContact", "multiple": true, "typeClass": "compound", "value": [{"datasetContactName": {"typeName": "datasetContactName", "multiple": false, "typeClass": "primitive", "value": "Meade, Adam"}, "datasetContactAffiliation": {"typeName": "datasetContactAffiliation", "multiple": false, "typeClass": "primitive", "value": "NC State"}, "datasetContactEmail": {"typeName": "datasetContactEmail", "multiple": false, "typeClass": "primitive", "value": "awmeade@ncsu.edu"}}]}, {"typeName": "dsDescription", "multiple": true, "typeClass": "compound", "value": [{"dsDescriptionValue": {"typeName": "dsDescriptionValue", "multiple": false, "typeClass": "primitive", "value": "The aim of the first study is to answer the question: how do we define workflow based on self-report descriptions of workflows from a sample population? Study one will provide a baseline estimate of how the average worker thinks about and describes their own workflow, as well as comparative \u201chigh\u201d and \u201clow\u201d end to this workflow spectrum.  The aim of the second study is to determine what level of detail is best when providing people with example workflows and if that level of detail influences task performance on an ambiguous task. Study two will essentially introduce participants to a novel, open-ended task with no \u201ccorrect\u201d answer while varying the level of workflow detail (i.e., developed in study two) on how \r\nto go about completing the task. Finally, based on the results of the first and second studies, our goal for the third study is to answer the question: how do we get people to adopt new workflows? That is, how do we suggest new and more efficient workflows to users when that suggestion is in direct competition with the workflow they currently use?"}}]}, {"typeName": "subject", "multiple": true, "typeClass": "controlledVocabulary", "value": ["Social Sciences"]}, {"typeName": "depositor", "multiple": false, "typeClass": "primitive", "value": "Stegall, Jared"}, {"typeName": "dateOfDeposit", "multiple": false, "typeClass": "primitive", "value": "2017-02-15"}]}, "las": {"displayName": "LAS Metadata", "fields": [{"typeName": "LASkeywords", "multiple": true, "typeClass": "primitive", "value": ["DO2", "AM1", "A1", "AW2", "R31", "A2"]}, {"typeName": "LASitemType", "multiple": false, "typeClass": "controlledVocabulary", "value": "Report"}, {"typeName": "LASdateAdded", "multiple": false, "typeClass": "primitive", "value": "2017-02-15"}, {"typeName": "LASdateUpdated", "multiple": false, "typeClass": "primitive", "value": "2017-02-16"}, {"typeName": "LASdistributionURL", "multiple": false, "typeClass": "primitive", "value": "https://drive.google.com/open?id=0BwfOOuxA-Y7qSnRHWXV3Q1R3MHc"}]}}}, "global_entity_id": 4186}