{"data": {"id": 763, "versionState": "DRAFT", "productionDate": "Production Date", "lastUpdateTime": "2017-03-12T12:59:43Z", "createTime": "2017-02-17T00:02:20Z", "license": "CC0", "termsOfUse": "CC0 Waiver", "metadataBlocks": {"citation": {"displayName": "Citation Metadata", "fields": [{"typeName": "title", "multiple": false, "typeClass": "primitive", "value": "Reporting Modernization: Getting to a Living Report with Collaborative Report Generation & Audience Specific Dissemination"}, {"typeName": "author", "multiple": true, "typeClass": "compound", "value": [{"authorName": {"typeName": "authorName", "multiple": false, "typeClass": "primitive", "value": "Tayloe, Ruth"}, "authorAffiliation": {"typeName": "authorAffiliation", "multiple": false, "typeClass": "primitive", "value": "LAS-G"}}, {"authorName": {"typeName": "authorName", "multiple": false, "typeClass": "primitive", "value": "Joines, Sharon"}, "authorAffiliation": {"typeName": "authorAffiliation", "multiple": false, "typeClass": "primitive", "value": "NC State"}}, {"authorName": {"typeName": "authorName", "multiple": false, "typeClass": "primitive", "value": "Jameson, Jessica"}, "authorAffiliation": {"typeName": "authorAffiliation", "multiple": false, "typeClass": "primitive", "value": "NC State"}}, {"authorName": {"typeName": "authorName", "multiple": false, "typeClass": "primitive", "value": "Liu, Tsia"}, "authorAffiliation": {"typeName": "authorAffiliation", "multiple": false, "typeClass": "primitive", "value": "NC State"}}, {"authorName": {"typeName": "authorName", "multiple": false, "typeClass": "primitive", "value": "Rendon, Hector"}, "authorAffiliation": {"typeName": "authorAffiliation", "multiple": false, "typeClass": "primitive", "value": "NC State"}}, {"authorName": {"typeName": "authorName", "multiple": false, "typeClass": "primitive", "value": "Thompson, Ken"}, "authorAffiliation": {"typeName": "authorAffiliation", "multiple": false, "typeClass": "primitive", "value": "LAS-G"}}, {"authorName": {"typeName": "authorName", "multiple": false, "typeClass": "primitive", "value": "Tait, Richard"}, "authorAffiliation": {"typeName": "authorAffiliation", "multiple": false, "typeClass": "primitive", "value": "LAS-G"}}, {"authorName": {"typeName": "authorName", "multiple": false, "typeClass": "primitive", "value": "Agosto Padilla, William"}, "authorAffiliation": {"typeName": "authorAffiliation", "multiple": false, "typeClass": "primitive", "value": "LAS-G"}}, {"authorName": {"typeName": "authorName", "multiple": false, "typeClass": "primitive", "value": "Andrews, Ariana"}, "authorAffiliation": {"typeName": "authorAffiliation", "multiple": false, "typeClass": "primitive", "value": "LAS-G"}}]}, {"typeName": "datasetContact", "multiple": true, "typeClass": "compound", "value": [{"datasetContactName": {"typeName": "datasetContactName", "multiple": false, "typeClass": "primitive", "value": "Joines, Sharon"}, "datasetContactAffiliation": {"typeName": "datasetContactAffiliation", "multiple": false, "typeClass": "primitive", "value": "NC State"}, "datasetContactEmail": {"typeName": "datasetContactEmail", "multiple": false, "typeClass": "primitive", "value": "sharon_joines@ncsu.edu"}}]}, {"typeName": "dsDescription", "multiple": true, "typeClass": "compound", "value": [{"dsDescriptionValue": {"typeName": "dsDescriptionValue", "multiple": false, "typeClass": "primitive", "value": "Intelligence analysts gather information from sources (single, multiple and/or disparate), synthesize the information and provide their insight through reports. These reports are frequently conceived of as stand alone work products with ambiguous audiences. Historically these reports are generated with minimal collaboration. Shifts in the intelligence community to work collaboratively necessitates shifts in work processes including report generation. This project seeks to gather information regarding the processes used by intelligence analysts when generating reports and how collaborative report generation may impact analysts workflow.\r\n\r\nThe outcome of this investigation will benefit stakeholders (e.g., intelligence analysts) in developing improved processes for their collaborative report generation process."}, "dsDescriptionDate": {"typeName": "dsDescriptionDate", "multiple": false, "typeClass": "primitive", "value": "2016-12-05"}}]}, {"typeName": "subject", "multiple": true, "typeClass": "controlledVocabulary", "value": ["Social Sciences"]}, {"typeName": "depositor", "multiple": false, "typeClass": "primitive", "value": "Blonchek, Maribeth"}, {"typeName": "dateOfDeposit", "multiple": false, "typeClass": "primitive", "value": "2017-02-16"}]}, "las": {"displayName": "LAS Metadata", "fields": [{"typeName": "LASkeywords", "multiple": true, "typeClass": "primitive", "value": ["DO6", "SJ1", "S6", "A106", "A110", "A111", "R169", "RT2", "RT1", "KT1", "AA3", "WA1"]}, {"typeName": "LASdateAdded", "multiple": false, "typeClass": "primitive", "value": "2017-02-16"}, {"typeName": "LASitemType", "multiple": false, "typeClass": "controlledVocabulary", "value": "Presentation"}, {"typeName": "LASdateUpdated", "multiple": false, "typeClass": "primitive", "value": "2017-02-17"}, {"typeName": "LASdistributionURL", "multiple": false, "typeClass": "primitive", "value": "https://ncsu-las.org/wp-content/uploads/2017/01/do6-symposium-poster-reporting-modernization_-getting-to-a-living-report-with-collaborative-report-generation-_-audience-specific-dissemination-12-05-16.pdf"}, {"typeName": "LASpresentation", "multiple": true, "typeClass": "compound", "value": [{"LASeventName": {"typeName": "LASeventName", "multiple": false, "typeClass": "primitive", "value": "2016 LAS Research Symposium"}, "LASeventLocation": {"typeName": "LASeventLocation", "multiple": false, "typeClass": "primitive", "value": "Raleigh, NC"}, "LASdatePresented": {"typeName": "LASdatePresented", "multiple": false, "typeClass": "primitive", "value": "2016-12-05"}}]}]}}}, "global_entity_id": 4231}