{"data": {"id": 768, "versionState": "DRAFT", "productionDate": "Production Date", "lastUpdateTime": "2017-03-12T13:35:43Z", "createTime": "2017-02-17T00:26:11Z", "license": "CC0", "termsOfUse": "CC0 Waiver", "metadataBlocks": {"citation": {"displayName": "Citation Metadata", "fields": [{"typeName": "title", "multiple": false, "typeClass": "primitive", "value": "SmartCities: Anticipating Agents of Change"}, {"typeName": "author", "multiple": true, "typeClass": "compound", "value": [{"authorName": {"typeName": "authorName", "multiple": false, "typeClass": "primitive", "value": "Amos-Binks, Adam"}, "authorAffiliation": {"typeName": "authorAffiliation", "multiple": false, "typeClass": "primitive", "value": "LAS-G"}}, {"authorName": {"typeName": "authorName", "multiple": false, "typeClass": "primitive", "value": "Stacy, Colleen"}, "authorAffiliation": {"typeName": "authorAffiliation", "multiple": false, "typeClass": "primitive", "value": "LAS-G"}}, {"authorName": {"typeName": "authorName", "multiple": false, "typeClass": "primitive", "value": "Titus, Lucia"}, "authorAffiliation": {"typeName": "authorAffiliation", "multiple": false, "typeClass": "primitive", "value": "NC State"}}, {"authorName": {"typeName": "authorName", "multiple": false, "typeClass": "primitive", "value": "Vogel, Kathleen"}, "authorAffiliation": {"typeName": "authorAffiliation", "multiple": false, "typeClass": "primitive", "value": "NC State"}}, {"authorName": {"typeName": "authorName", "multiple": false, "typeClass": "primitive", "value": "Wachter, Lori"}, "authorAffiliation": {"typeName": "authorAffiliation", "multiple": false, "typeClass": "primitive", "value": "LAS-G"}}]}, {"typeName": "datasetContact", "multiple": true, "typeClass": "compound", "value": [{"datasetContactName": {"typeName": "datasetContactName", "multiple": false, "typeClass": "primitive", "value": "Titus, Lucia"}, "datasetContactAffiliation": {"typeName": "datasetContactAffiliation", "multiple": false, "typeClass": "primitive", "value": "NC State"}, "datasetContactEmail": {"typeName": "datasetContactEmail", "multiple": false, "typeClass": "primitive", "value": "lltitus@ncsu.edu"}}, {"datasetContactName": {"typeName": "datasetContactName", "multiple": false, "typeClass": "primitive", "value": "Vogel, Kathleen"}, "datasetContactAffiliation": {"typeName": "datasetContactAffiliation", "multiple": false, "typeClass": "primitive", "value": "NC State"}, "datasetContactEmail": {"typeName": "datasetContactEmail", "multiple": false, "typeClass": "primitive", "value": "kmvogel@ncsu.edu"}}]}, {"typeName": "dsDescription", "multiple": true, "typeClass": "compound", "value": [{"dsDescriptionValue": {"typeName": "dsDescriptionValue", "multiple": false, "typeClass": "primitive", "value": "As cities across the globe have made services more connected and interconnected through rapidly changing technological innovations and digitized infrastructure, a phenomenon known as \u201cSmartCities,\u201d they are also more vulnerable to cyber attacks. Such incidents highlight critical policy and technical needs to align leading edge artificial intelligence techniques with the complex realities of SmartCities in order to anticipate and mitigate future threats to these cyber infrastructures. \r\n\r\nThe Intelligence Community\u2019s (IC) ability to support governments in preventing crises and benefitting from opportunities is most effective before attacks ever take place. This has led to a growing interest in the production of anticipatory intelligence (ANTINT). Anticipatory thinking (AT) underlies ANTINT by providing a future-oriented lens with which to approach the most pressing problems in intelligence for the 21st century.\r\n\r\nBut existing strategies for predicting and preparing for the future are exceedingly limited. The task of making sense of the increasing interconnectedness and complexity of political, economic, geospatial, cultural, and technological factors has become largely untenable. This challenge has become particularly problematic in so-called 'SmartCities\u2019 where citizens, governments and physical and technological infrastructure are tremendously interdependent.\r\n\r\nCurrently, several Structured Analytic Techniques allow for the kind of prediction and\r\npreparation that SmartCities require for preservation of maximum security, privacy, and\r\nfunctionality. However, such techniques, thus far, lack the essential element of scalability that is needed to comprehend and analyze large and intersecting sets of data.\r\n\r\nThe Laboratory for Analytic Sciences (LAS) Anticipatory Thinking Project aims to improve the Intelligence Community\u2019s ability to preserve the value of SmartCities by creating artificial intelligence for scalable anticipatory thinking. Our primary contribution is a methodology using Structured Analytic Techniques demonstrated with a case study highlighting the intersections between SmartCities of the future and the Internet of Things (IoT)."}}]}, {"typeName": "subject", "multiple": true, "typeClass": "controlledVocabulary", "value": ["Computer and Information Science", "Social Sciences"]}, {"typeName": "depositor", "multiple": false, "typeClass": "primitive", "value": "Blonchek, Maribeth"}, {"typeName": "dateOfDeposit", "multiple": false, "typeClass": "primitive", "value": "2017-02-16"}]}, "las": {"displayName": "LAS Metadata", "fields": [{"typeName": "LASkeywords", "multiple": true, "typeClass": "primitive", "value": ["DO6", "LT2", "KV1", "CY6", "A127", "R162", "AA2", "CS1", "LW2"]}, {"typeName": "LASdateAdded", "multiple": false, "typeClass": "primitive", "value": "2017-02-16"}, {"typeName": "LASitemType", "multiple": false, "typeClass": "controlledVocabulary", "value": "Presentation"}, {"typeName": "LASdateUpdated", "multiple": false, "typeClass": "primitive", "value": "2017-02-17"}, {"typeName": "LASdistributionURL", "multiple": false, "typeClass": "primitive", "value": "https://ncsu-las.org/wp-content/uploads/2017/01/do6-symposium-poster-smartcities_-anticipating-agents-of-change-12-05-16.pdf"}, {"typeName": "LASpresentation", "multiple": true, "typeClass": "compound", "value": [{"LASeventName": {"typeName": "LASeventName", "multiple": false, "typeClass": "primitive", "value": "2016 LAS Research Symposium"}, "LASeventLocation": {"typeName": "LASeventLocation", "multiple": false, "typeClass": "primitive", "value": "Raleigh, NC"}}]}]}}}, "global_entity_id": 4241}