{"data": {"id": 773, "versionState": "DRAFT", "productionDate": "Production Date", "lastUpdateTime": "2017-02-17T18:13:47Z", "createTime": "2017-02-17T00:50:32Z", "license": "CC0", "termsOfUse": "CC0 Waiver", "metadataBlocks": {"citation": {"displayName": "Citation Metadata", "fields": [{"typeName": "title", "multiple": false, "typeClass": "primitive", "value": "Tools for Studying Communication in Multiple Dimensions"}, {"typeName": "author", "multiple": true, "typeClass": "compound", "value": [{"authorName": {"typeName": "authorName", "multiple": false, "typeClass": "primitive", "value": "Argenta, Chris"}, "authorAffiliation": {"typeName": "authorAffiliation", "multiple": false, "typeClass": "primitive", "value": "ARA"}}, {"authorName": {"typeName": "authorName", "multiple": false, "typeClass": "primitive", "value": "Soderstrom, Nik"}, "authorAffiliation": {"typeName": "authorAffiliation", "multiple": false, "typeClass": "primitive", "value": "ARA"}}, {"authorName": {"typeName": "authorName", "multiple": false, "typeClass": "primitive", "value": "Foley, Kyle"}, "authorAffiliation": {"typeName": "authorAffiliation", "multiple": false, "typeClass": "primitive", "value": "ARA"}}, {"authorName": {"typeName": "authorName", "multiple": false, "typeClass": "primitive", "value": "Stacy, Colleen"}, "authorAffiliation": {"typeName": "authorAffiliation", "multiple": false, "typeClass": "primitive", "value": "USG"}}, {"authorName": {"typeName": "authorName", "multiple": false, "typeClass": "primitive", "value": "Tait, Richard"}, "authorAffiliation": {"typeName": "authorAffiliation", "multiple": false, "typeClass": "primitive", "value": "USG"}}, {"authorName": {"typeName": "authorName", "multiple": false, "typeClass": "primitive", "value": "Fields, Brittany"}, "authorAffiliation": {"typeName": "authorAffiliation", "multiple": false, "typeClass": "primitive", "value": "ARA"}}, {"authorName": {"typeName": "authorName", "multiple": false, "typeClass": "primitive", "value": "Argenta, Chris"}, "authorAffiliation": {"typeName": "authorAffiliation", "multiple": false, "typeClass": "primitive", "value": "ARA"}}, {"authorName": {"typeName": "authorName", "multiple": false, "typeClass": "primitive", "value": "Orr, Tyler"}, "authorAffiliation": {"typeName": "authorAffiliation", "multiple": false, "typeClass": "primitive", "value": "NC State"}}, {"authorName": {"typeName": "authorName", "multiple": false, "typeClass": "primitive", "value": "Graffius, Jason"}, "authorAffiliation": {"typeName": "authorAffiliation", "multiple": false, "typeClass": "primitive", "value": "NC State"}}, {"authorName": {"typeName": "authorName", "multiple": false, "typeClass": "primitive", "value": "Goodridge, Steve"}, "authorAffiliation": {"typeName": "authorAffiliation", "multiple": false, "typeClass": "primitive", "value": "SignalScape"}}, {"authorName": {"typeName": "authorName", "multiple": false, "typeClass": "primitive", "value": "Keiser, James"}, "authorAffiliation": {"typeName": "authorAffiliation", "multiple": false, "typeClass": "primitive", "value": "USG"}}]}, {"typeName": "datasetContact", "multiple": true, "typeClass": "compound", "value": [{"datasetContactName": {"typeName": "datasetContactName", "multiple": false, "typeClass": "primitive", "value": "Keyton, Joann"}, "datasetContactAffiliation": {"typeName": "datasetContactAffiliation", "multiple": false, "typeClass": "primitive", "value": "NC State"}, "datasetContactEmail": {"typeName": "datasetContactEmail", "multiple": false, "typeClass": "primitive", "value": "jkeyton@ncsu.edu"}}]}, {"typeName": "dsDescription", "multiple": true, "typeClass": "compound", "value": [{"dsDescriptionValue": {"typeName": "dsDescriptionValue", "multiple": false, "typeClass": "primitive", "value": "This poster addresses the Virtual Presence aspect. This is essentially a video teleconferencing system based on sharing avatars instead of video in order to significantly reduce bandwidth and allow persistent sessions. ARA has also setup two SilverCord EndPoints and an AWS-based server for demonstration and testing. Please coordinate with Chris Argenta at ARA for details or to arrange a demonstration.\r\n\r\nKinections: This prototype addresses the Non-Verbal Communications aspect. It is essentially a system for collecting small group communication sessions in 4D (3D point cloud over time), registering the multiple RGB+D sensors, and viewing the results. There is a README.txt file in the archive to help in installing and configuration. ARA has also setup 4 NCSU owned laptops/sensors with this software. Please coordinate Dr. Joann Keyton at NCSU for details or to use these systems.\r\n"}}]}, {"typeName": "subject", "multiple": true, "typeClass": "controlledVocabulary", "value": ["Computer and Information Science", "Engineering", "Social Sciences"]}, {"typeName": "depositor", "multiple": false, "typeClass": "primitive", "value": "Blonchek, Maribeth"}, {"typeName": "dateOfDeposit", "multiple": false, "typeClass": "primitive", "value": "2017-02-16"}]}, "las": {"displayName": "LAS Metadata", "fields": [{"typeName": "LASkeywords", "multiple": true, "typeClass": "primitive", "value": ["DO6", "JK1", "C6", "A103", "A136", "R205", "R207"]}, {"typeName": "LASdateAdded", "multiple": false, "typeClass": "primitive", "value": "2017-02-16"}, {"typeName": "LASitemType", "multiple": false, "typeClass": "controlledVocabulary", "value": "Presentation"}, {"typeName": "LASdateUpdated", "multiple": false, "typeClass": "primitive", "value": "2017-02-17"}, {"typeName": "LASdistributionURL", "multiple": false, "typeClass": "primitive", "value": "https://ncsu-las.org/wp-content/uploads/2017/01/do6-symposium-poster-tools-for-studying-communication-in-multiple-dimensions-12-05-16.pdf"}, {"typeName": "LASpresentation", "multiple": true, "typeClass": "compound", "value": [{"LASeventName": {"typeName": "LASeventName", "multiple": false, "typeClass": "primitive", "value": "2016 LAS Research Symposium"}, "LASeventLocation": {"typeName": "LASeventLocation", "multiple": false, "typeClass": "primitive", "value": "Raleigh, NC"}}]}]}}}, "global_entity_id": 4251}