{"data": {"id": 776, "versionState": "DRAFT", "productionDate": "Production Date", "lastUpdateTime": "2017-02-17T17:09:05Z", "createTime": "2017-02-17T01:06:37Z", "license": "CC0", "termsOfUse": "CC0 Waiver", "metadataBlocks": {"citation": {"displayName": "Citation Metadata", "fields": [{"typeName": "title", "multiple": false, "typeClass": "primitive", "value": "Virtual Collaboration"}, {"typeName": "author", "multiple": true, "typeClass": "compound", "value": [{"authorName": {"typeName": "authorName", "multiple": false, "typeClass": "primitive", "value": "Jameson, Jessica K."}, "authorAffiliation": {"typeName": "authorAffiliation", "multiple": false, "typeClass": "primitive", "value": "NC State"}}, {"authorName": {"typeName": "authorName", "multiple": false, "typeClass": "primitive", "value": "Stacy, Colleen"}, "authorAffiliation": {"typeName": "authorAffiliation", "multiple": false, "typeClass": "primitive", "value": "USG"}}]}, {"typeName": "datasetContact", "multiple": true, "typeClass": "compound", "value": [{"datasetContactName": {"typeName": "datasetContactName", "multiple": false, "typeClass": "primitive", "value": "Jameson, Jessica"}, "datasetContactAffiliation": {"typeName": "datasetContactAffiliation", "multiple": false, "typeClass": "primitive", "value": "NC State"}, "datasetContactEmail": {"typeName": "datasetContactEmail", "multiple": false, "typeClass": "primitive", "value": "jameson@ncsu.edu"}}]}, {"typeName": "dsDescription", "multiple": true, "typeClass": "compound", "value": [{"dsDescriptionValue": {"typeName": "dsDescriptionValue", "multiple": false, "typeClass": "primitive", "value": "The increased use of geographically dispersed teams has led to the proliferation of online platforms to support virtual collaboration. A limitation of the diverse choices is that users need to learn multiple platforms and have varying levels of comfort and proficiency with different virtual tools. Based on a longitudinal, ethnographic study of one interdisciplinary and interorganizational research lab that includes virtual teams, this paper describes the types of process and affective conflict that can disrupt virtual teams and prevent the emergence of trust and cohesiveness needed for constructive cognitive conflict vital to innovative collaboration. The paper will report on the analysis of meeting participation and observations, surveys, interviews, and user logs to describe the types of conflict that are more common to virtual teams, describe methods for preventing or managing such conflicts, and provide a set of recommendations for optimizing productive conflict and collaboration in virtual teams."}}]}, {"typeName": "subject", "multiple": true, "typeClass": "controlledVocabulary", "value": ["Social Sciences"]}, {"typeName": "depositor", "multiple": false, "typeClass": "primitive", "value": "Blonchek, Maribeth"}, {"typeName": "dateOfDeposit", "multiple": false, "typeClass": "primitive", "value": "2017-02-16"}]}, "las": {"displayName": "LAS Metadata", "fields": [{"typeName": "LASkeywords", "multiple": true, "typeClass": "primitive", "value": ["DO6", "JJ1", "C6", "A102", "R164"]}, {"typeName": "LASdateAdded", "multiple": false, "typeClass": "primitive", "value": "2016-02-16"}, {"typeName": "LASitemType", "multiple": false, "typeClass": "controlledVocabulary", "value": "Presentation"}, {"typeName": "LASdateUpdated", "multiple": false, "typeClass": "primitive", "value": "2016-02-16"}, {"typeName": "LASdistributionURL", "multiple": false, "typeClass": "primitive", "value": "https://ncsu-las.org/wp-content/uploads/2017/01/do6-symposium-poster-virtual-collaboration-12-05-16.pdf"}, {"typeName": "LASpresentation", "multiple": true, "typeClass": "compound", "value": [{"LASeventName": {"typeName": "LASeventName", "multiple": false, "typeClass": "primitive", "value": "2016 LAS Research Symposium"}, "LASeventLocation": {"typeName": "LASeventLocation", "multiple": false, "typeClass": "primitive", "value": "Raleigh, NC"}}]}]}}}, "global_entity_id": 4257}