{"data": {"id": 795, "versionState": "DRAFT", "productionDate": "Production Date", "lastUpdateTime": "2018-03-27T01:20:20Z", "createTime": "2017-02-20T20:14:51Z", "license": "CC0", "termsOfUse": "CC0 Waiver", "metadataBlocks": {"citation": {"displayName": "Citation Metadata", "fields": [{"typeName": "title", "multiple": false, "typeClass": "primitive", "value": "Fundamental Analysis Data Readiness Level (DRL) Phase Transitions"}, {"typeName": "author", "multiple": true, "typeClass": "compound", "value": [{"authorName": {"typeName": "authorName", "multiple": false, "typeClass": "primitive", "value": "Reeves, Galen"}, "authorAffiliation": {"typeName": "authorAffiliation", "multiple": false, "typeClass": "primitive", "value": "Duke University"}}, {"authorName": {"typeName": "authorName", "multiple": false, "typeClass": "primitive", "value": "Beirami, Ahmad"}, "authorAffiliation": {"typeName": "authorAffiliation", "multiple": false, "typeClass": "primitive", "value": "Duke University"}}]}, {"typeName": "datasetContact", "multiple": true, "typeClass": "compound", "value": [{"datasetContactName": {"typeName": "datasetContactName", "multiple": false, "typeClass": "primitive", "value": "Reeves, Galen"}, "datasetContactAffiliation": {"typeName": "datasetContactAffiliation", "multiple": false, "typeClass": "primitive", "value": "Duke University"}, "datasetContactEmail": {"typeName": "datasetContactEmail", "multiple": false, "typeClass": "primitive", "value": "galen.reeves@duke.edu"}}]}, {"typeName": "dsDescription", "multiple": true, "typeClass": "compound", "value": [{"dsDescriptionValue": {"typeName": "dsDescriptionValue", "multiple": false, "typeClass": "primitive", "value": "The rapid increase in our ability to obtain, store, and process massive amounts of data motivates the need for measures of data readiness level (DRL) in the high-dimensional setting where both the size and the complexity of the data are growing. Recent work in signal processing, statistics, and machine learning has shown that many problems in this area exhibit phase transitions, i.e. sharp changes in the utility of the data as a function of amount of the amount or quality of the data. These phase transitions arise as an abrupt breakdown in the ability to identify and utilize underlying structure in the data."}, "dsDescriptionDate": {"typeName": "dsDescriptionDate", "multiple": false, "typeClass": "primitive", "value": "2014-12-31"}}]}, {"typeName": "subject", "multiple": true, "typeClass": "controlledVocabulary", "value": ["Mathematical Sciences"]}, {"typeName": "depositor", "multiple": false, "typeClass": "primitive", "value": "Blonchek, Maribeth"}, {"typeName": "dateOfDeposit", "multiple": false, "typeClass": "primitive", "value": "2017-02-20"}]}, "las": {"displayName": "LAS Metadata", "fields": [{"typeName": "LASkeywords", "multiple": true, "typeClass": "primitive", "value": ["DO2", "GR2", "DRL2", "A9", "R29"]}, {"typeName": "LASdateAdded", "multiple": false, "typeClass": "primitive", "value": "2017-02-20"}, {"typeName": "LASitemType", "multiple": false, "typeClass": "controlledVocabulary", "value": "Report"}, {"typeName": "LASdateUpdated", "multiple": false, "typeClass": "primitive", "value": "2017-02-20"}, {"typeName": "LASdistributionURL", "multiple": false, "typeClass": "primitive", "value": "https://drive.google.com/open?id=0BzDPf9g8B1iUeGNJVGszMmFMNTA"}]}}}, "global_entity_id": 4298}