{"data": {"id": 798, "versionState": "DRAFT", "productionDate": "Production Date", "lastUpdateTime": "2018-03-27T01:10:09Z", "createTime": "2017-02-20T20:35:41Z", "license": "CC0", "termsOfUse": "CC0 Waiver", "metadataBlocks": {"citation": {"displayName": "Citation Metadata", "fields": [{"typeName": "title", "multiple": false, "typeClass": "primitive", "value": "DO2 Deliverables \u2013 Data Readiness Level Team"}, {"typeName": "author", "multiple": true, "typeClass": "compound", "value": [{"authorName": {"typeName": "authorName", "multiple": false, "typeClass": "primitive", "value": "Hammond, Robert G."}, "authorAffiliation": {"typeName": "authorAffiliation", "multiple": false, "typeClass": "primitive", "value": "NC State"}}]}, {"typeName": "datasetContact", "multiple": true, "typeClass": "compound", "value": [{"datasetContactName": {"typeName": "datasetContactName", "multiple": false, "typeClass": "primitive", "value": "Hammond, Robert G."}, "datasetContactAffiliation": {"typeName": "datasetContactAffiliation", "multiple": false, "typeClass": "primitive", "value": "NC State"}, "datasetContactEmail": {"typeName": "datasetContactEmail", "multiple": false, "typeClass": "primitive", "value": "rghammon@ncsu.edu"}}]}, {"typeName": "dsDescription", "multiple": true, "typeClass": "compound", "value": [{"dsDescriptionValue": {"typeName": "dsDescriptionValue", "multiple": false, "typeClass": "primitive", "value": "A Data Readiness Level (DRL) metric aims to quantify the value of data in context. My role on the DRL team is as an experimental economist with expertise in laboratory methodologies. I have developed a framework for an experimental design for DRL experiments that will test the practical usefulness of the metrics that are currently being developed by the DRL team. These experiments will assess the degree to which the metrics are useful in an analytical workflow. First, metrics will be tested in laboratory experiments with students as subjects. Then, experiments will be conducted with government LAS staff as subjects using the DRL metrics that have been developed. These experiments are known as \u201cfield\u201d experiments because they use data that are similar to that which analysts typically use day-to- day environment, that is, data from the field. These field experiments are the ultimate goal of the experimental component of the DRL plan of work, but field experiments cannot be successful unless they follow extensive redesign based on simulation evidence and lab experiments."}, "dsDescriptionDate": {"typeName": "dsDescriptionDate", "multiple": false, "typeClass": "primitive", "value": "2014-08-12"}}]}, {"typeName": "subject", "multiple": true, "typeClass": "controlledVocabulary", "value": ["Business and Management"]}, {"typeName": "depositor", "multiple": false, "typeClass": "primitive", "value": "Blonchek, Maribeth"}, {"typeName": "dateOfDeposit", "multiple": false, "typeClass": "primitive", "value": "2017-02-20"}]}, "las": {"displayName": "LAS Metadata", "fields": [{"typeName": "LASkeywords", "multiple": true, "typeClass": "primitive", "value": ["DO2", "RH1", "DRL2", "A9", "R30"]}, {"typeName": "LASdateAdded", "multiple": false, "typeClass": "primitive", "value": "2017-02-20"}, {"typeName": "LASitemType", "multiple": false, "typeClass": "controlledVocabulary", "value": "Report"}, {"typeName": "LASdateUpdated", "multiple": false, "typeClass": "primitive", "value": "2017-02-20"}, {"typeName": "LASdistributionURL", "multiple": false, "typeClass": "primitive", "value": "https://drive.google.com/open?id=0BzDPf9g8B1iUeWNnazNxT3pGVmc"}]}}}, "global_entity_id": 4304}