{"data": {"id": 803, "versionState": "DRAFT", "productionDate": "Production Date", "lastUpdateTime": "2017-03-15T16:38:44Z", "createTime": "2017-02-21T19:08:37Z", "license": "CC0", "termsOfUse": "CC0 Waiver", "metadataBlocks": {"citation": {"displayName": "Citation Metadata", "fields": [{"typeName": "title", "multiple": false, "typeClass": "primitive", "value": "IBM Future States Processing Framework"}, {"typeName": "author", "multiple": true, "typeClass": "compound", "value": [{"authorName": {"typeName": "authorName", "multiple": false, "typeClass": "primitive", "value": "Slankas, John"}, "authorAffiliation": {"typeName": "authorAffiliation", "multiple": false, "typeClass": "primitive", "value": "NC State"}}, {"authorName": {"typeName": "authorName", "multiple": false, "typeClass": "primitive", "value": "Dinger, Tim"}, "authorAffiliation": {"typeName": "authorAffiliation", "multiple": false, "typeClass": "primitive", "value": "IBM"}}]}, {"typeName": "datasetContact", "multiple": true, "typeClass": "compound", "value": [{"datasetContactName": {"typeName": "datasetContactName", "multiple": false, "typeClass": "primitive", "value": "Slankas, John"}, "datasetContactAffiliation": {"typeName": "datasetContactAffiliation", "multiple": false, "typeClass": "primitive", "value": "NC State"}, "datasetContactEmail": {"typeName": "datasetContactEmail", "multiple": false, "typeClass": "primitive", "value": "jbslanka@ncsu.edu"}}]}, {"typeName": "dsDescription", "multiple": true, "typeClass": "compound", "value": [{"dsDescriptionValue": {"typeName": "dsDescriptionValue", "multiple": false, "typeClass": "primitive", "value": "IBM Future States Processing Framework:\r\n\r\n * The FSP runtime / energy scenario demo that utilizes the runtime and    multiple projectors (see applications/Oil_Demonstrator/doc)\r\n * The planning projector (seerojectors/planning/README.md and\r\n   projectors/planning/QUICKSTART.md)\r\n * The Risk Modeler projector (see projectors/risk_modeler/README\r\n    and projectors/risk_modeler/brazil_demo/README_BRAZIL for the Brazil scenario)\r\n * The SDP projector (see projectors/sdp/README.txt and\r\n    projectors/sdp/READMEmulti.txt for the Brazil scenario)\r\n * The time series projector (see projectors/timeseries, requires IBM InfoSphere Streams to run)\r\n * World Graph Store (see platform/WorldGraphStore/WorldGraphStoreReadMe.txt)  The code be found here:  https://drive.google.com/file/d/0B3DHfxjlvlW4M3V4SW5EdDhvQTQ/view"}, "dsDescriptionDate": {"typeName": "dsDescriptionDate", "multiple": false, "typeClass": "primitive", "value": "2016-12-05"}}]}, {"typeName": "subject", "multiple": true, "typeClass": "controlledVocabulary", "value": ["Computer and Information Science"]}, {"typeName": "depositor", "multiple": false, "typeClass": "primitive", "value": "Stegall, Jared"}, {"typeName": "dateOfDeposit", "multiple": false, "typeClass": "primitive", "value": "2017-02-21"}]}, "las": {"displayName": "LAS Metadata", "fields": [{"typeName": "LASkeywords", "multiple": true, "typeClass": "primitive", "value": ["JS2", "TD1", "DO6", "BA6", "A98", "A99", "R176", "R200", "R201", "R202"]}, {"typeName": "LASdateAdded", "multiple": false, "typeClass": "primitive", "value": "2017-02-21"}, {"typeName": "LASitemType", "multiple": false, "typeClass": "controlledVocabulary", "value": "Software"}, {"typeName": "LASdateUpdated", "multiple": false, "typeClass": "primitive", "value": "2017-03-15"}, {"typeName": "LASdistributionURL", "multiple": false, "typeClass": "primitive", "value": "https://drive.google.com/open?id=0B3DHfxjlvlW4M3V4SW5EdDhvQTQ"}]}}}, "global_entity_id": 4314}