{"data": {"id": 809, "versionState": "DRAFT", "productionDate": "Production Date", "lastUpdateTime": "2017-03-12T14:14:48Z", "createTime": "2017-02-21T21:15:03Z", "license": "CC0", "termsOfUse": "CC0 Waiver", "metadataBlocks": {"citation": {"displayName": "Citation Metadata", "fields": [{"typeName": "title", "multiple": false, "typeClass": "primitive", "value": "'Beating the News' with EMBERS: Forecasting Civil Unrest using Open Source Indicators"}, {"typeName": "author", "multiple": true, "typeClass": "compound", "value": [{"authorName": {"typeName": "authorName", "multiple": false, "typeClass": "primitive", "value": "Ramakrishnan, Naren"}, "authorAffiliation": {"typeName": "authorAffiliation", "multiple": false, "typeClass": "primitive", "value": "Virginia Tech"}}, {"authorName": {"typeName": "authorName", "multiple": false, "typeClass": "primitive", "value": "Butler, Patrick"}, "authorAffiliation": {"typeName": "authorAffiliation", "multiple": false, "typeClass": "primitive", "value": "Virginia Tech"}}, {"authorName": {"typeName": "authorName", "multiple": false, "typeClass": "primitive", "value": "Muthiah, Sathappan"}, "authorAffiliation": {"typeName": "authorAffiliation", "multiple": false, "typeClass": "primitive", "value": "Virginia Tech"}}, {"authorName": {"typeName": "authorName", "multiple": false, "typeClass": "primitive", "value": "Self, Nathan"}, "authorAffiliation": {"typeName": "authorAffiliation", "multiple": false, "typeClass": "primitive", "value": "Virginia Tech"}}, {"authorName": {"typeName": "authorName", "multiple": false, "typeClass": "primitive", "value": "Khandpur, Rupinder"}, "authorAffiliation": {"typeName": "authorAffiliation", "multiple": false, "typeClass": "primitive", "value": "Virginia Tech"}}, {"authorName": {"typeName": "authorName", "multiple": false, "typeClass": "primitive", "value": "Saraf, Parang"}, "authorAffiliation": {"typeName": "authorAffiliation", "multiple": false, "typeClass": "primitive", "value": "Virginia Tech"}}, {"authorName": {"typeName": "authorName", "multiple": false, "typeClass": "primitive", "value": "Wang, Wei"}, "authorAffiliation": {"typeName": "authorAffiliation", "multiple": false, "typeClass": "primitive", "value": "Virginia Tech"}}, {"authorName": {"typeName": "authorName", "multiple": false, "typeClass": "primitive", "value": "Cadena, Jose"}, "authorAffiliation": {"typeName": "authorAffiliation", "multiple": false, "typeClass": "primitive", "value": "Virginia Tech"}}, {"authorName": {"typeName": "authorName", "multiple": false, "typeClass": "primitive", "value": "Vullikanti, Anil"}, "authorAffiliation": {"typeName": "authorAffiliation", "multiple": false, "typeClass": "primitive", "value": "Virginia Tech"}}, {"authorName": {"typeName": "authorName", "multiple": false, "typeClass": "primitive", "value": "Korkmaz, Gizem"}, "authorAffiliation": {"typeName": "authorAffiliation", "multiple": false, "typeClass": "primitive", "value": "Virginia Tech"}}, {"authorName": {"typeName": "authorName", "multiple": false, "typeClass": "primitive", "value": "Kuhlman, Chris"}, "authorAffiliation": {"typeName": "authorAffiliation", "multiple": false, "typeClass": "primitive", "value": "Virginia Tech"}}, {"authorName": {"typeName": "authorName", "multiple": false, "typeClass": "primitive", "value": "Marathe, Achla"}, "authorAffiliation": {"typeName": "authorAffiliation", "multiple": false, "typeClass": "primitive", "value": "Virginia Tech"}}, {"authorName": {"typeName": "authorName", "multiple": false, "typeClass": "primitive", "value": "Zhao, Liang"}, "authorAffiliation": {"typeName": "authorAffiliation", "multiple": false, "typeClass": "primitive", "value": "Virginia Tech"}}, {"authorName": {"typeName": "authorName", "multiple": false, "typeClass": "primitive", "value": "Hua, Ting"}, "authorAffiliation": {"typeName": "authorAffiliation", "multiple": false, "typeClass": "primitive", "value": "Virginia Tech"}}, {"authorName": {"typeName": "authorName", "multiple": false, "typeClass": "primitive", "value": "Chen, Feng"}, "authorAffiliation": {"typeName": "authorAffiliation", "multiple": false, "typeClass": "primitive", "value": "University of Albany - State University of New York"}}, {"authorName": {"typeName": "authorName", "multiple": false, "typeClass": "primitive", "value": "Lu, Chang-Tien"}, "authorAffiliation": {"typeName": "authorAffiliation", "multiple": false, "typeClass": "primitive", "value": "Virginia Tech"}}, {"authorName": {"typeName": "authorName", "multiple": false, "typeClass": "primitive", "value": "Huang, Bert"}, "authorAffiliation": {"typeName": "authorAffiliation", "multiple": false, "typeClass": "primitive", "value": "University of Maryland"}}, {"authorName": {"typeName": "authorName", "multiple": false, "typeClass": "primitive", "value": "Srinivasan, Aravind"}, "authorAffiliation": {"typeName": "authorAffiliation", "multiple": false, "typeClass": "primitive", "value": "University of Maryland"}}, {"authorName": {"typeName": "authorName", "multiple": false, "typeClass": "primitive", "value": "Trinh, Khoa"}, "authorAffiliation": {"typeName": "authorAffiliation", "multiple": false, "typeClass": "primitive", "value": "University of Maryland"}}, {"authorName": {"typeName": "authorName", "multiple": false, "typeClass": "primitive", "value": "Getoor, Lise"}, "authorAffiliation": {"typeName": "authorAffiliation", "multiple": false, "typeClass": "primitive", "value": "University of California at Santa Cruz"}}, {"authorName": {"typeName": "authorName", "multiple": false, "typeClass": "primitive", "value": "Katz, Graham"}, "authorAffiliation": {"typeName": "authorAffiliation", "multiple": false, "typeClass": "primitive", "value": "CACI Inc."}}, {"authorName": {"typeName": "authorName", "multiple": false, "typeClass": "primitive", "value": "Doyle, Andy"}, "authorAffiliation": {"typeName": "authorAffiliation", "multiple": false, "typeClass": "primitive", "value": "CACI Inc."}}, {"authorName": {"typeName": "authorName", "multiple": false, "typeClass": "primitive", "value": "Ackermann, Chris"}, "authorAffiliation": {"typeName": "authorAffiliation", "multiple": false, "typeClass": "primitive", "value": "CACI Inc."}}, {"authorName": {"typeName": "authorName", "multiple": false, "typeClass": "primitive", "value": "Zavorin, Ilya"}, "authorAffiliation": {"typeName": "authorAffiliation", "multiple": false, "typeClass": "primitive", "value": "CACI Inc."}}, {"authorName": {"typeName": "authorName", "multiple": false, "typeClass": "primitive", "value": "Ford, Jim"}, "authorAffiliation": {"typeName": "authorAffiliation", "multiple": false, "typeClass": "primitive", "value": "CACI Inc."}}, {"authorName": {"typeName": "authorName", "multiple": false, "typeClass": "primitive", "value": "Summers, Kristen"}, "authorAffiliation": {"typeName": "authorAffiliation", "multiple": false, "typeClass": "primitive", "value": "CACI Inc."}}, {"authorName": {"typeName": "authorName", "multiple": false, "typeClass": "primitive", "value": "Fayed, Youssef"}, "authorAffiliation": {"typeName": "authorAffiliation", "multiple": false, "typeClass": "primitive", "value": "BASIS Technology"}}, {"authorName": {"typeName": "authorName", "multiple": false, "typeClass": "primitive", "value": "Arredondo, Jaime"}, "authorAffiliation": {"typeName": "authorAffiliation", "multiple": false, "typeClass": "primitive", "value": "University of California at San Diego"}}, {"authorName": {"typeName": "authorName", "multiple": false, "typeClass": "primitive", "value": "Gupta, Dipak"}, "authorAffiliation": {"typeName": "authorAffiliation", "multiple": false, "typeClass": "primitive", "value": "San Diego State University"}}, {"authorName": {"typeName": "authorName", "multiple": false, "typeClass": "primitive", "value": "Mares, David"}, "authorAffiliation": {"typeName": "authorAffiliation", "multiple": false, "typeClass": "primitive", "value": "University of California at San Diego"}}]}, {"typeName": "datasetContact", "multiple": true, "typeClass": "compound", "value": [{"datasetContactName": {"typeName": "datasetContactName", "multiple": false, "typeClass": "primitive", "value": "Andrews, Ariana"}, "datasetContactAffiliation": {"typeName": "datasetContactAffiliation", "multiple": false, "typeClass": "primitive", "value": "USG"}, "datasetContactEmail": {"typeName": "datasetContactEmail", "multiple": false, "typeClass": "primitive", "value": "aalazara@ncsu.edu"}}]}, {"typeName": "dsDescription", "multiple": true, "typeClass": "compound", "value": [{"dsDescriptionValue": {"typeName": "dsDescriptionValue", "multiple": false, "typeClass": "primitive", "value": "We describe the design, implementation, and evaluation of EMBERS, an automated, 24x7 continuous system for forecasting civil unrest across 10 countries of Latin America using open source indicators such as tweets, news sources, blogs, economic indicators, and other data sources "}, "dsDescriptionDate": {"typeName": "dsDescriptionDate", "multiple": false, "typeClass": "primitive", "value": "2015-06-04"}}]}, {"typeName": "subject", "multiple": true, "typeClass": "controlledVocabulary", "value": ["Computer and Information Science", "Social Sciences"]}, {"typeName": "depositor", "multiple": false, "typeClass": "primitive", "value": "Stegall, Jared"}, {"typeName": "dateOfDeposit", "multiple": false, "typeClass": "primitive", "value": "2017-02-21"}]}, "las": {"displayName": "LAS Metadata", "fields": [{"typeName": "LASkeywords", "multiple": true, "typeClass": "primitive", "value": ["DO6", "AA3", "R6", "A193"]}, {"typeName": "LASdateAdded", "multiple": false, "typeClass": "primitive", "value": "2017-02-21"}, {"typeName": "LASitemType", "multiple": false, "typeClass": "controlledVocabulary", "value": "Other"}, {"typeName": "LASdateUpdated", "multiple": false, "typeClass": "primitive", "value": "2017-02-21"}, {"typeName": "LASdistributionURL", "multiple": false, "typeClass": "primitive", "value": "https://drive.google.com/open?id=0B7hx59CRxGwKa2I1YXhQWjNlNlk"}]}}}, "global_entity_id": 4325}