{"data": {"id": 816, "versionState": "DRAFT", "productionDate": "Production Date", "lastUpdateTime": "2017-03-19T23:35:08Z", "createTime": "2017-02-22T14:29:11Z", "license": "CC0", "termsOfUse": "CC0 Waiver", "metadataBlocks": {"citation": {"displayName": "Citation Metadata", "fields": [{"typeName": "title", "multiple": false, "typeClass": "primitive", "value": "OpenKE Briefings"}, {"typeName": "author", "multiple": true, "typeClass": "compound", "value": [{"authorName": {"typeName": "authorName", "multiple": false, "typeClass": "primitive", "value": "Vega, Felecia"}, "authorAffiliation": {"typeName": "authorAffiliation", "multiple": false, "typeClass": "primitive", "value": "LAS-G"}}, {"authorName": {"typeName": "authorName", "multiple": false, "typeClass": "primitive", "value": "Slankas, John"}, "authorAffiliation": {"typeName": "authorAffiliation", "multiple": false, "typeClass": "primitive", "value": "NC State"}}, {"authorName": {"typeName": "authorName", "multiple": false, "typeClass": "primitive", "value": "Bent, Sheila"}, "authorAffiliation": {"typeName": "authorAffiliation", "multiple": false, "typeClass": "primitive", "value": "LAS-G"}}, {"authorName": {"typeName": "authorName", "multiple": false, "typeClass": "primitive", "value": "Kowolenko, Mike"}, "authorAffiliation": {"typeName": "authorAffiliation", "multiple": false, "typeClass": "primitive", "value": "NC State"}}, {"authorName": {"typeName": "authorName", "multiple": false, "typeClass": "primitive", "value": "Handfield, Rob"}, "authorAffiliation": {"typeName": "authorAffiliation", "multiple": false, "typeClass": "primitive", "value": "NC State"}}, {"authorName": {"typeName": "authorName", "multiple": false, "typeClass": "primitive", "value": "Choudhury, Sutanay"}, "authorAffiliation": {"typeName": "authorAffiliation", "multiple": false, "typeClass": "primitive", "value": "PNNL"}}]}, {"typeName": "datasetContact", "multiple": true, "typeClass": "compound", "value": [{"datasetContactName": {"typeName": "datasetContactName", "multiple": false, "typeClass": "primitive", "value": "Slankas, John"}, "datasetContactAffiliation": {"typeName": "datasetContactAffiliation", "multiple": false, "typeClass": "primitive", "value": "NC State"}, "datasetContactEmail": {"typeName": "datasetContactEmail", "multiple": false, "typeClass": "primitive", "value": "jbslanka@ncsu.edu"}}]}, {"typeName": "dsDescription", "multiple": true, "typeClass": "compound", "value": [{"dsDescriptionValue": {"typeName": "dsDescriptionValue", "multiple": false, "typeClass": "primitive", "value": "Open source (OS) can augment classified intelligence disciplines. We need a holistic unclassified environment with OS analytic techniques, tradecraft and processes that are collaborative, sustainable, scalable, agile and transparent. This will better service our customers/support mission needs such as policy makers, the IC and foreign partners."}, "dsDescriptionDate": {"typeName": "dsDescriptionDate", "multiple": false, "typeClass": "primitive", "value": "201-10-23"}}]}, {"typeName": "subject", "multiple": true, "typeClass": "controlledVocabulary", "value": ["Computer and Information Science"]}, {"typeName": "depositor", "multiple": false, "typeClass": "primitive", "value": "Stegall, Jared"}, {"typeName": "dateOfDeposit", "multiple": false, "typeClass": "primitive", "value": "2017-02-22"}]}, "las": {"displayName": "LAS Metadata", "fields": [{"typeName": "LASkeywords", "multiple": true, "typeClass": "primitive", "value": ["JS2", "DO5", "MK1", "RH2", "DO6", "UX6", "A122", "R165", "R167", "R168", "FV1", "SB2"]}, {"typeName": "LASitemType", "multiple": false, "typeClass": "controlledVocabulary", "value": "Presentation"}, {"typeName": "LASdateAdded", "multiple": false, "typeClass": "primitive", "value": "2017-02-22"}, {"typeName": "LASdateUpdated", "multiple": false, "typeClass": "primitive", "value": "2017-02-22"}, {"typeName": "LASdistributionURL", "multiple": false, "typeClass": "primitive", "value": "https://drive.google.com/open?id=1MWFBDl8zLBgnLy6MNz1ntW-wdcCfOn2CDNznZd1OlnA"}, {"typeName": "LASpresentation", "multiple": true, "typeClass": "compound", "value": [{"LASdatePresented": {"typeName": "LASdatePresented", "multiple": false, "typeClass": "primitive", "value": "2015-10-23"}}]}]}}}, "global_entity_id": 4338}