{"data": {"id": 828, "versionState": "DRAFT", "productionDate": "Production Date", "lastUpdateTime": "2017-03-13T14:28:57Z", "createTime": "2017-02-22T19:57:42Z", "license": "CC0", "termsOfUse": "CC0 Waiver", "metadataBlocks": {"citation": {"displayName": "Citation Metadata", "fields": [{"typeName": "title", "multiple": false, "typeClass": "primitive", "value": "Collective Intelligence"}, {"typeName": "author", "multiple": true, "typeClass": "compound", "value": [{"authorName": {"typeName": "authorName", "multiple": false, "typeClass": "primitive", "value": "Singh, Munindar"}, "authorAffiliation": {"typeName": "authorAffiliation", "multiple": false, "typeClass": "primitive", "value": "NC State"}}]}, {"typeName": "datasetContact", "multiple": true, "typeClass": "compound", "value": [{"datasetContactName": {"typeName": "datasetContactName", "multiple": false, "typeClass": "primitive", "value": "Singh, Munindar"}, "datasetContactAffiliation": {"typeName": "datasetContactAffiliation", "multiple": false, "typeClass": "primitive", "value": "NC State"}, "datasetContactEmail": {"typeName": "datasetContactEmail", "multiple": false, "typeClass": "primitive", "value": "mpsingh@ncsu.edu"}}]}, {"typeName": "dsDescription", "multiple": true, "typeClass": "compound", "value": [{"dsDescriptionValue": {"typeName": "dsDescriptionValue", "multiple": false, "typeClass": "primitive", "value": "In the field of intelligence analysis, analysts make critical decisions in the light of incomplete, ambiguous, and deceptive information. Thus, analysts need systematic approaches to generate such decisions and further, justify their rationale behind their decisions. Several approaches such as Analysis of Competing Hypothesis (ACH), Delphi, Red Team Blue Team, and Devil-advocacy have been proposed to assist analysts in generating hypotheses. However, they have limitations. For example, ACH does not encourage collaboration between analysts. We propose a tool called \"Collective Intelligence\" that allows multiple analysts to collaborate on an online platform (website), involves gasification to reduce bias among analysts, and provides recommendations for hypotheses."}, "dsDescriptionDate": {"typeName": "dsDescriptionDate", "multiple": false, "typeClass": "primitive", "value": "2015-06-25"}}]}, {"typeName": "subject", "multiple": true, "typeClass": "controlledVocabulary", "value": ["Computer and Information Science"]}, {"typeName": "depositor", "multiple": false, "typeClass": "primitive", "value": "Stegall, Jared"}, {"typeName": "dateOfDeposit", "multiple": false, "typeClass": "primitive", "value": "2017-02-22"}]}, "las": {"displayName": "LAS Metadata", "fields": [{"typeName": "LASkeywords", "multiple": true, "typeClass": "primitive", "value": ["MS1", "ME3", "DO3", "A47", "R221", "A49", "R94", "R95", "A50", "R96"]}, {"typeName": "LASitemType", "multiple": false, "typeClass": "controlledVocabulary", "value": "Report"}, {"typeName": "LASdateAdded", "multiple": false, "typeClass": "primitive", "value": "2017-02-22"}, {"typeName": "LASdateUpdated", "multiple": false, "typeClass": "primitive", "value": "2017-03-13"}, {"typeName": "LASdistributionURL", "multiple": false, "typeClass": "primitive", "value": "https://drive.google.com/open?id=0Bz1SGoXiNjzoWDdkOERjS3N3YmM"}]}}}, "global_entity_id": 4362}