{"data": {"id": 834, "versionState": "DRAFT", "productionDate": "Production Date", "lastUpdateTime": "2017-03-10T21:24:31Z", "createTime": "2017-02-22T21:47:10Z", "license": "CC0", "termsOfUse": "CC0 Waiver", "metadataBlocks": {"citation": {"displayName": "Citation Metadata", "fields": [{"typeName": "title", "multiple": false, "typeClass": "primitive", "value": "LAS Collaboration Group DO3 Final Report"}, {"typeName": "author", "multiple": true, "typeClass": "compound", "value": [{"authorName": {"typeName": "authorName", "multiple": false, "typeClass": "primitive", "value": "Evans, Brian"}, "authorAffiliation": {"typeName": "authorAffiliation", "multiple": false, "typeClass": "primitive", "value": "RTI International"}}, {"authorName": {"typeName": "authorName", "multiple": false, "typeClass": "primitive", "value": "Hooper, Percy"}, "authorAffiliation": {"typeName": "authorAffiliation", "multiple": false, "typeClass": "primitive", "value": "NC State"}}, {"authorName": {"typeName": "authorName", "multiple": false, "typeClass": "primitive", "value": "Jameson, Jessica"}, "authorAffiliation": {"typeName": "authorAffiliation", "multiple": false, "typeClass": "primitive", "value": "NC State"}}, {"authorName": {"typeName": "authorName", "multiple": false, "typeClass": "primitive", "value": "Joines, Sharon"}, "authorAffiliation": {"typeName": "authorAffiliation", "multiple": false, "typeClass": "primitive", "value": "NC State"}}, {"authorName": {"typeName": "authorName", "multiple": false, "typeClass": "primitive", "value": "Littlejohn, Deborah"}, "authorAffiliation": {"typeName": "authorAffiliation", "multiple": false, "typeClass": "primitive", "value": "NC State"}}, {"authorName": {"typeName": "authorName", "multiple": false, "typeClass": "primitive", "value": "McConnaghy, Kevin"}, "authorAffiliation": {"typeName": "authorAffiliation", "multiple": false, "typeClass": "primitive", "value": "SBTDC"}}, {"authorName": {"typeName": "authorName", "multiple": false, "typeClass": "primitive", "value": "Tyler, Beverly"}, "authorAffiliation": {"typeName": "authorAffiliation", "multiple": false, "typeClass": "primitive", "value": "NC State"}}, {"authorName": {"typeName": "authorName", "multiple": false, "typeClass": "primitive", "value": "Vogel, Kathleen"}, "authorAffiliation": {"typeName": "authorAffiliation", "multiple": false, "typeClass": "primitive", "value": "NC State"}}, {"authorName": {"typeName": "authorName", "multiple": false, "typeClass": "primitive", "value": "Adams, Melissa"}, "authorAffiliation": {"typeName": "authorAffiliation", "multiple": false, "typeClass": "primitive", "value": "NC State"}}, {"authorName": {"typeName": "authorName", "multiple": false, "typeClass": "primitive", "value": "Davis, Joy"}, "authorAffiliation": {"typeName": "authorAffiliation", "multiple": false, "typeClass": "primitive", "value": "NC State"}}, {"authorName": {"typeName": "authorName", "multiple": false, "typeClass": "primitive", "value": "Rendon, Hector"}, "authorAffiliation": {"typeName": "authorAffiliation", "multiple": false, "typeClass": "primitive", "value": "NC State"}}]}, {"typeName": "datasetContact", "multiple": true, "typeClass": "compound", "value": [{"datasetContactName": {"typeName": "datasetContactName", "multiple": false, "typeClass": "primitive", "value": "Jameson, Jessica"}, "datasetContactAffiliation": {"typeName": "datasetContactAffiliation", "multiple": false, "typeClass": "primitive", "value": "NC State"}, "datasetContactEmail": {"typeName": "datasetContactEmail", "multiple": false, "typeClass": "primitive", "value": "jameson@ncsu.edu"}}]}, {"typeName": "dsDescription", "multiple": true, "typeClass": "compound", "value": [{"dsDescriptionValue": {"typeName": "dsDescriptionValue", "multiple": false, "typeClass": "primitive", "value": "The Laboratory for Analytic Sciences (LAS) is a collaborative, long-term research enterprise funded by the National Security Agency (NSA) and housed on North Carolina State University\u2019s Centennial Campus. LAS focuses on the science of big data analytics and intelligence analysis that will advance NSA\u2019s abilities to collect, understand, and interpret foreign communications, radar, and other electronic systems. The LAS promotes advances through innovative collaborations between industry, academia, and government. LAS will focus on applying scientific methodologies to the intelligence environment in ways that offer a fresh perspective on the future of intelligence collection and analysis. By starting with a multidisciplinary base to analyze mission problems, LAS strives to develop breakthrough capabilities and be uniquely positioned to harness the power of academic and commercial advances. The kind and scope of interdisciplinary project that LAS is creating is ambitious and unprecedented.  Such a project creates the potential for revolutionizing the way large-scale interdisciplinary teamwork operates and the manner in which the future of intelligence collection and analysis is done. This setting provides an opportune moment to study interdisciplinary collaboration as an unfolding natural experiment, and to learn what works and does not work so that this research model could be optimized and replicated elsewhere for further intelligence benefit. \r\n\tIn the fall of 2013, LAS was formally established on the NC State campus and six research teams were assembled to begin the process of developing the Grand Challenge and research agenda across several domains of interest to NSA. In June of 2014 three new research teams were added and the Collaboration Group (CG) was created. The initial objectives of the CG were two-fold: 1) the addition of a facilitation team to six of the nine LAS Research Teams, and 2) the completion of a research study of LAS group dynamics to generate recommendations for more effective multidisciplinary collaboration and innovation. The facilitation teams consisted of three members, a facilitator, a designer, and an observer, intended to assist the research teams in identifying and understanding common goals and completing objectives. There were three facilitation teams, each working with two research teams, one newly formed and one continuing.  In order to complete the second objective, the CG designed a multi-method study of the LAS dynamics with the intention of conducting deductive and inductive research. For data gathering, the CG took notes of team meetings, conducted affinity diagramming of observations of the meetings, distributed a survey, and conducted interviews with key informants. \r\nIn this LAS CG DO3 Final Report we summarize our key findings by reporting first our mid-point observations, recommendations, and proposed interventions in Part I followed by a discussion of the deductive and inductive research analysis completed in Part II. \r\n"}, "dsDescriptionDate": {"typeName": "dsDescriptionDate", "multiple": false, "typeClass": "primitive", "value": "2015-05-15"}}]}, {"typeName": "subject", "multiple": true, "typeClass": "controlledVocabulary", "value": ["Social Sciences"]}, {"typeName": "depositor", "multiple": false, "typeClass": "primitive", "value": "Stegall, Jared"}, {"typeName": "dateOfDeposit", "multiple": false, "typeClass": "primitive", "value": "2017-02-22"}]}, "las": {"displayName": "LAS Metadata", "fields": [{"typeName": "LASkeywords", "multiple": true, "typeClass": "primitive", "value": ["DO3", "O3", "BE1", "PH1", "JJ1", "SJ1", "DL1", "KM1", "BT1", "KV1", "HR1", "A56", "R50", "R51", "R52"]}, {"typeName": "LASitemType", "multiple": false, "typeClass": "controlledVocabulary", "value": "Report"}, {"typeName": "LASdateAdded", "multiple": false, "typeClass": "primitive", "value": "2017-02-22"}, {"typeName": "LASdateUpdated", "multiple": false, "typeClass": "primitive", "value": "2017-03-10"}, {"typeName": "LASdistributionURL", "multiple": false, "typeClass": "primitive", "value": "https://drive.google.com/open?id=0B06sIQPhzqEcRU0xSEZwWXotUnM"}]}}}, "global_entity_id": 4374}