{"data": {"id": 871, "versionState": "DRAFT", "productionDate": "Production Date", "lastUpdateTime": "2017-02-28T18:11:50Z", "createTime": "2017-02-27T14:38:34Z", "license": "CC0", "termsOfUse": "CC0 Waiver", "metadataBlocks": {"citation": {"displayName": "Citation Metadata", "fields": [{"typeName": "title", "multiple": false, "typeClass": "primitive", "value": "Intelligence Analysis for Tomorrow: Advances from the Behavioral and Social Sciences"}, {"typeName": "author", "multiple": true, "typeClass": "compound", "value": [{"authorName": {"typeName": "authorName", "multiple": false, "typeClass": "primitive", "value": "National Research Council"}}]}, {"typeName": "datasetContact", "multiple": true, "typeClass": "compound", "value": [{"datasetContactName": {"typeName": "datasetContactName", "multiple": false, "typeClass": "primitive", "value": "Allen, Forrest"}, "datasetContactAffiliation": {"typeName": "datasetContactAffiliation", "multiple": false, "typeClass": "primitive", "value": "NC State"}, "datasetContactEmail": {"typeName": "datasetContactEmail", "multiple": false, "typeClass": "primitive", "value": "fdallen@ncsu.edu"}}]}, {"typeName": "dsDescription", "multiple": true, "typeClass": "compound", "value": [{"dsDescriptionValue": {"typeName": "dsDescriptionValue", "multiple": false, "typeClass": "primitive", "value": "The intelligence community (IC) plays an essential role in the national security of the United States, and its success has always depended on being smarter and more agile than America's adversaries. Today's threat environment presents intense pressures to retain this edge through timely assessments and rapid adaptation.\r\n\r\nThe IC deserves great credit for its commitment to self-scrutiny and improvement, including its investments in lessons-learned, training, and collaboration procedures. Yet these efforts have been only weakly informed by behavioral and social sciences. At the same time, post-9/11 changes in the IC have created unprecedented demands for that knowledge. In this context, the Office of the Director of National Intelligence (ODNI) asked the National Research Council to conduct study to synthesize and assess the behavioral and social science research evidence relevant (1) to critical problems of individual and group judgment and of communication by intelligence analysts and (2) to kinds of analytic processes that are employed or have potential in addressing these problems.\r\n\r\nThe study change also asked for recommendations on analytic practices \"to the extent the evidence warrants\" and for future research, including the identification of impediments to implementation. "}, "dsDescriptionDate": {"typeName": "dsDescriptionDate", "multiple": false, "typeClass": "primitive", "value": "2011"}}]}, {"typeName": "subject", "multiple": true, "typeClass": "controlledVocabulary", "value": ["Social Sciences"]}, {"typeName": "depositor", "multiple": false, "typeClass": "primitive", "value": "Stegall, Jared"}, {"typeName": "dateOfDeposit", "multiple": false, "typeClass": "primitive", "value": "2017-02-27"}]}, "las": {"displayName": "LAS Metadata", "fields": [{"typeName": "LASkeywords", "multiple": true, "typeClass": "primitive", "value": ["DO5"]}, {"typeName": "LASdateAdded", "multiple": false, "typeClass": "primitive", "value": "2017-02-27"}, {"typeName": "LASitemType", "multiple": false, "typeClass": "controlledVocabulary", "value": "Other"}, {"typeName": "LASdateUpdated", "multiple": false, "typeClass": "primitive", "value": "2017-02-28"}, {"typeName": "LASdistributionURL", "multiple": false, "typeClass": "primitive", "value": "https://drive.google.com/open?id=0B9-NuDXIXo79Wjg2WWZvWHNyTlE"}]}}}, "global_entity_id": 4447}