{"data": {"id": 879, "versionState": "DRAFT", "productionDate": "Production Date", "lastUpdateTime": "2017-03-10T15:29:06Z", "createTime": "2017-03-03T14:16:28Z", "license": "CC0", "termsOfUse": "CC0 Waiver", "metadataBlocks": {"citation": {"displayName": "Citation Metadata", "fields": [{"typeName": "title", "multiple": false, "typeClass": "primitive", "value": "Analytic Workflow"}, {"typeName": "author", "multiple": true, "typeClass": "compound", "value": [{"authorName": {"typeName": "authorName", "multiple": false, "typeClass": "primitive", "value": "Meade, Adam"}, "authorAffiliation": {"typeName": "authorAffiliation", "multiple": false, "typeClass": "primitive", "value": "NC State"}}]}, {"typeName": "datasetContact", "multiple": true, "typeClass": "compound", "value": [{"datasetContactName": {"typeName": "datasetContactName", "multiple": false, "typeClass": "primitive", "value": "Meade, Adam"}, "datasetContactAffiliation": {"typeName": "datasetContactAffiliation", "multiple": false, "typeClass": "primitive", "value": "NC State"}, "datasetContactEmail": {"typeName": "datasetContactEmail", "multiple": false, "typeClass": "primitive", "value": "awmeade@ncsu.edu"}}]}, {"typeName": "dsDescription", "multiple": true, "typeClass": "compound", "value": [{"dsDescriptionValue": {"typeName": "dsDescriptionValue", "multiple": false, "typeClass": "primitive", "value": "Analytic workflow describes how analysts, collaborating with colleagues and supervisors, apply personal knowledge, tools, and organizational resources to perform their work. Our research objective is to understand the factors that govern analytic workflow performance to identify interventions that improve mission enablement. We consider two complementary aspects of analytic workflow. \r\n\r\nResearch questions fall into three groups: 1.) Building a quantified understanding of analytic workflows 2.) Predicting performance in analytic workflows. 3.) Applying the understanding to produce improvements in analytic workflows. \r\n\r\nWe will utilize three primary approaches to investigate analytic workflow: 1.) Work analytic approach 2.) Laboratory study 3.) Computational modeling approach."}}]}, {"typeName": "subject", "multiple": true, "typeClass": "controlledVocabulary", "value": ["Social Sciences"]}, {"typeName": "depositor", "multiple": false, "typeClass": "primitive", "value": "Stegall, Jared"}, {"typeName": "dateOfDeposit", "multiple": false, "typeClass": "primitive", "value": "2017-03-03"}]}, "las": {"displayName": "LAS Metadata", "fields": [{"typeName": "LASkeywords", "multiple": true, "typeClass": "primitive", "value": ["DO3", "AM1", "AW2", "A24", "R221"]}, {"typeName": "LASitemType", "multiple": false, "typeClass": "controlledVocabulary", "value": "Report"}, {"typeName": "LASdateAdded", "multiple": false, "typeClass": "primitive", "value": "2017-03-02"}, {"typeName": "LASdateUpdated", "multiple": false, "typeClass": "primitive", "value": "2017-03-10"}, {"typeName": "LASdistributionURL", "multiple": false, "typeClass": "primitive", "value": "https://drive.google.com/open?id=0BwfOOuxA-Y7qR2ktT0REc3lseGc"}]}}}, "global_entity_id": 4466}