{"data": {"id": 881, "versionState": "DRAFT", "productionDate": "Production Date", "lastUpdateTime": "2017-03-10T15:07:56Z", "createTime": "2017-03-03T14:30:21Z", "license": "CC0", "termsOfUse": "CC0 Waiver", "metadataBlocks": {"citation": {"displayName": "Citation Metadata", "fields": [{"typeName": "title", "multiple": false, "typeClass": "primitive", "value": "Principles for Workflow Representation"}, {"typeName": "author", "multiple": true, "typeClass": "compound", "value": [{"authorName": {"typeName": "authorName", "multiple": false, "typeClass": "primitive", "value": "Meade, Adam"}, "authorAffiliation": {"typeName": "authorAffiliation", "multiple": false, "typeClass": "primitive", "value": "NC State"}}]}, {"typeName": "datasetContact", "multiple": true, "typeClass": "compound", "value": [{"datasetContactName": {"typeName": "datasetContactName", "multiple": false, "typeClass": "primitive", "value": "Meade, Adam"}, "datasetContactAffiliation": {"typeName": "datasetContactAffiliation", "multiple": false, "typeClass": "primitive", "value": "NC State"}, "datasetContactEmail": {"typeName": "datasetContactEmail", "multiple": false, "typeClass": "primitive", "value": "awmeade@ncsu.edu"}}]}, {"typeName": "dsDescription", "multiple": true, "typeClass": "compound", "value": [{"dsDescriptionValue": {"typeName": "dsDescriptionValue", "multiple": false, "typeClass": "primitive", "value": "This report discusses the 4 major principles for representing workflow:  1. There is no one right way to talk about workflow.  2. Workflows consist of ordered, unordered, and cyclical tasks. 3. Workflows tend to be hierarchical in nature.  4. Workflow happens within a broader context.  As workflow takes place in a broader context, it is best to give holistic view in which given workflow task is embedded in broader context.  (e.g., organizational meta-model).  Then represent as a series of hierarchical steps (preferably ordered at the highest-level).\r\n"}}]}, {"typeName": "subject", "multiple": true, "typeClass": "controlledVocabulary", "value": ["Social Sciences"]}, {"typeName": "depositor", "multiple": false, "typeClass": "primitive", "value": "Stegall, Jared"}, {"typeName": "dateOfDeposit", "multiple": false, "typeClass": "primitive", "value": "2017-03-03"}]}, "las": {"displayName": "LAS Metadata", "fields": [{"typeName": "LASkeywords", "multiple": true, "typeClass": "primitive", "value": ["DO3", "AM1", "AW3", "A26", "A24", "R84", "R221"]}, {"typeName": "LASdateAdded", "multiple": false, "typeClass": "primitive", "value": "2017-03-02"}, {"typeName": "LASitemType", "multiple": false, "typeClass": "controlledVocabulary", "value": "Report"}, {"typeName": "LASdateUpdated", "multiple": false, "typeClass": "primitive", "value": "2017-03-10"}, {"typeName": "LASdistributionURL", "multiple": false, "typeClass": "primitive", "value": "https://drive.google.com/open?id=14eJhtXTnJckvEZ21KKpngRFJgUKT7nDOsNgKgfS-dZU"}]}}}, "global_entity_id": 4470}