{"data": {"id": 884, "versionState": "DRAFT", "productionDate": "Production Date", "lastUpdateTime": "2017-03-13T14:05:55Z", "createTime": "2017-03-03T14:59:18Z", "license": "CC0", "termsOfUse": "CC0 Waiver", "metadataBlocks": {"citation": {"displayName": "Citation Metadata", "fields": [{"typeName": "title", "multiple": false, "typeClass": "primitive", "value": "DOTA 2 Geospatial Analysis"}, {"typeName": "author", "multiple": true, "typeClass": "compound", "value": [{"authorName": {"typeName": "authorName", "multiple": false, "typeClass": "primitive", "value": "Tateosian, Laura"}, "authorAffiliation": {"typeName": "authorAffiliation", "multiple": false, "typeClass": "primitive", "value": "NC State"}}]}, {"typeName": "datasetContact", "multiple": true, "typeClass": "compound", "value": [{"datasetContactName": {"typeName": "datasetContactName", "multiple": false, "typeClass": "primitive", "value": "Tateosian, Laura"}, "datasetContactAffiliation": {"typeName": "datasetContactAffiliation", "multiple": false, "typeClass": "primitive", "value": "NC State"}, "datasetContactEmail": {"typeName": "datasetContactEmail", "multiple": false, "typeClass": "primitive", "value": "lgtateos@ncsu.edu "}}]}, {"typeName": "dsDescription", "multiple": true, "typeClass": "compound", "value": [{"dsDescriptionValue": {"typeName": "dsDescriptionValue", "multiple": false, "typeClass": "primitive", "value": "The overview map was created using ESRI Leaflet and GeoJSON. The Google Maps API\r\nprovides an overview map; however, we wanted to have larger overview map showing the countries polygon layer for a subject (gazed upon) location in our application instead of the bounding box.\r\n\r\nIt is not difficult to create a GeoJSON file using ArcMap or QGIS. However, the complexion of\r\npolygon shape needs to be considered since it could result in taking time to load the GeoJSON\r\nfile to draw polygon(s) or, in the worst case, it may crash the application. Therefore, it is a good idea to considering generalizing polygon shapes by applying a certain zooming level or causing the GIS database server to store shapefiles to pull out the data in the web application."}}]}, {"typeName": "subject", "multiple": true, "typeClass": "controlledVocabulary", "value": ["Earth and Environmental Sciences", "Engineering"]}, {"typeName": "depositor", "multiple": false, "typeClass": "primitive", "value": "Stegall, Jared"}, {"typeName": "dateOfDeposit", "multiple": false, "typeClass": "primitive", "value": "2017-03-03"}]}, "las": {"displayName": "LAS Metadata", "fields": [{"typeName": "LASkeywords", "multiple": true, "typeClass": "primitive", "value": ["DO3", "NP3", "A51", "R221"]}, {"typeName": "LASitemType", "multiple": false, "typeClass": "controlledVocabulary", "value": "Report"}, {"typeName": "LASdateAdded", "multiple": false, "typeClass": "primitive", "value": "2017-03-02"}, {"typeName": "LASdateUpdated", "multiple": false, "typeClass": "primitive", "value": "2017-03-13"}, {"typeName": "LASdistributionURL", "multiple": false, "typeClass": "primitive", "value": "https://drive.google.com/open?id=0B3DHfxjlvlW4RHpaSjRmX3BTbGc"}]}}}, "global_entity_id": 4476}