{"data": {"id": 892, "versionState": "DRAFT", "productionDate": "Production Date", "lastUpdateTime": "2017-03-10T12:14:53Z", "createTime": "2017-03-03T16:00:38Z", "license": "CC0", "termsOfUse": "CC0 Waiver", "metadataBlocks": {"citation": {"displayName": "Citation Metadata", "fields": [{"typeName": "title", "multiple": false, "typeClass": "primitive", "value": "Laboratory of Analytic Sciences Research Supporting the Analytic Integrity Standards Framework"}, {"typeName": "author", "multiple": true, "typeClass": "compound", "value": [{"authorName": {"typeName": "authorName", "multiple": false, "typeClass": "primitive", "value": "Tait, Richard"}, "authorAffiliation": {"typeName": "authorAffiliation", "multiple": false, "typeClass": "primitive", "value": "USG"}}, {"authorName": {"typeName": "authorName", "multiple": false, "typeClass": "primitive", "value": "Tyler, Beverly"}, "authorAffiliation": {"typeName": "authorAffiliation", "multiple": false, "typeClass": "primitive", "value": "NC State"}}]}, {"typeName": "datasetContact", "multiple": true, "typeClass": "compound", "value": [{"datasetContactName": {"typeName": "datasetContactName", "multiple": false, "typeClass": "primitive", "value": "Tait, Richard"}, "datasetContactAffiliation": {"typeName": "datasetContactAffiliation", "multiple": false, "typeClass": "primitive", "value": "USG"}, "datasetContactEmail": {"typeName": "datasetContactEmail", "multiple": false, "typeClass": "primitive", "value": "rjtait@ncsu.edu"}}]}, {"typeName": "dsDescription", "multiple": true, "typeClass": "compound", "value": [{"dsDescriptionValue": {"typeName": "dsDescriptionValue", "multiple": false, "typeClass": "primitive", "value": "The Laboratory of Analytic Sciences (LAS) conducts research supporting compilation and implementation of the Analytic Integrity Standards Framework (AIS-F).   All research activities are actively mapped to the nine Analytic Tradecraft Standards included in Intelligence Community Directive (ICD) 206 and the AIS-F. \r\n\r\n56 activities map to quality and credibility of underlying sources, data, and methodologies; 23 activities map to uncertainties associated with major analytic judgments; 11 activities map to distinguishing between underlying intelligence information and analyst assumptions and judgments; 8 activities map to analysis of alternatives; 21 activities map to demonstrating customer relevance and addressing implications; 18 activities map to clear and logical argumentation; 15 activities map to change or consistency of analytic judgments; 54 activities map to accurate judgments and assessments; 18 activities map to effective visual information. "}, "dsDescriptionDate": {"typeName": "dsDescriptionDate", "multiple": false, "typeClass": "primitive", "value": "2015-05-01"}}]}, {"typeName": "subject", "multiple": true, "typeClass": "controlledVocabulary", "value": ["Social Sciences"]}, {"typeName": "depositor", "multiple": false, "typeClass": "primitive", "value": "Stegall, Jared"}, {"typeName": "dateOfDeposit", "multiple": false, "typeClass": "primitive", "value": "2017-03-03"}]}, "las": {"displayName": "LAS Metadata", "fields": [{"typeName": "LASkeywords", "multiple": true, "typeClass": "primitive", "value": ["DO6", "RT1", "UX6", "A120", "R220", "BT1"]}, {"typeName": "LASdateAdded", "multiple": false, "typeClass": "primitive", "value": "2017-03-02"}, {"typeName": "LASitemType", "multiple": false, "typeClass": "controlledVocabulary", "value": "Report"}, {"typeName": "LASdateUpdated", "multiple": false, "typeClass": "primitive", "value": "2017-03-02"}, {"typeName": "LASdistributionURL", "multiple": false, "typeClass": "primitive", "value": "https://drive.google.com/open?id=0B6brYFKbmgrPR3RMajNTd3B5R1k"}]}}}, "global_entity_id": 4492}