{"data": {"id": 900, "versionState": "DRAFT", "productionDate": "Production Date", "lastUpdateTime": "2017-03-10T11:55:41Z", "createTime": "2017-03-03T17:29:52Z", "license": "CC0", "termsOfUse": "CC0 Waiver", "metadataBlocks": {"citation": {"displayName": "Citation Metadata", "fields": [{"typeName": "title", "multiple": false, "typeClass": "primitive", "value": "A Computational Representation of Norms as a Foundation for Workflow and Governance"}, {"typeName": "author", "multiple": true, "typeClass": "compound", "value": [{"authorName": {"typeName": "authorName", "multiple": false, "typeClass": "primitive", "value": "Singh, Munindar"}, "authorAffiliation": {"typeName": "authorAffiliation", "multiple": false, "typeClass": "primitive", "value": "NC State"}}]}, {"typeName": "datasetContact", "multiple": true, "typeClass": "compound", "value": [{"datasetContactName": {"typeName": "datasetContactName", "multiple": false, "typeClass": "primitive", "value": "Singh, Munindar"}, "datasetContactAffiliation": {"typeName": "datasetContactAffiliation", "multiple": false, "typeClass": "primitive", "value": "NC State"}, "datasetContactEmail": {"typeName": "datasetContactEmail", "multiple": false, "typeClass": "primitive", "value": "singh@ncsu.edu"}}]}, {"typeName": "dsDescription", "multiple": true, "typeClass": "compound", "value": [{"dsDescriptionValue": {"typeName": "dsDescriptionValue", "multiple": false, "typeClass": "primitive", "value": "This report breaks down several concepts related to analytic workflow.  It recommends several research areas that could be pursued.  A fresh start on workflow and organizational processes:  \r\nCorner concerns in traditional work become central concerns with norms\r\nSociotechnical focus: Supporting regulation, not just regimentation\r\n\r\nOperational models and architectures that support regulation:\r\nMonitoring\r\nSanctioning\r\n\r\nAgent decision making to support\r\nProactive behavior\r\nIncorporating goals as duals of norms\r\n\r\nDeclarative languages\r\nNeed for theoretical results\r\nNeed for implementations and evaluations\r\n\r\nDon\u2019t forget the humans!"}, "dsDescriptionDate": {"typeName": "dsDescriptionDate", "multiple": false, "typeClass": "primitive", "value": "2015-11-10"}}]}, {"typeName": "subject", "multiple": true, "typeClass": "controlledVocabulary", "value": ["Computer and Information Science"]}, {"typeName": "depositor", "multiple": false, "typeClass": "primitive", "value": "Stegall, Jared"}, {"typeName": "dateOfDeposit", "multiple": false, "typeClass": "primitive", "value": "2017-03-03"}]}, "las": {"displayName": "LAS Metadata", "fields": [{"typeName": "LASkeywords", "multiple": true, "typeClass": "primitive", "value": ["MS1", "DO3", "AW3", "A24", "R221", "R84"]}, {"typeName": "LASitemType", "multiple": false, "typeClass": "controlledVocabulary", "value": "Report"}, {"typeName": "LASdateAdded", "multiple": false, "typeClass": "primitive", "value": "2017-03-02"}, {"typeName": "LASdateUpdated", "multiple": false, "typeClass": "primitive", "value": "2017-03-10"}, {"typeName": "LASdistributionURL", "multiple": false, "typeClass": "primitive", "value": "https://drive.google.com/open?id=0B3DHfxjlvlW4V2FEZHJfU1NjWlU"}]}}}, "global_entity_id": 4508}