{"data": {"id": 902, "versionState": "DRAFT", "productionDate": "Production Date", "lastUpdateTime": "2017-03-12T13:56:41Z", "createTime": "2017-03-03T18:12:52Z", "license": "CC0", "termsOfUse": "CC0 Waiver", "metadataBlocks": {"citation": {"displayName": "Citation Metadata", "fields": [{"typeName": "title", "multiple": false, "typeClass": "primitive", "value": "Impulse: A Formal Characterization of Study"}, {"typeName": "author", "multiple": true, "typeClass": "compound", "value": [{"authorName": {"typeName": "authorName", "multiple": false, "typeClass": "primitive", "value": "Eger, Markus"}, "authorAffiliation": {"typeName": "authorAffiliation", "multiple": false, "typeClass": "primitive", "value": "NC State"}}, {"authorName": {"typeName": "authorName", "multiple": false, "typeClass": "primitive", "value": "Barot, Camille"}, "authorAffiliation": {"typeName": "authorAffiliation", "multiple": false, "typeClass": "primitive", "value": "NC State"}}, {"authorName": {"typeName": "authorName", "multiple": false, "typeClass": "primitive", "value": "Young, R. Michael"}, "authorAffiliation": {"typeName": "authorAffiliation", "multiple": false, "typeClass": "primitive", "value": "University of Utah"}}]}, {"typeName": "datasetContact", "multiple": true, "typeClass": "compound", "value": [{"datasetContactName": {"typeName": "datasetContactName", "multiple": false, "typeClass": "primitive", "value": "Young, R. Michael"}, "datasetContactAffiliation": {"typeName": "datasetContactAffiliation", "multiple": false, "typeClass": "primitive", "value": "University of Utah"}, "datasetContactEmail": {"typeName": "datasetContactEmail", "multiple": false, "typeClass": "primitive", "value": "young@cs.utah.edu"}}]}, {"typeName": "dsDescription", "multiple": true, "typeClass": "compound", "value": [{"dsDescriptionValue": {"typeName": "dsDescriptionValue", "multiple": false, "typeClass": "primitive", "value": "We present a novel representation of narratives at the story level called Impulse. It combines a temporal representation of a story\u2019s actions and events with a representation of the mental models of the story\u2019s characters into a cohesive, logic-based language. We show the expressiveness of this approach by encoding a story fragment, and compare it to other formal story representations in terms of representational dimensions. We also acknowledge the computational complexity of our approach and argue that a restricted subset still provides a high degree of expressive power."}}]}, {"typeName": "subject", "multiple": true, "typeClass": "controlledVocabulary", "value": ["Computer and Information Science"]}, {"typeName": "depositor", "multiple": false, "typeClass": "primitive", "value": "Stegall, Jared"}, {"typeName": "dateOfDeposit", "multiple": false, "typeClass": "primitive", "value": "2017-03-03"}]}, "las": {"displayName": "LAS Metadata", "fields": [{"typeName": "LASkeywords", "multiple": true, "typeClass": "primitive", "value": ["MY1", "DO3", "NP3", "A52", "R64", "R65", "A53", "A55", "R66", "ME1"]}, {"typeName": "LASitemType", "multiple": false, "typeClass": "controlledVocabulary", "value": "Publication"}, {"typeName": "LASdateAdded", "multiple": false, "typeClass": "primitive", "value": "2017-03-02"}, {"typeName": "LASdateUpdated", "multiple": false, "typeClass": "primitive", "value": "2017-03-10"}, {"typeName": "LASdistributionURL", "multiple": false, "typeClass": "primitive", "value": "https://drive.google.com/open?id=0B3DHfxjlvlW4NXpER21kWEZvYXc"}, {"typeName": "LASpublication", "multiple": false, "typeClass": "compound", "value": {"LASpublisher": {"typeName": "LASpublisher", "multiple": false, "typeClass": "primitive", "value": "Sixth International Workshop on Computational Models of Narrative"}, "LASjournal": {"typeName": "LASjournal", "multiple": false, "typeClass": "primitive", "value": "Sixth International Workshop on Computational Models of Narrative"}}}]}}}, "global_entity_id": 4512}