{"data": {"id": 905, "versionState": "DRAFT", "productionDate": "Production Date", "lastUpdateTime": "2017-03-06T18:15:31Z", "createTime": "2017-03-06T18:15:31Z", "license": "CC0", "termsOfUse": "CC0 Waiver", "metadataBlocks": {"citation": {"displayName": "Citation Metadata", "fields": [{"typeName": "title", "multiple": false, "typeClass": "primitive", "value": "\"Data Readiness Levels\" for the Supply Chain"}, {"typeName": "author", "multiple": true, "typeClass": "compound", "value": [{"authorName": {"typeName": "authorName", "multiple": false, "typeClass": "primitive", "value": "Handfield, Rob"}, "authorAffiliation": {"typeName": "authorAffiliation", "multiple": false, "typeClass": "primitive", "value": "NC State"}}]}, {"typeName": "datasetContact", "multiple": true, "typeClass": "compound", "value": [{"datasetContactName": {"typeName": "datasetContactName", "multiple": false, "typeClass": "primitive", "value": "Handfield, Rob"}, "datasetContactAffiliation": {"typeName": "datasetContactAffiliation", "multiple": false, "typeClass": "primitive", "value": "NC State"}, "datasetContactEmail": {"typeName": "datasetContactEmail", "multiple": false, "typeClass": "primitive", "value": "rbhandfi@ncsu.edu"}}]}, {"typeName": "dsDescription", "multiple": true, "typeClass": "compound", "value": [{"dsDescriptionValue": {"typeName": "dsDescriptionValue", "multiple": false, "typeClass": "primitive", "value": "This presentation explores the following research questions:\r\nNSA is interested in research that will address global\r\nawareness as it relates to disparate data streams.\r\n\r\n\u201cStrategic foresight\u201d \u2013 to probe existing conditions and\r\nuse responses to consider alternative hypotheses and\r\nscenarios, and determine linkages and possibilities.\r\n\r\nEvery industry in the global era has a \u201csupply chain\u201d,\r\ndefined as the flows of goods, information, and\r\ncurrency between contracting organizations, beginning\r\nwith the supplier\u2019s supplier, and ending with the\r\ncustomer\u2019s customer.\r\n\r\n\r\n\u201c\u2026give analysts four hours of their day back\u2026\u201d"}}]}, {"typeName": "subject", "multiple": true, "typeClass": "controlledVocabulary", "value": ["Astronomy and Astrophysics"]}, {"typeName": "depositor", "multiple": false, "typeClass": "primitive", "value": "Blonchek, Maribeth"}, {"typeName": "dateOfDeposit", "multiple": false, "typeClass": "primitive", "value": "2017-03-06"}]}, "las": {"displayName": "LAS Metadata", "fields": [{"typeName": "LASkeywords", "multiple": true, "typeClass": "primitive", "value": ["DO3", "RH2", "TBD"]}, {"typeName": "LASitemType", "multiple": false, "typeClass": "controlledVocabulary", "value": "Presentation"}, {"typeName": "LASdateAdded", "multiple": false, "typeClass": "primitive", "value": "2017-03-06"}, {"typeName": "LASdateUpdated", "multiple": false, "typeClass": "primitive", "value": "2017-03-06"}, {"typeName": "LASdistributionURL", "multiple": false, "typeClass": "primitive", "value": "https://drive.google.com/open?id=0B1fdG0Ooj-9kUXM0U0JMOHE1aGM"}]}}}, "global_entity_id": 4518}