{"data": {"id": 918, "versionState": "DRAFT", "productionDate": "Production Date", "lastUpdateTime": "2017-03-09T18:55:27Z", "createTime": "2017-03-08T14:23:19Z", "license": "CC0", "termsOfUse": "CC0 Waiver", "metadataBlocks": {"citation": {"displayName": "Citation Metadata", "fields": [{"typeName": "title", "multiple": false, "typeClass": "primitive", "value": "DO3 Deliverable: Requirements for KRM"}, {"typeName": "author", "multiple": true, "typeClass": "compound", "value": [{"authorName": {"typeName": "authorName", "multiple": false, "typeClass": "primitive", "value": "TBD"}, "authorAffiliation": {"typeName": "authorAffiliation", "multiple": false, "typeClass": "primitive", "value": "TBD"}}]}, {"typeName": "datasetContact", "multiple": true, "typeClass": "compound", "value": [{"datasetContactName": {"typeName": "datasetContactName", "multiple": false, "typeClass": "primitive", "value": "TBD"}, "datasetContactAffiliation": {"typeName": "datasetContactAffiliation", "multiple": false, "typeClass": "primitive", "value": "TBD"}, "datasetContactEmail": {"typeName": "datasetContactEmail", "multiple": false, "typeClass": "primitive", "value": "tbd@ncsu.edu"}}]}, {"typeName": "dsDescription", "multiple": true, "typeClass": "compound", "value": [{"dsDescriptionValue": {"typeName": "dsDescriptionValue", "multiple": false, "typeClass": "primitive", "value": "This is written in the spirit of getting us going in terms of beginning to develop a tangilble deliverable. It\u2019s noticeably weak. Perhaps observing its weaknesses would guide our investigations and lead us toward stronger statements.\r\n\r\nWhat we promised:  \u201cThe first deliverable of this phase will be a report that includes analysis of requirements in the form of the inventories of problem scenarios, knowledge representations, argumentation schemes, and query types along with their assessments in light of our research hypotheses. This report will survey promising representative methods, and analyze the maturity (i.e., the robustness and performance) of available commercial and other technologies. The second deliverable of this phase will include a demonstration based on one or more existing platforms of an application in healthcare prognostics.\u201d"}}]}, {"typeName": "subject", "multiple": true, "typeClass": "controlledVocabulary", "value": ["Computer and Information Science"]}, {"typeName": "depositor", "multiple": false, "typeClass": "primitive", "value": "Stegall, Jared"}, {"typeName": "dateOfDeposit", "multiple": false, "typeClass": "primitive", "value": "2017-03-08"}]}, "las": {"displayName": "LAS Metadata", "fields": [{"typeName": "LASkeywords", "multiple": true, "typeClass": "primitive", "value": ["KO1", "DO3", "JD1", "MA2", "PT1", "MS1", "KRM3", "A46", "R221"]}, {"typeName": "LASitemType", "multiple": false, "typeClass": "controlledVocabulary", "value": "Report"}, {"typeName": "LASdateAdded", "multiple": false, "typeClass": "primitive", "value": "2017-03-08"}, {"typeName": "LASdateUpdated", "multiple": false, "typeClass": "primitive", "value": "2017-03-09"}, {"typeName": "LASdistributionURL", "multiple": false, "typeClass": "primitive", "value": "https://drive.google.com/open?id=1RYVNtEZc5ChSpHIGn5j95nplYNHk5Mzm6UpPquA84VE"}]}}}, "global_entity_id": 4544}