{"data": {"id": 920, "versionState": "DRAFT", "productionDate": "Production Date", "lastUpdateTime": "2017-03-09T18:44:52Z", "createTime": "2017-03-08T14:39:05Z", "license": "CC0", "termsOfUse": "CC0 Waiver", "metadataBlocks": {"citation": {"displayName": "Citation Metadata", "fields": [{"typeName": "title", "multiple": false, "typeClass": "primitive", "value": "Tracking Classification Status"}, {"typeName": "author", "multiple": true, "typeClass": "compound", "value": [{"authorName": {"typeName": "authorName", "multiple": false, "typeClass": "primitive", "value": "Doyle, Jon"}, "authorAffiliation": {"typeName": "authorAffiliation", "multiple": false, "typeClass": "primitive", "value": "NC State"}}]}, {"typeName": "datasetContact", "multiple": true, "typeClass": "compound", "value": [{"datasetContactName": {"typeName": "datasetContactName", "multiple": false, "typeClass": "primitive", "value": "Doyle, Jon"}, "datasetContactAffiliation": {"typeName": "datasetContactAffiliation", "multiple": false, "typeClass": "primitive", "value": "NC State"}, "datasetContactEmail": {"typeName": "datasetContactEmail", "multiple": false, "typeClass": "primitive", "value": "jdoyle2@ncsu.edu"}}]}, {"typeName": "dsDescription", "multiple": true, "typeClass": "compound", "value": [{"dsDescriptionValue": {"typeName": "dsDescriptionValue", "multiple": false, "typeClass": "primitive", "value": "This note discusses some issues in connection with the problem of keeping track of the distinction between classified and unclassified information. LASraised the problem analysts face in practice in keeping track of which information is classified and which is not as a possible grand challenge problem. This is certainly an important problem, and this note provides some comments on what might be involved in making it a grand challenge. "}, "dsDescriptionDate": {"typeName": "dsDescriptionDate", "multiple": false, "typeClass": "primitive", "value": "2014-07-21"}}]}, {"typeName": "subject", "multiple": true, "typeClass": "controlledVocabulary", "value": ["Computer and Information Science"]}, {"typeName": "depositor", "multiple": false, "typeClass": "primitive", "value": "Stegall, Jared"}, {"typeName": "dateOfDeposit", "multiple": false, "typeClass": "primitive", "value": "2017-03-08"}]}, "las": {"displayName": "LAS Metadata", "fields": [{"typeName": "LASkeywords", "multiple": true, "typeClass": "primitive", "value": ["A46", "DO3", "JD1", "R221"]}, {"typeName": "LASdateAdded", "multiple": false, "typeClass": "primitive", "value": "2017-03-08"}, {"typeName": "LASitemType", "multiple": false, "typeClass": "controlledVocabulary", "value": "Report"}, {"typeName": "LASdateUpdated", "multiple": false, "typeClass": "primitive", "value": "2017-03-09"}, {"typeName": "LASdistributionURL", "multiple": false, "typeClass": "primitive", "value": "https://drive.google.com/open?id=0Bwp0MC8NT7PIaXBobUNVVjBtWW8"}]}}}, "global_entity_id": 4548}