{"data": {"id": 937, "versionState": "DRAFT", "productionDate": "Production Date", "lastUpdateTime": "2017-03-15T00:06:05Z", "createTime": "2017-03-15T00:06:05Z", "license": "CC0", "termsOfUse": "CC0 Waiver", "metadataBlocks": {"citation": {"displayName": "Citation Metadata", "fields": [{"typeName": "title", "multiple": false, "typeClass": "primitive", "value": "An AI Planning-Based Approach to the Multi-Agent Plan Recognition Problem"}, {"typeName": "author", "multiple": true, "typeClass": "compound", "value": [{"authorName": {"typeName": "authorName", "multiple": false, "typeClass": "primitive", "value": "Shvo, Maayan"}, "authorAffiliation": {"typeName": "authorAffiliation", "multiple": false, "typeClass": "primitive", "value": "Utrecht University"}}, {"authorName": {"typeName": "authorName", "multiple": false, "typeClass": "primitive", "value": "Sohrabi, Shirin"}, "authorAffiliation": {"typeName": "authorAffiliation", "multiple": false, "typeClass": "primitive", "value": "IBM"}}, {"authorName": {"typeName": "authorName", "multiple": false, "typeClass": "primitive", "value": "McIlraith, Sheila"}, "authorAffiliation": {"typeName": "authorAffiliation", "multiple": false, "typeClass": "primitive", "value": "University of Toronto"}}]}, {"typeName": "datasetContact", "multiple": true, "typeClass": "compound", "value": [{"datasetContactName": {"typeName": "datasetContactName", "multiple": false, "typeClass": "primitive", "value": "Dinger, Tim"}, "datasetContactAffiliation": {"typeName": "datasetContactAffiliation", "multiple": false, "typeClass": "primitive", "value": "IBM"}, "datasetContactEmail": {"typeName": "datasetContactEmail", "multiple": false, "typeClass": "primitive", "value": "dinger@us.ibm.com"}}]}, {"typeName": "dsDescription", "multiple": true, "typeClass": "compound", "value": [{"dsDescriptionValue": {"typeName": "dsDescriptionValue", "multiple": false, "typeClass": "primitive", "value": "Plan Recognition is the problem of inferring the goals and plans of an agent given a set of observations. In Multi-Agent Plan Recognition (MAPR) the task is extended to inferring the goals and plans of multiple agents. Previous MAPR approaches have largely focused on recognizing team structures and behaviors, given perfect and complete observations of the actions of individual agents. However, in many real-world applications of MAPR, observations are unreliable or missing; they are often over properties of the world rather than actions; and the observations that are made may not be explainable by the agents\u2019 goals and plans. Moreover, the actions of the agents could be durative or concurrent. In this paper, we address the problem of MAPR with temporal actions and with observations that can be unreliable, missing or unexplainable. To this end, we propose a multi-step compilation technique that enables the use of AI planning for the computation of the posterior probabilities of the possible goals. In addition, we propose a set of novel benchmarks that enable a standard evaluation of solutions that address the MAPR problem with\r\ntemporal actions and such observations.We present results of an experimental evaluation on this set of benchmarks, using several temporal and diverse planners."}}]}, {"typeName": "subject", "multiple": true, "typeClass": "controlledVocabulary", "value": ["Computer and Information Science"]}, {"typeName": "depositor", "multiple": false, "typeClass": "primitive", "value": "Wilson, Alyson"}, {"typeName": "dateOfDeposit", "multiple": false, "typeClass": "primitive", "value": "2017-03-14"}]}, "las": {"displayName": "LAS Metadata", "fields": [{"typeName": "LASkeywords", "multiple": true, "typeClass": "primitive", "value": ["DO6", "TD1", "BA6", "A99", "R176"]}, {"typeName": "LASdateAdded", "multiple": false, "typeClass": "primitive", "value": "2017-03-14"}, {"typeName": "LASitemType", "multiple": false, "typeClass": "controlledVocabulary", "value": "Publication"}, {"typeName": "LASdateUpdated", "multiple": false, "typeClass": "primitive", "value": "2017-03-14"}, {"typeName": "LASdistributionURL", "multiple": false, "typeClass": "primitive", "value": "https://drive.google.com/open?id=0BzDPf9g8B1iUcnJ3MjlrVlQ4bkk"}]}}}, "global_entity_id": 4597}