{"data": {"id": 959, "versionState": "DRAFT", "productionDate": "Production Date", "lastUpdateTime": "2018-01-17T18:18:28Z", "createTime": "2018-01-17T18:08:52Z", "license": "CC0", "termsOfUse": "CC0 Waiver", "metadataBlocks": {"citation": {"displayName": "Citation Metadata", "fields": [{"typeName": "title", "multiple": false, "typeClass": "primitive", "value": "Anticipatory Thinking and Insights: 5 Mysteries"}, {"typeName": "author", "multiple": true, "typeClass": "compound", "value": [{"authorName": {"typeName": "authorName", "multiple": false, "typeClass": "primitive", "value": "Klein, Gary"}, "authorAffiliation": {"typeName": "authorAffiliation", "multiple": false, "typeClass": "primitive", "value": "MacroCognition LLC"}}]}, {"typeName": "datasetContact", "multiple": true, "typeClass": "compound", "value": [{"datasetContactName": {"typeName": "datasetContactName", "multiple": false, "typeClass": "primitive", "value": "Klein, Gary"}, "datasetContactAffiliation": {"typeName": "datasetContactAffiliation", "multiple": false, "typeClass": "primitive", "value": "MacroCognition LLC"}, "datasetContactEmail": {"typeName": "datasetContactEmail", "multiple": false, "typeClass": "primitive", "value": "gary@macrocognition.com"}}]}, {"typeName": "dsDescription", "multiple": true, "typeClass": "compound", "value": [{"dsDescriptionValue": {"typeName": "dsDescriptionValue", "multiple": false, "typeClass": "primitive", "value": "Gary Klein MacroCognition LLC presentation at the Anticipatory Thinking and Sensemaking Workshop at  North Carolina State University Laboratory for Analytical Sciences about insight and its 5 'mysteries' "}, "dsDescriptionDate": {"typeName": "dsDescriptionDate", "multiple": false, "typeClass": "primitive", "value": "2017-01-26"}}]}, {"typeName": "subject", "multiple": true, "typeClass": "controlledVocabulary", "value": ["Social Sciences"]}, {"typeName": "depositor", "multiple": false, "typeClass": "primitive", "value": "Nobblitt, Christopher"}, {"typeName": "dateOfDeposit", "multiple": false, "typeClass": "primitive", "value": "2018-01-17"}]}, "las": {"displayName": "LAS Metadata", "fields": [{"typeName": "LASkeywords", "multiple": true, "typeClass": "primitive", "value": ["DO7, TBD"]}, {"typeName": "LASitemType", "multiple": false, "typeClass": "controlledVocabulary", "value": "Publication"}, {"typeName": "LASdateAdded", "multiple": false, "typeClass": "primitive", "value": "2018-01-17"}, {"typeName": "LASdateUpdated", "multiple": false, "typeClass": "primitive", "value": "2018-01-17"}, {"typeName": "LASpresentation", "multiple": true, "typeClass": "compound", "value": [{"LASeventName": {"typeName": "LASeventName", "multiple": false, "typeClass": "primitive", "value": "Anticipatory Thinking Workshop"}, "LASeventLocation": {"typeName": "LASeventLocation", "multiple": false, "typeClass": "primitive", "value": "North Carolina State University"}, "LASdatePresented": {"typeName": "LASdatePresented", "multiple": false, "typeClass": "primitive", "value": "2017-01-26"}}]}]}}}, "global_entity_id": 4646}