{"data": {"id": 968, "versionState": "DRAFT", "productionDate": "Production Date", "lastUpdateTime": "2018-01-18T14:22:30Z", "createTime": "2018-01-18T14:22:30Z", "license": "CC0", "termsOfUse": "CC0 Waiver", "metadataBlocks": {"citation": {"displayName": "Citation Metadata", "fields": [{"typeName": "title", "multiple": false, "typeClass": "primitive", "value": "Cyber Modeling for Analysis and Intelligence Tradecraft (C-MAIT) Final Report"}, {"typeName": "author", "multiple": true, "typeClass": "compound", "value": [{"authorName": {"typeName": "authorName", "multiple": false, "typeClass": "primitive", "value": "McEwen, Timothy"}, "authorAffiliation": {"typeName": "authorAffiliation", "multiple": false, "typeClass": "primitive", "value": "Charles River Analytics"}}, {"authorName": {"typeName": "authorName", "multiple": false, "typeClass": "primitive", "value": "Lynn, Spencer"}, "authorAffiliation": {"typeName": "authorAffiliation", "multiple": false, "typeClass": "primitive", "value": "Charles River Analytics"}}, {"authorName": {"typeName": "authorName", "multiple": false, "typeClass": "primitive", "value": "Gee, Alex"}, "authorAffiliation": {"typeName": "authorAffiliation", "multiple": false, "typeClass": "primitive", "value": "Charles River Analytics"}}, {"authorName": {"typeName": "authorName", "multiple": false, "typeClass": "primitive", "value": "Lantz, Margaret"}, "authorAffiliation": {"typeName": "authorAffiliation", "multiple": false, "typeClass": "primitive", "value": "Strategic Mission Elements, Inc."}}, {"authorName": {"typeName": "authorName", "multiple": false, "typeClass": "primitive", "value": "Guarino, Sean"}, "authorAffiliation": {"typeName": "authorAffiliation", "multiple": false, "typeClass": "primitive", "value": "Charles River Analytics"}}, {"authorName": {"typeName": "authorName", "multiple": false, "typeClass": "primitive", "value": "Murray, Chris"}, "authorAffiliation": {"typeName": "authorAffiliation", "multiple": false, "typeClass": "primitive", "value": "Strategic Mission Elements, Inc."}}]}, {"typeName": "datasetContact", "multiple": true, "typeClass": "compound", "value": [{"datasetContactName": {"typeName": "datasetContactName", "multiple": false, "typeClass": "primitive", "value": "Charles River Analytics"}, "datasetContactEmail": {"typeName": "datasetContactEmail", "multiple": false, "typeClass": "primitive", "value": "TBD@TBD.com"}}, {"datasetContactName": {"typeName": "datasetContactName", "multiple": false, "typeClass": "primitive", "value": "Strategic Mission Elements, Inc."}, "datasetContactEmail": {"typeName": "datasetContactEmail", "multiple": false, "typeClass": "primitive", "value": "TBD@TBD.com"}}]}, {"typeName": "dsDescription", "multiple": true, "typeClass": "compound", "value": [{"dsDescriptionValue": {"typeName": "dsDescriptionValue", "multiple": false, "typeClass": "primitive", "value": "Cyber adversaries continue to become increasingly prolific and proficient in attacking U.S.\r\ncyber infrastructure. As intelligence operations become more reliant on robust cyber systems,\r\ncyber warfare has become a central concern for the intelligence community (IC). However,\r\nnumerous successful attacks over the past months and years illustrate a strong need for improved\r\ncyber defense (Kay et al., 2012; Granasen & Andersson, 2015). Cyber attacks often succeed\r\nbecause attacks that exploit the tactical surprise inherent in broad cyber attack surfaces are\r\ndifficult or impossible to monitor, and cyber defenses are typically reactive in nature, responding\r\nafter the attack damage has occurred. Augmenting the U.S. cyber workforce with models of\r\ncyber adversaries that capture the indicators, goals, and decision-making processes of adversaries\r\ncan enable cyber analysts to: (1) reduce the facets of the battlespace that they must observe,\r\nprotect, and detect; (2) predict attacks proactively before damage occurs; and (3) manipulate\r\nadversaries with defenses that lead to less harmful behaviors."}, "dsDescriptionDate": {"typeName": "dsDescriptionDate", "multiple": false, "typeClass": "primitive", "value": "2017-12-31"}}]}, {"typeName": "subject", "multiple": true, "typeClass": "controlledVocabulary", "value": ["Computer and Information Science"]}, {"typeName": "depositor", "multiple": false, "typeClass": "primitive", "value": "Nobblitt, Christopher"}, {"typeName": "dateOfDeposit", "multiple": false, "typeClass": "primitive", "value": "2018-01-18"}]}, "las": {"displayName": "LAS Metadata", "fields": [{"typeName": "LASkeywords", "multiple": true, "typeClass": "primitive", "value": ["DO7", "TBD"]}, {"typeName": "LASdateAdded", "multiple": false, "typeClass": "primitive", "value": "2018-01-18"}, {"typeName": "LASitemType", "multiple": false, "typeClass": "controlledVocabulary", "value": "Report"}, {"typeName": "LASdateUpdated", "multiple": false, "typeClass": "primitive", "value": "2018-01-18"}]}}}, "global_entity_id": 4666}