{"data": {"id": 976, "versionState": "DRAFT", "productionDate": "Production Date", "lastUpdateTime": "2018-01-18T15:23:22Z", "createTime": "2018-01-18T15:23:22Z", "license": "CC0", "termsOfUse": "CC0 Waiver", "metadataBlocks": {"citation": {"displayName": "Citation Metadata", "fields": [{"typeName": "title", "multiple": false, "typeClass": "primitive", "value": "Convoy Leader: What happens when they know what they\u2019re doing?"}, {"typeName": "author", "multiple": true, "typeClass": "compound", "value": [{"authorName": {"typeName": "authorName", "multiple": false, "typeClass": "primitive", "value": "Pearson, Carl J."}, "authorAffiliation": {"typeName": "authorAffiliation", "multiple": false, "typeClass": "primitive", "value": "North Carolina State University, Department of Psychology"}}, {"authorName": {"typeName": "authorName", "multiple": false, "typeClass": "primitive", "value": "Welk, Allaire K."}, "authorAffiliation": {"typeName": "authorAffiliation", "multiple": false, "typeClass": "primitive", "value": "North Carolina State University, Department of Psychology"}}, {"authorName": {"typeName": "authorName", "multiple": false, "typeClass": "primitive", "value": "Mayhorn, Christopher B."}, "authorAffiliation": {"typeName": "authorAffiliation", "multiple": false, "typeClass": "primitive", "value": "North Carolina State University, Department of Psychology"}}]}, {"typeName": "datasetContact", "multiple": true, "typeClass": "compound", "value": [{"datasetContactName": {"typeName": "datasetContactName", "multiple": false, "typeClass": "primitive", "value": "TBD"}, "datasetContactEmail": {"typeName": "datasetContactEmail", "multiple": false, "typeClass": "primitive", "value": "TBD@TBD.com"}}]}, {"typeName": "dsDescription", "multiple": true, "typeClass": "compound", "value": [{"dsDescriptionValue": {"typeName": "dsDescriptionValue", "multiple": false, "typeClass": "primitive", "value": "In an increasingly technological environment, security-critical and safety-critical situations often give a system operator information from both human and automated sources simultaneously.This study was conducted to understand the personal characteristics and situational variables that affect reliance on human or automated decision aids, when the decision aids are in conflict. Based on the experimental protocol used by Lyons &amp; Stokes 1 , this study compares two samples, military and civilian. The civilian sample (N = 126, mean age = 19) was taken from an undergraduate population at a large Southeastern university. The military sample (N = 29, mean age = 38) was taken from a group of special operations members enrolled in an education program at a U.S. Army base."}}]}, {"typeName": "subject", "multiple": true, "typeClass": "controlledVocabulary", "value": ["Social Sciences"]}, {"typeName": "depositor", "multiple": false, "typeClass": "primitive", "value": "Nobblitt, Christopher"}, {"typeName": "dateOfDeposit", "multiple": false, "typeClass": "primitive", "value": "2018-01-18"}]}, "las": {"displayName": "LAS Metadata", "fields": [{"typeName": "LASkeywords", "multiple": true, "typeClass": "primitive", "value": ["DO7", "TBD"]}, {"typeName": "LASdateAdded", "multiple": false, "typeClass": "primitive", "value": "2018-01-18"}, {"typeName": "LASitemType", "multiple": false, "typeClass": "controlledVocabulary", "value": "Report"}, {"typeName": "LASdateUpdated", "multiple": false, "typeClass": "primitive", "value": "2018-01-18"}]}}}, "global_entity_id": 4682}