{"data": {"id": 984, "versionState": "DRAFT", "productionDate": "Production Date", "lastUpdateTime": "2018-01-18T17:33:42Z", "createTime": "2018-01-18T17:30:43Z", "license": "CC0", "termsOfUse": "CC0 Waiver", "metadataBlocks": {"citation": {"displayName": "Citation Metadata", "fields": [{"typeName": "title", "multiple": false, "typeClass": "primitive", "value": "Developing Collective Identity in Dynamic X-Organizations"}, {"typeName": "author", "multiple": true, "typeClass": "compound", "value": [{"authorName": {"typeName": "authorName", "multiple": false, "typeClass": "primitive", "value": "Typhina, Eli"}, "authorAffiliation": {"typeName": "authorAffiliation", "multiple": false, "typeClass": "primitive", "value": "Laboratory for Analytic Sciences"}}, {"authorName": {"typeName": "authorName", "multiple": false, "typeClass": "primitive", "value": "Jameson, Jessica Katz"}, "authorAffiliation": {"typeName": "authorAffiliation", "multiple": false, "typeClass": "primitive", "value": "North Carolina State University"}}]}, {"typeName": "datasetContact", "multiple": true, "typeClass": "compound", "value": [{"datasetContactName": {"typeName": "datasetContactName", "multiple": false, "typeClass": "primitive", "value": "Jameson, Jessica Katz"}, "datasetContactAffiliation": {"typeName": "datasetContactAffiliation", "multiple": false, "typeClass": "primitive", "value": "North Carolina State University"}, "datasetContactEmail": {"typeName": "datasetContactEmail", "multiple": false, "typeClass": "primitive", "value": "jameson@ncsu.edu"}}, {"datasetContactName": {"typeName": "datasetContactName", "multiple": false, "typeClass": "primitive", "value": "Typhina, Eli"}, "datasetContactAffiliation": {"typeName": "datasetContactAffiliation", "multiple": false, "typeClass": "primitive", "value": "Laboratory for Analytic Sciences"}, "datasetContactEmail": {"typeName": "datasetContactEmail", "multiple": false, "typeClass": "primitive", "value": "eli.typhina@ncsu.edu"}}]}, {"typeName": "dsDescription", "multiple": true, "typeClass": "compound", "value": [{"dsDescriptionValue": {"typeName": "dsDescriptionValue", "multiple": false, "typeClass": "primitive", "value": "While Cross Sector Partnerships (XSP) have emerged to address complex, multi-dimensional challenges related to health, environment, and national security, the merging of members from diverse sectors can itself lead to complex, multi-dimensional organizational challenges. In our examination of a XSP developed for national security, we used action research to identify collective identity and the conversations and texts that supported it. Our unique approach to this topic incorporated members in examination and discussion of organizational materials, as well as development of new materials that further support the organization\u2019s collective identity. The process revealed conflicts in perceptions of the authoritative text and afforded a reflexive space\r\nfor unifying participants around a common understanding of organizational needs. Results show the importance of managing the tension and complexity of XSP members\u2019 individual agency and collective identity through collaborative development of organizational texts and events that can reflect and unify members\u2019 diverse voices.\r\n\r\nKeywords: cross sector partnerships, collaboration, collective identity, interdisciplinary,\r\nspokes-objects, spokesmen"}}]}, {"typeName": "subject", "multiple": true, "typeClass": "controlledVocabulary", "value": ["Social Sciences"]}, {"typeName": "depositor", "multiple": false, "typeClass": "primitive", "value": "Nobblitt, Christopher"}, {"typeName": "dateOfDeposit", "multiple": false, "typeClass": "primitive", "value": "2018-01-18"}]}, "las": {"displayName": "LAS Metadata", "fields": [{"typeName": "LASkeywords", "multiple": true, "typeClass": "primitive", "value": ["DO7", "TBD"]}, {"typeName": "LASitemType", "multiple": false, "typeClass": "controlledVocabulary", "value": "Report"}, {"typeName": "LASdateAdded", "multiple": false, "typeClass": "primitive", "value": "2018-01-18"}, {"typeName": "LASdateUpdated", "multiple": false, "typeClass": "primitive", "value": "2018-01-18"}]}}}, "global_entity_id": 4698}