{"data": {"id": 991, "versionState": "DRAFT", "productionDate": "Production Date", "lastUpdateTime": "2018-01-18T20:46:28Z", "createTime": "2018-01-18T20:46:28Z", "license": "CC0", "termsOfUse": "CC0 Waiver", "metadataBlocks": {"citation": {"displayName": "Citation Metadata", "fields": [{"typeName": "title", "multiple": false, "typeClass": "primitive", "value": "GDA Technical Report on Insider Threat Detection Tools"}, {"typeName": "author", "multiple": true, "typeClass": "compound", "value": [{"authorName": {"typeName": "authorName", "multiple": false, "typeClass": "primitive", "value": "Ball, Kenneth"}, "authorAffiliation": {"typeName": "authorAffiliation", "multiple": false, "typeClass": "primitive", "value": "Geometric Data Analytics"}}, {"authorName": {"typeName": "authorName", "multiple": false, "typeClass": "primitive", "value": "Borggren, Nathan"}, "authorAffiliation": {"typeName": "authorAffiliation", "multiple": false, "typeClass": "primitive", "value": "Geometric Data Analytics"}}, {"authorName": {"typeName": "authorName", "multiple": false, "typeClass": "primitive", "value": "Bendich, Paul"}, "authorAffiliation": {"typeName": "authorAffiliation", "multiple": false, "typeClass": "primitive", "value": "Geometric Data Analytics"}}, {"authorName": {"typeName": "authorName", "multiple": false, "typeClass": "primitive", "value": "Harer, John"}, "authorAffiliation": {"typeName": "authorAffiliation", "multiple": false, "typeClass": "primitive", "value": "Geometric Data Analytics"}}]}, {"typeName": "datasetContact", "multiple": true, "typeClass": "compound", "value": [{"datasetContactName": {"typeName": "datasetContactName", "multiple": false, "typeClass": "primitive", "value": "TBD"}, "datasetContactEmail": {"typeName": "datasetContactEmail", "multiple": false, "typeClass": "primitive", "value": "TBD@TBD.com"}}]}, {"typeName": "dsDescription", "multiple": true, "typeClass": "compound", "value": [{"dsDescriptionValue": {"typeName": "dsDescriptionValue", "multiple": false, "typeClass": "primitive", "value": "We have developed and applied methods that can support the mission of a security analyst by detecting network and user changes that may be related to insider threat activity. We examine network structure and usage statistics in synthetic insider threat paradigms and in a real email network. Switch point detection algorithms can detect abrupt changes in behavior that may be associated with insider threats: we present a new model that can be coupled with Bayesian MCMC posterior fitting that can detect such changes. We also implement a preliminary extension of probabilistic exponentially weighted moving averages that can be interpreted as a switch-point and anomaly detector; we demonstrate its use in the insider threat context. We demonstrate job classification through an ensemble of machine learning algorithms on network usage features which may be abstracted to provide prior estimates of user behavior."}, "dsDescriptionDate": {"typeName": "dsDescriptionDate", "multiple": false, "typeClass": "primitive", "value": "2017-12-28\t"}}]}, {"typeName": "subject", "multiple": true, "typeClass": "controlledVocabulary", "value": ["Computer and Information Science", "Mathematical Sciences"]}, {"typeName": "depositor", "multiple": false, "typeClass": "primitive", "value": "Nobblitt, Christopher"}, {"typeName": "dateOfDeposit", "multiple": false, "typeClass": "primitive", "value": "2018-01-18"}]}, "las": {"displayName": "LAS Metadata", "fields": [{"typeName": "LASkeywords", "multiple": true, "typeClass": "primitive", "value": ["DO7", "TBD"]}, {"typeName": "LASdateAdded", "multiple": false, "typeClass": "primitive", "value": "2018-01-18"}, {"typeName": "LASitemType", "multiple": false, "typeClass": "controlledVocabulary", "value": "Report"}, {"typeName": "LASdateUpdated", "multiple": false, "typeClass": "primitive", "value": "2018-01-18"}]}}}, "global_entity_id": 4714}