{"data": {"id": 995, "versionState": "DRAFT", "productionDate": "Production Date", "lastUpdateTime": "2018-01-18T21:10:37Z", "createTime": "2018-01-18T21:10:37Z", "license": "CC0", "termsOfUse": "CC0 Waiver", "metadataBlocks": {"citation": {"displayName": "Citation Metadata", "fields": [{"typeName": "title", "multiple": false, "typeClass": "primitive", "value": "Towards Adaptive Support for Anticipatory Thinking Abstract"}, {"typeName": "author", "multiple": true, "typeClass": "compound", "value": [{"authorName": {"typeName": "authorName", "multiple": false, "typeClass": "primitive", "value": "TBD"}, "authorAffiliation": {"typeName": "authorAffiliation", "multiple": false, "typeClass": "primitive", "value": "TBD"}}]}, {"typeName": "datasetContact", "multiple": true, "typeClass": "compound", "value": [{"datasetContactName": {"typeName": "datasetContactName", "multiple": false, "typeClass": "primitive", "value": "TBD"}, "datasetContactAffiliation": {"typeName": "datasetContactAffiliation", "multiple": false, "typeClass": "primitive", "value": "TBD"}, "datasetContactEmail": {"typeName": "datasetContactEmail", "multiple": false, "typeClass": "primitive", "value": "TBD@TBD.com"}}]}, {"typeName": "dsDescription", "multiple": true, "typeClass": "compound", "value": [{"dsDescriptionValue": {"typeName": "dsDescriptionValue", "multiple": false, "typeClass": "primitive", "value": "Adaptive training and support technologies have been used to improve training and performance in a number of domains. However, limited work on adaptive training has\r\nexamined anticipatory thinking, which is the deliberate, divergent exploration and analysis of relevant futures to avoid surprise. Anticipatory thinking engages the process of imagining how uncertainties impact the future, helps identify leading indicators and causal dependencies of future scenarios, and complements forecasting, which focuses on assessing the likelihood of outcomes. It is particularly important for intelligence analysis, mission planning, and strategic forecasting, wherein practitioners apply prospective sense-making, scenario planning, and other methodologies to identify possible options and their effects during decision making processes. However, there is currently no underlying cognitive theory supporting specific anticipatory thinking methodologies, no adaptive technologies to support their training, and no existing measures to assess their efficacy. We are engaged in an ongoing effort to design adaptive technologies to support the acquisition and measurement of\r\nanticipatory thinking. As a first step toward adaptive environments that support the acquisition and application of anticipatory thinking competencies, we have developed a\r\ntask to measure anticipatory thinking in which participants explore uncertainties and the impacts on the future given a particular topic. We present preliminary results from a study to examine the validity of this measure and discuss multiple factors that affect anticipatory thinking including attention, inhibitory control, need for cognition, need for closure, convergent thinking, and divergent thinking. We then introduce design principles for supporting training, application, and assessment of anticipatory thinking."}}]}, {"typeName": "subject", "multiple": true, "typeClass": "controlledVocabulary", "value": ["Social Sciences"]}, {"typeName": "depositor", "multiple": false, "typeClass": "primitive", "value": "Nobblitt, Christopher"}, {"typeName": "dateOfDeposit", "multiple": false, "typeClass": "primitive", "value": "2018-01-18"}]}, "las": {"displayName": "LAS Metadata", "fields": [{"typeName": "LASkeywords", "multiple": true, "typeClass": "primitive", "value": ["DO7", "TBD"]}, {"typeName": "LASdateAdded", "multiple": false, "typeClass": "primitive", "value": "2018-01-17"}, {"typeName": "LASitemType", "multiple": false, "typeClass": "controlledVocabulary", "value": "Report"}, {"typeName": "LASdateUpdated", "multiple": false, "typeClass": "primitive", "value": "2018-01-18"}, {"typeName": "LASpresentation", "multiple": true, "typeClass": "compound", "value": [{"LASeventName": {"typeName": "LASeventName", "multiple": false, "typeClass": "primitive", "value": "ACM"}}]}]}}}, "global_entity_id": 4722}