{"data": {"id": 1000, "versionState": "DRAFT", "productionDate": "Production Date", "lastUpdateTime": "2018-01-18T21:50:07Z", "createTime": "2018-01-18T21:50:07Z", "license": "CC0", "termsOfUse": "CC0 Waiver", "metadataBlocks": {"citation": {"displayName": "Citation Metadata", "fields": [{"typeName": "title", "multiple": false, "typeClass": "primitive", "value": "Human Behavior Effect in SCADA Vulnerabilities Analyses"}, {"typeName": "author", "multiple": true, "typeClass": "compound", "value": [{"authorName": {"typeName": "authorName", "multiple": false, "typeClass": "primitive", "value": "Johnston, Judith A."}, "authorAffiliation": {"typeName": "authorAffiliation", "multiple": false, "typeClass": "primitive", "value": "Johnston Analytics, Inc."}}]}, {"typeName": "datasetContact", "multiple": true, "typeClass": "compound", "value": [{"datasetContactName": {"typeName": "datasetContactName", "multiple": false, "typeClass": "primitive", "value": "Johnston Analytics, Inc."}, "datasetContactEmail": {"typeName": "datasetContactEmail", "multiple": false, "typeClass": "primitive", "value": "TBD@TBD.com"}}]}, {"typeName": "dsDescription", "multiple": true, "typeClass": "compound", "value": [{"dsDescriptionValue": {"typeName": "dsDescriptionValue", "multiple": false, "typeClass": "primitive", "value": "The purpose of this study was to determine a way to map SCADA Operators\u2019 behaviors to potential vulnerabilities and to provide relevant information on how those data could be used to assess risk. The results of this effort are meant to be a complement to technical analyses of SCADA systems that will result in a more holistic approach to assessing SCADA Cyber Threats than currently exists.\r\n\r\nThe work proceeded in stages.\r\n1. Identify tasks of the SCADA Operator.\r\n2. Identify the cognitive activities contained in SCADA operator tasks.\r\n3. Conduct a review of the relevant research to identify findings that address potential\r\nvulnerabilities among these activities and tasks.\r\n4. Construct a map that shows the relationship between the vulnerabilities identified in the research with the cognitive activities.\r\n5. Based on elements included in cyber threat risk assessments, tie the vulnerabilities to pertinent elements of risk assessment.\r\n6. Where possible, provide guidance regarding the potential influence (or weight) a\r\nvulnerability might have within the structure of the risk assessment."}}]}, {"typeName": "subject", "multiple": true, "typeClass": "controlledVocabulary", "value": ["Computer and Information Science", "Social Sciences"]}, {"typeName": "depositor", "multiple": false, "typeClass": "primitive", "value": "Nobblitt, Christopher"}, {"typeName": "dateOfDeposit", "multiple": false, "typeClass": "primitive", "value": "2018-01-18"}]}, "las": {"displayName": "LAS Metadata", "fields": [{"typeName": "LASkeywords", "multiple": true, "typeClass": "primitive", "value": ["DO7", "TBD"]}, {"typeName": "LASitemType", "multiple": false, "typeClass": "controlledVocabulary", "value": "Report"}, {"typeName": "LASdateAdded", "multiple": false, "typeClass": "primitive", "value": "2018-01-18"}, {"typeName": "LASdateUpdated", "multiple": false, "typeClass": "primitive", "value": "2018-01-18"}]}}}, "global_entity_id": 4732}