{"data": {"id": 1005, "versionState": "DRAFT", "productionDate": "Production Date", "lastUpdateTime": "2018-01-18T22:16:02Z", "createTime": "2018-01-18T22:16:02Z", "license": "CC0", "termsOfUse": "CC0 Waiver", "metadataBlocks": {"citation": {"displayName": "Citation Metadata", "fields": [{"typeName": "title", "multiple": false, "typeClass": "primitive", "value": "Tools for Creating Composable Coordinated Visualizations"}, {"typeName": "author", "multiple": true, "typeClass": "compound", "value": [{"authorName": {"typeName": "authorName", "multiple": false, "typeClass": "primitive", "value": "Crouser, R. Jordan"}, "authorAffiliation": {"typeName": "authorAffiliation", "multiple": false, "typeClass": "primitive", "value": "Smith College, Department of Computer Science"}}]}, {"typeName": "datasetContact", "multiple": true, "typeClass": "compound", "value": [{"datasetContactName": {"typeName": "datasetContactName", "multiple": false, "typeClass": "primitive", "value": "Crouser, R. Jordan"}, "datasetContactAffiliation": {"typeName": "datasetContactAffiliation", "multiple": false, "typeClass": "primitive", "value": "Smith College, Department of Computer Science"}, "datasetContactEmail": {"typeName": "datasetContactEmail", "multiple": false, "typeClass": "primitive", "value": "TBD@TBD.com"}}]}, {"typeName": "dsDescription", "multiple": true, "typeClass": "compound", "value": [{"dsDescriptionValue": {"typeName": "dsDescriptionValue", "multiple": false, "typeClass": "primitive", "value": "Large infrastructure systems such as the power grid produce an enormous volume of data, and real-time situational awareness is critical for maintaining safe and efficient operations [8]. The cascading effects of losing multiple substations has been well-documented (e.g. [5]), and provides evidence that preventing substation loss early has a profound impact on the resilience of the system as a whole. Similarly, cybersecurity analysts must assemble clues from a multitude of sources on-the-fly in order to maintain the health of the network and mitigate potential and ongoing threats.\r\n\r\nIn monitoring unfolding events in conflict economies, these data sources may vary even more widely, and a thorough understanding of these events requires the analysis of both streaming and historic data simultaneously. In all three cases, the importance of small improvements in reaction time cannot be understated: the amount of time elapsed in responding to unfolding events can mean the difference between the nuisance of a brief flicker of the lights and the potentially life-threatening effects of a full scale blackout. In the face of this increasingly complex data, the dynamic interplay between human and machine analysis grows ever more important. In the SCADA domain, highly specialized decision support systems such as M-DART [6] have been introduced to support grid operators in managing high-volume data from multiple streams, assist in anomaly detection, and even facilitate causal inference. Cyber analysts often make use of tools such as Splunk1, which supports complex querying for patterns of interest. In conflict economies and political unrest, agent-based simulation is an indispensible tool for understanding how events might play out, as well as identifying areas of particular concern within a region (e.g. [4]). To make these computational tools more effective,\r\nvisual analytic environments are often called on to facilitate this interplay between human and machine by combining intuitive, interactive interfaces with a strong computational backbone. The result has been a diverse array of contributions across a broad range of topical domains (see [2]).\r\nBy pairing the human analyst with a machine collaborator, we hope to overcome some of the human\u2019s limitations such as working memory, bias, and fatigue. At the same time, these systems rely on the intuition that the domain expertise and perceptual advantage of the human analyst may provide as a critical boost in areas where purely computational analyses fail. In their 2009 article on Knowledge-Assisted Visualization, Chen et al. argue: [T]he knowledge of the user is an indispensable part of visualization. For instance, the user may assign specific colors to different objects in visualization according to certain domain knowledge. The user may choose certain viewing positions because the visualization results can reveal more meaningful information or a more problematic scenario that requires further investigation [1].\r\nOften, this domain knowledge can be difficult or impossible to embed fully into the system itself, or it may be too time-consuming to generate a complete model of the domain. Instead, we must develop tools that leverage the experience of the human analyst directly. Prior work by the Principal Investigator in support of LAS efforts (\u201cA Survey of Visual Analytics Tools for Effective Decision-Making\u201d, FY2016) culminated in a thorough survey of the relevant literature on visualization tools that have been demonstrated to support effective decision-making in the context of Cybersecurity [3], along with associated recommendations for how these techniques might be adapted for use in in situ analysis contexts. For FY17, we extend this work to the development of prototype visualizations to support the SCADA domain. In this work, we capitalize on the opportunities afforded by current technology to provide composible, on-demand\r\nvisualizations for streaming data. We emphasize the power and flexibility of a coordinated multiple views architecture (see [7] for an overview) for these prototypes, where the analyst can manipulate several different visualizations of the same data simultaneously. In so doing, we also acknowledge the challenges inherent in changing an established analytical pattern by enabling the analyst to compare and contrast various methods of visual encoding in order to optimize the interface to best support their workflow and analytical task."}, "dsDescriptionDate": {"typeName": "dsDescriptionDate", "multiple": false, "typeClass": "primitive", "value": "2017-12-31"}}]}, {"typeName": "subject", "multiple": true, "typeClass": "controlledVocabulary", "value": ["Computer and Information Science"]}, {"typeName": "depositor", "multiple": false, "typeClass": "primitive", "value": "Nobblitt, Christopher"}, {"typeName": "dateOfDeposit", "multiple": false, "typeClass": "primitive", "value": "2018-01-18"}]}, "las": {"displayName": "LAS Metadata", "fields": [{"typeName": "LASkeywords", "multiple": true, "typeClass": "primitive", "value": ["DO7", "TBD"]}, {"typeName": "LASitemType", "multiple": false, "typeClass": "controlledVocabulary", "value": "Report"}, {"typeName": "LASdateAdded", "multiple": false, "typeClass": "primitive", "value": "2018-01-18"}, {"typeName": "LASdateUpdated", "multiple": false, "typeClass": "primitive", "value": "2018-01-18"}]}}}, "global_entity_id": 4742}