{"data": {"id": 1006, "versionState": "DRAFT", "productionDate": "Production Date", "lastUpdateTime": "2018-01-28T14:34:54Z", "createTime": "2018-01-18T22:37:00Z", "license": "CC0", "termsOfUse": "CC0 Waiver", "metadataBlocks": {"citation": {"displayName": "Citation Metadata", "fields": [{"typeName": "title", "multiple": false, "typeClass": "primitive", "value": "Big Data, intelligence, and analyst privacy: investigating information dissemination at an NSA-funded research lab"}, {"typeName": "author", "multiple": true, "typeClass": "compound", "value": [{"authorName": {"typeName": "authorName", "multiple": false, "typeClass": "primitive", "value": "Swanson, Maureen H."}, "authorAffiliation": {"typeName": "authorAffiliation", "multiple": false, "typeClass": "primitive", "value": "Duke University"}}, {"authorName": {"typeName": "authorName", "multiple": false, "typeClass": "primitive", "value": "Vogel, Kathleen M."}, "authorAffiliation": {"typeName": "authorAffiliation", "multiple": false, "typeClass": "primitive", "value": "University of Maryland"}}]}, {"typeName": "datasetContact", "multiple": true, "typeClass": "compound", "value": [{"datasetContactName": {"typeName": "datasetContactName", "multiple": false, "typeClass": "primitive", "value": "kvogel12@umd.edu"}, "datasetContactAffiliation": {"typeName": "datasetContactAffiliation", "multiple": false, "typeClass": "primitive", "value": "University of Maryland"}, "datasetContactEmail": {"typeName": "datasetContactEmail", "multiple": false, "typeClass": "primitive", "value": "kvogel12@umd.edu"}}]}, {"typeName": "dsDescription", "multiple": true, "typeClass": "compound", "value": [{"dsDescriptionValue": {"typeName": "dsDescriptionValue", "multiple": false, "typeClass": "primitive", "value": "The Laboratory for Analytic Sciences (LAS) at North Carolina State University, funded by the National Security Agency, is a collaborative, long-term research enterprise focused on improving intelligence analysis using Big Data. In its work, LAS has recently begun dealing with the trade-off between the collection, storage, and use of large unclassified data-sets and analyst privacy. We discuss particular privacy challenges at LAS, analyze privacy principles in the life cycle of LAS unclassified data-sets, what intelligence analysts themselves think about these privacy concerns, and recommend\r\npossible best practices potentially applicable to LAS, as well as future Big Data laboratories and research centers that collaborate with intelligence communities."}, "dsDescriptionDate": {"typeName": "dsDescriptionDate", "multiple": false, "typeClass": "primitive", "value": "2017-12-05"}}]}, {"typeName": "subject", "multiple": true, "typeClass": "controlledVocabulary", "value": ["Social Sciences"]}, {"typeName": "notesText", "multiple": false, "typeClass": "primitive", "value": "To appear in Intelligence and National Security"}, {"typeName": "depositor", "multiple": false, "typeClass": "primitive", "value": "Nobblitt, Christopher"}, {"typeName": "dateOfDeposit", "multiple": false, "typeClass": "primitive", "value": "2018-01-18"}]}, "las": {"displayName": "LAS Metadata", "fields": [{"typeName": "LASkeywords", "multiple": true, "typeClass": "primitive", "value": ["DO6", "KV1", "A121", "UX6", "R219"]}, {"typeName": "LASdateAdded", "multiple": false, "typeClass": "primitive", "value": "2018-01-18"}, {"typeName": "LASitemType", "multiple": false, "typeClass": "controlledVocabulary", "value": "Publication"}, {"typeName": "LASdateUpdated", "multiple": false, "typeClass": "primitive", "value": "2018-01-18"}, {"typeName": "LASdistributionURL", "multiple": false, "typeClass": "primitive", "value": "https://doi.org/10.1080/02684527.2017.1400234"}, {"typeName": "LASpublication", "multiple": false, "typeClass": "compound", "value": {"LASpublisher": {"typeName": "LASpublisher", "multiple": false, "typeClass": "primitive", "value": "Taylor and Francis"}, "LASjournal": {"typeName": "LASjournal", "multiple": false, "typeClass": "primitive", "value": "Intelligence and National Security"}, "LASpages": {"typeName": "LASpages", "multiple": false, "typeClass": "primitive", "value": "1-19"}}}]}}}, "global_entity_id": 4744}