{"data": {"id": 1012, "versionState": "DRAFT", "productionDate": "Production Date", "lastUpdateTime": "2018-01-19T16:02:24Z", "createTime": "2018-01-19T16:02:24Z", "license": "CC0", "termsOfUse": "CC0 Waiver", "metadataBlocks": {"citation": {"displayName": "Citation Metadata", "fields": [{"typeName": "title", "multiple": false, "typeClass": "primitive", "value": "Relevance Engine White Paper"}, {"typeName": "author", "multiple": true, "typeClass": "compound", "value": [{"authorName": {"typeName": "authorName", "multiple": false, "typeClass": "primitive", "value": "Resilient Cognitive Solutions"}}]}, {"typeName": "datasetContact", "multiple": true, "typeClass": "compound", "value": [{"datasetContactName": {"typeName": "datasetContactName", "multiple": false, "typeClass": "primitive", "value": "Szymczak, Samantha"}, "datasetContactAffiliation": {"typeName": "datasetContactAffiliation", "multiple": false, "typeClass": "primitive", "value": "Resilient Cognitive Solutions"}, "datasetContactEmail": {"typeName": "datasetContactEmail", "multiple": false, "typeClass": "primitive", "value": "sszymczak@resilientcognitivesolutions.com"}}, {"datasetContactName": {"typeName": "datasetContactName", "multiple": false, "typeClass": "primitive", "value": "Easter, Crystal"}, "datasetContactAffiliation": {"typeName": "datasetContactAffiliation", "multiple": false, "typeClass": "primitive", "value": "Resilient Cognitive Solutions"}, "datasetContactEmail": {"typeName": "datasetContactEmail", "multiple": false, "typeClass": "primitive", "value": "ceaster@resilientcognitivesolutions.com"}}]}, {"typeName": "dsDescription", "multiple": true, "typeClass": "compound", "value": [{"dsDescriptionValue": {"typeName": "dsDescriptionValue", "multiple": false, "typeClass": "primitive", "value": "DO7 Research Findings from the BEAST Relevance Engine. The DO7 BEAST 3.4.9 Prototype was the first BEAST instance to exercise a relevance engine for Triage Support. The Hypotheses tested in DO7 was that a Triage-based display, exercising an underlying relevance engine service, would help Analysts find value in the big data under traditional data overload conditions. As the first implementation of the essential embedded service, an available COTS capability was selected to minimize the engineering effort, and maximize the focus on Triage enabled value discovery. A text-based TFIDF algorithm was used to relate Question, Hypothesis, and Evidence objects against a Solr-based data index. Analysts from both Texas and Maryland triaged data against a number of questions that varied on topic and geographic region of interest. In summary, no analysts felt overwhelmed by the data retrieval. RCS continues to how the well workshop went."}}]}, {"typeName": "subject", "multiple": true, "typeClass": "controlledVocabulary", "value": ["Computer and Information Science"]}, {"typeName": "depositor", "multiple": false, "typeClass": "primitive", "value": "Nobblitt, Christopher"}, {"typeName": "dateOfDeposit", "multiple": false, "typeClass": "primitive", "value": "2018-01-19"}]}, "las": {"displayName": "LAS Metadata", "fields": [{"typeName": "LASkeywords", "multiple": true, "typeClass": "primitive", "value": ["DO7", "TBD"]}, {"typeName": "LASitemType", "multiple": false, "typeClass": "controlledVocabulary", "value": "Report"}, {"typeName": "LASdateAdded", "multiple": false, "typeClass": "primitive", "value": "2018-01-19"}, {"typeName": "LASdateUpdated", "multiple": false, "typeClass": "primitive", "value": "2018-01-19"}]}}}, "global_entity_id": 4756}