{"data": {"id": 1015, "versionState": "DRAFT", "productionDate": "Production Date", "lastUpdateTime": "2018-01-19T16:18:57Z", "createTime": "2018-01-19T16:18:57Z", "license": "CC0", "termsOfUse": "CC0 Waiver", "metadataBlocks": {"citation": {"displayName": "Citation Metadata", "fields": [{"typeName": "title", "multiple": false, "typeClass": "primitive", "value": "Draft Chapter: Technology that Supports Collaboration and Discovery"}, {"typeName": "author", "multiple": true, "typeClass": "compound", "value": [{"authorName": {"typeName": "authorName", "multiple": false, "typeClass": "primitive", "value": "Vogel, Kathleen M."}}]}, {"typeName": "datasetContact", "multiple": true, "typeClass": "compound", "value": [{"datasetContactName": {"typeName": "datasetContactName", "multiple": false, "typeClass": "primitive", "value": "Vogel, Kathleen M."}, "datasetContactEmail": {"typeName": "datasetContactEmail", "multiple": false, "typeClass": "primitive", "value": "TBD@TBD.com"}}]}, {"typeName": "dsDescription", "multiple": true, "typeClass": "compound", "value": [{"dsDescriptionValue": {"typeName": "dsDescriptionValue", "multiple": false, "typeClass": "primitive", "value": "The Laboratory for Analytic Sciences has developed a series of new technologies to\r\nimprove intelligence analysis in the future. As part of its larger test and evaluation effort for these prototypes that would assess usability and effectiveness, LAS management was alsointerested in determining which of the prototypes had \u201ccollaboration\u201d potential-- -i.e., would enable and enhance the ability of intelligence analysts to collaborate with others. This chapter will discuss some early findings of LAS prototypes and their potential as collaborativetechnologies.\r\n\r\nFor this study, I will use the following working definition for collaboration: \u201cTwo or\r\nmore people working together and/or sharing ideas on a problem or project that leads to value creation, improved knowledge and understanding, increased productivity, and enhanced diversity of subject matter expertise while supporting trust development.\u201d In the course of research, however, I learned that there are different kinds of collaboration possible through LAS prototype efforts. Some are focused solely on information sharing (between people and/or between computer systems), and others are more focused on interactive problem solving among users. To show this range of use, this chapter will focus on a description of three LAS prototypes that show different aspects of collaboration: 1 (1) the Journaling Application; (2) the Analytic Component System; and (3) ARA U/X (Veracity) system. As this project will reveal, there are certain LAS\r\nprototypes that have significant collaboration potential given their technological design and development, and others, in which the collaboration could be enhanced with some additional modifications. Beyond thinking about the purely technical design and development of technologies to work in collaborative manner, it is also important to consider how the social context can shape the uptake of these technologies to be able to work collaboratively. Social scientists have shown that successful uptake of computational technologies in a work environment, including those that support collaborative activities, requires a consideration of the socio-cultural environment in\r\nwhich the technologies will be embedded. This chapter will end by discussing\r\nrecommendations to enable successful deployment of these prototypes into an intelligence work environment."}}]}, {"typeName": "subject", "multiple": true, "typeClass": "controlledVocabulary", "value": ["Computer and Information Science", "Social Sciences"]}, {"typeName": "depositor", "multiple": false, "typeClass": "primitive", "value": "Nobblitt, Christopher"}, {"typeName": "dateOfDeposit", "multiple": false, "typeClass": "primitive", "value": "2018-01-19"}]}, "las": {"displayName": "LAS Metadata", "fields": [{"typeName": "LASkeywords", "multiple": true, "typeClass": "primitive", "value": ["DO7", "TBD"]}, {"typeName": "LASitemType", "multiple": false, "typeClass": "controlledVocabulary", "value": "Report"}, {"typeName": "LASdateAdded", "multiple": false, "typeClass": "primitive", "value": "2018-01-19"}, {"typeName": "LASdateUpdated", "multiple": false, "typeClass": "primitive", "value": "2018-01-19"}]}}}, "global_entity_id": 4762}