{"data": {"id": 1027, "versionState": "DRAFT", "productionDate": "Production Date", "lastUpdateTime": "2018-01-19T17:58:07Z", "createTime": "2018-01-19T17:58:07Z", "license": "CC0", "termsOfUse": "CC0 Waiver", "metadataBlocks": {"citation": {"displayName": "Citation Metadata", "fields": [{"typeName": "title", "multiple": false, "typeClass": "primitive", "value": "Using research to improve identification of terrorists: Where we are and where we need to go - Proposal"}, {"typeName": "author", "multiple": true, "typeClass": "compound", "value": [{"authorName": {"typeName": "authorName", "multiple": false, "typeClass": "primitive", "value": "Desmarais, Sarah L."}, "authorAffiliation": {"typeName": "authorAffiliation", "multiple": false, "typeClass": "primitive", "value": "North Carolina State University"}}, {"authorName": {"typeName": "authorName", "multiple": false, "typeClass": "primitive", "value": "Simons-Rudolph, Joseph M."}, "authorAffiliation": {"typeName": "authorAffiliation", "multiple": false, "typeClass": "primitive", "value": "North Carolina State University"}}]}, {"typeName": "datasetContact", "multiple": true, "typeClass": "compound", "value": [{"datasetContactName": {"typeName": "datasetContactName", "multiple": false, "typeClass": "primitive", "value": "Desmarais, Sarah L."}, "datasetContactAffiliation": {"typeName": "datasetContactAffiliation", "multiple": false, "typeClass": "primitive", "value": "North Carolina State University"}, "datasetContactEmail": {"typeName": "datasetContactEmail", "multiple": false, "typeClass": "primitive", "value": "sdesmarais@ncsu.edu"}}]}, {"typeName": "dsDescription", "multiple": true, "typeClass": "compound", "value": [{"dsDescriptionValue": {"typeName": "dsDescriptionValue", "multiple": false, "typeClass": "primitive", "value": "For several decades, academics and other independent researchers from diverse disciplines have been\r\nengaged in efforts to develop a conceptual understanding of terrorism and the process of radicalization\r\n(King &amp; Taylor, 2011). Though much has been written in the scientific literature about terrorism, the\r\nbody of work is not without limitations. This presentation will consist of four distinct parts. First, we will\r\nprovide an overview the state of the research on risk factors for terrorism. Specifically, we will describe\r\nthe methods and findings of our recent systematic review of over 12,000 articles which revealed 205\r\narticles that discussed factors associated to joining terrorist organizations or perpetrating terrorist\r\nattacks (Desmarais et al., 2017). Second, we will summarize findings of our systematic review as they\r\nrelate to specific risk factors, describing those with at least some research supporting their association\r\nwith terrorism, including: age, socioeconomic status, prior arrest, education, employment, relationship\r\nstatus, having a grievance (political or personal), specific geographic region, and type of geographic area\r\n(i.e., urban or rural). We also will discuss factors that have limited research support. Third, we will\r\ndescribe findings of our current research efforts focused on increasing specificity in the profiles of\r\nterrorists. In particular, we will summarize findings of our analysis of over 5,700 individuals included in\r\nthe Western Jihadism Project (Klausen, 2017). Our analyses have been focused on identifying unique\r\nand overlapping risk factors for terrorism across subgroups, including terrorist gender, location of\r\nterrorist plots (i.e., US vs. abroad), and nature of terrorist plots (i.e., violent vs. nonviolent), among\r\nothers. Results suggest the importance of such specificity, showing meaningful differences in\r\ncharacteristics across subgroups; for instance, female terrorists were more highly educated and less\r\nlikely to have criminal histories prior to radicalization than male terrorists. In this way, our findings are in\r\nopposition to one-size- fits all counterterrorism policies and strategies and reinforce the need for\r\ndifferent approaches for different threats. Fourth, and finally, we will discuss what we view as the next\r\ncritical steps in homeland security research to better inform counterterrorism policies and strategies\r\nwith a greater likelihood of success."}, "dsDescriptionDate": {"typeName": "dsDescriptionDate", "multiple": false, "typeClass": "primitive", "value": "2018"}}]}, {"typeName": "subject", "multiple": true, "typeClass": "controlledVocabulary", "value": ["Social Sciences"]}, {"typeName": "depositor", "multiple": false, "typeClass": "primitive", "value": "Nobblitt, Christopher"}, {"typeName": "dateOfDeposit", "multiple": false, "typeClass": "primitive", "value": "2018-01-19"}]}, "las": {"displayName": "LAS Metadata", "fields": [{"typeName": "LASkeywords", "multiple": true, "typeClass": "primitive", "value": ["DO7", "TBD"]}, {"typeName": "LASdateAdded", "multiple": false, "typeClass": "primitive", "value": "2018-01-19"}, {"typeName": "LASitemType", "multiple": false, "typeClass": "controlledVocabulary", "value": "Other"}, {"typeName": "LASdateUpdated", "multiple": false, "typeClass": "primitive", "value": "2018-01-19"}, {"typeName": "LASpresentation", "multiple": true, "typeClass": "compound", "value": [{"LASeventName": {"typeName": "LASeventName", "multiple": false, "typeClass": "primitive", "value": "2018 National Homeland Security Conference"}, "LASeventLocation": {"typeName": "LASeventLocation", "multiple": false, "typeClass": "primitive", "value": "TB"}}]}]}}}, "global_entity_id": 4786}