{"data": {"id": 1029, "versionState": "DRAFT", "productionDate": "Production Date", "lastUpdateTime": "2018-01-19T19:29:25Z", "createTime": "2018-01-19T19:29:25Z", "license": "CC0", "termsOfUse": "CC0 Waiver", "metadataBlocks": {"citation": {"displayName": "Citation Metadata", "fields": [{"typeName": "title", "multiple": false, "typeClass": "primitive", "value": "Towards Adaptive Support for Anticipatory Thinking"}, {"typeName": "author", "multiple": true, "typeClass": "compound", "value": [{"authorName": {"typeName": "authorName", "multiple": false, "typeClass": "primitive", "value": "TBD"}}]}, {"typeName": "datasetContact", "multiple": true, "typeClass": "compound", "value": [{"datasetContactName": {"typeName": "datasetContactName", "multiple": false, "typeClass": "primitive", "value": "TBD"}, "datasetContactEmail": {"typeName": "datasetContactEmail", "multiple": false, "typeClass": "primitive", "value": "TBD@TBD.com"}}]}, {"typeName": "dsDescription", "multiple": true, "typeClass": "compound", "value": [{"dsDescriptionValue": {"typeName": "dsDescriptionValue", "multiple": false, "typeClass": "primitive", "value": "Adaptive training and support technologies have been used to improve training and\r\nperformance in a number of domains. However, limited work on adaptive training has examined\r\nanticipatory thinking, which is the deliberate, divergent exploration and analysis of relevant futures to\r\navoid surprise. Anticipatory thinking engages the process of imagining how uncertainties impact the\r\nfuture, helps identify leading indicators and causal dependencies of future scenarios, and complements\r\nforecasting, which focuses on assessing the likelihood of outcomes. It is particularly important for\r\nintelligence analysis, mission planning, and strategic forecasting, wherein practitioners apply\r\nprospective sense-making, scenario planning, and other methodologies to identify possible options and\r\ntheir effects during decision making processes. However, there is currently no underlying cognitive\r\ntheory supporting specific anticipatory thinking methodologies, no adaptive technologies to support\r\ntheir training, and no existing measures to assess their efficacy.\r\nWe are engaged in an ongoing effort to design adaptive technologies to support the acquisition\r\nand measurement of anticipatory thinking. As a first step toward adaptive environments that support\r\nthe acquisition and application of anticipatory thinking competencies, we have developed a task to\r\nmeasure anticipatory thinking in which participants explore uncertainties and the impacts on the future\r\ngiven a particular topic. We present preliminary results from a study to examine the validity of this\r\nmeasure and discuss multiple factors that affect anticipatory thinking including attention, inhibitory\r\ncontrol, need for cognition, need for closure, convergent thinking, and divergent thinking. We then\r\nintroduce design principles for supporting training, application, and assessment of anticipatory thinking."}}]}, {"typeName": "subject", "multiple": true, "typeClass": "controlledVocabulary", "value": ["Social Sciences"]}, {"typeName": "depositor", "multiple": false, "typeClass": "primitive", "value": "Nobblitt, Christopher"}, {"typeName": "dateOfDeposit", "multiple": false, "typeClass": "primitive", "value": "2018-01-19"}]}, "las": {"displayName": "LAS Metadata", "fields": [{"typeName": "LASkeywords", "multiple": true, "typeClass": "primitive", "value": ["DO7", "TBD"]}, {"typeName": "LASdateAdded", "multiple": false, "typeClass": "primitive", "value": "2018-01-19"}, {"typeName": "LASitemType", "multiple": false, "typeClass": "controlledVocabulary", "value": "Report"}, {"typeName": "LASdateUpdated", "multiple": false, "typeClass": "primitive", "value": "2018-01-19"}]}}}, "global_entity_id": 4790}