{"data": {"id": 1032, "versionState": "DRAFT", "productionDate": "Production Date", "lastUpdateTime": "2018-01-19T19:53:58Z", "createTime": "2018-01-19T19:53:58Z", "license": "CC0", "termsOfUse": "CC0 Waiver", "metadataBlocks": {"citation": {"displayName": "Citation Metadata", "fields": [{"typeName": "title", "multiple": false, "typeClass": "primitive", "value": "Contextual embedding method ContE Abstract"}, {"typeName": "author", "multiple": true, "typeClass": "compound", "value": [{"authorName": {"typeName": "authorName", "multiple": false, "typeClass": "primitive", "value": "TBD"}}]}, {"typeName": "datasetContact", "multiple": true, "typeClass": "compound", "value": [{"datasetContactName": {"typeName": "datasetContactName", "multiple": false, "typeClass": "primitive", "value": "TBD"}, "datasetContactEmail": {"typeName": "datasetContactEmail", "multiple": false, "typeClass": "primitive", "value": "TBD@TBD.com"}}]}, {"typeName": "dsDescription", "multiple": true, "typeClass": "compound", "value": [{"dsDescriptionValue": {"typeName": "dsDescriptionValue", "multiple": false, "typeClass": "primitive", "value": "Knowledge Graphs, which capture entities and their relationships as (Subject, Predicate, Object) triples, are used by leading IT companies for applications including semantic-based search services and data management. However, many knowledge graphs are afflicted by missing entities and missing predicates. Recently, embedding methods have been used to alleviate this issue via KG completion. However, most existing methods only consider the relationship in triples, even though contextual relation types, consisting of the surrounding relation types of a triple, can substantially improve prediction accuracy. Therefore, we propose a contextual embedding method ContE that learns the embeddings of entities and predicates while taking contextual relation types into account. The main benefits of our approach are: (1) improved scalability over state-of-the-art methods via a reduced number of epochs needed to achieve comparable or better results with the same memory complexity, (2) higher prediction accuracy (up to 27%) compared to the related algorithms on two real-world datasets, and (3) high accuracy for both missing entity and predicate predictions, unlike some of the baseline methods that are only good at one prediction task or the other. The source code and the YAGO43k dataset of this paper can be found from (URL TBD)."}}]}, {"typeName": "subject", "multiple": true, "typeClass": "controlledVocabulary", "value": ["Computer and Information Science", "Social Sciences"]}, {"typeName": "depositor", "multiple": false, "typeClass": "primitive", "value": "Nobblitt, Christopher"}, {"typeName": "dateOfDeposit", "multiple": false, "typeClass": "primitive", "value": "2018-01-19"}]}, "las": {"displayName": "LAS Metadata", "fields": [{"typeName": "LASkeywords", "multiple": true, "typeClass": "primitive", "value": ["DO7", "TBD"]}, {"typeName": "LASitemType", "multiple": false, "typeClass": "controlledVocabulary", "value": "Publication"}, {"typeName": "LASdateAdded", "multiple": false, "typeClass": "primitive", "value": "2018-01-19"}, {"typeName": "LASdateUpdated", "multiple": false, "typeClass": "primitive", "value": "2018-01-19"}, {"typeName": "LASpublication", "multiple": false, "typeClass": "compound", "value": {"LASpublisher": {"typeName": "LASpublisher", "multiple": false, "typeClass": "primitive", "value": "PrePub"}}}]}}}, "global_entity_id": 4796}