{"data": {"id": 1034, "versionState": "DRAFT", "productionDate": "Production Date", "lastUpdateTime": "2018-01-28T14:28:17Z", "createTime": "2018-01-19T20:54:48Z", "license": "CC0", "termsOfUse": "CC0 Waiver", "metadataBlocks": {"citation": {"displayName": "Citation Metadata", "fields": [{"typeName": "title", "multiple": false, "typeClass": "primitive", "value": "Unique Entity Estimation with Application to the Syrian Conflict"}, {"typeName": "author", "multiple": true, "typeClass": "compound", "value": [{"authorName": {"typeName": "authorName", "multiple": false, "typeClass": "primitive", "value": "Chen, Beidi"}, "authorAffiliation": {"typeName": "authorAffiliation", "multiple": false, "typeClass": "primitive", "value": "Duke University"}}, {"authorName": {"typeName": "authorName", "multiple": false, "typeClass": "primitive", "value": "Shrivastava, Anshumali"}, "authorAffiliation": {"typeName": "authorAffiliation", "multiple": false, "typeClass": "primitive", "value": "Duke University"}}, {"authorName": {"typeName": "authorName", "multiple": false, "typeClass": "primitive", "value": "Steorts, Rebecca C."}, "authorAffiliation": {"typeName": "authorAffiliation", "multiple": false, "typeClass": "primitive", "value": "Duke University"}}]}, {"typeName": "datasetContact", "multiple": true, "typeClass": "compound", "value": [{"datasetContactName": {"typeName": "datasetContactName", "multiple": false, "typeClass": "primitive", "value": "Steorts, Rebecca C."}, "datasetContactAffiliation": {"typeName": "datasetContactAffiliation", "multiple": false, "typeClass": "primitive", "value": "Duke University"}, "datasetContactEmail": {"typeName": "datasetContactEmail", "multiple": false, "typeClass": "primitive", "value": "rcs46@stat.duke.edu"}}]}, {"typeName": "dsDescription", "multiple": true, "typeClass": "compound", "value": [{"dsDescriptionValue": {"typeName": "dsDescriptionValue", "multiple": false, "typeClass": "primitive", "value": "Entity resolution identifies and removes duplicate entities in large, noisy databases and has grown in both usage and new developments as a result of increased data availability. Nevertheless, entity resolution has tradeoffs regarding assumptions of the data generation process, error rates, and computational scalability that make it a difficult task for real applications. In this paper, we focus on a related problem of unique entity estimation, which is the task of estimating the unique number of entities and associated standard errors in a data set with duplicate entities. Unique entity estimation shares many fundamental challenges of entity resolution, namely, that the computational cost of all-to-all entity comparisons is intractable for large databases. To circumvent this computational barrier, we propose an efficient (near-linear time) estimation algorithm based on locality sensitive hashing. Our estimator, under realistic assumptions, is unbiased and has provably low variance compared to existing random sampling based approaches. In addition, we empirically show its superiority over the state-of-the-art estimators on three real applications. The motivation for our work is to derive an accurate estimate of the documented, identifiable deaths in the ongoing Syrian conflict. Our methodology, when applied to the Syrian data set, provides an \r\nestimate of 191, 874 \u00b1 1772 documented, identifiable deaths, which is very close to the Human Rights Data Analysis Group (HRDAG) estimate of 191,369. Our work provides an example of challenges and efforts involved in solving a real, noisy challenging problem where modeling assumptions may not hold."}, "dsDescriptionDate": {"typeName": "dsDescriptionDate", "multiple": false, "typeClass": "primitive", "value": "2017-10-06"}}]}, {"typeName": "subject", "multiple": true, "typeClass": "controlledVocabulary", "value": ["Computer and Information Science", "Social Sciences"]}, {"typeName": "notesText", "multiple": false, "typeClass": "primitive", "value": "Submitted to Annals of Applied Statistics"}, {"typeName": "depositor", "multiple": false, "typeClass": "primitive", "value": "Nobblitt, Christopher"}, {"typeName": "dateOfDeposit", "multiple": false, "typeClass": "primitive", "value": "2018-01-19"}]}, "las": {"displayName": "LAS Metadata", "fields": [{"typeName": "LASkeywords", "multiple": true, "typeClass": "primitive", "value": ["DO7", "RS3", "CY7", "A182", "R226"]}, {"typeName": "LASitemType", "multiple": false, "typeClass": "controlledVocabulary", "value": "Publication"}, {"typeName": "LASdateAdded", "multiple": false, "typeClass": "primitive", "value": "2018-01-19"}, {"typeName": "LASdateUpdated", "multiple": false, "typeClass": "primitive", "value": "2018-01-19"}]}}}, "global_entity_id": 4800}