{"data": {"id": 1044, "versionState": "DRAFT", "productionDate": "Production Date", "lastUpdateTime": "2018-01-22T14:36:37Z", "createTime": "2018-01-22T14:36:37Z", "license": "CC0", "termsOfUse": "CC0 Waiver", "metadataBlocks": {"citation": {"displayName": "Citation Metadata", "fields": [{"typeName": "title", "multiple": false, "typeClass": "primitive", "value": "Better The News: Scalably Surfacing Newsworthy Storylines from  Real-Time Streaming News and Social Media Content"}, {"typeName": "author", "multiple": true, "typeClass": "compound", "value": [{"authorName": {"typeName": "authorName", "multiple": false, "typeClass": "primitive", "value": "Feblowitz, Mark"}, "authorAffiliation": {"typeName": "authorAffiliation", "multiple": false, "typeClass": "primitive", "value": "IBM T. J. Watson Research"}}, {"authorName": {"typeName": "authorName", "multiple": false, "typeClass": "primitive", "value": "Chang, Yuan-Chi"}, "authorAffiliation": {"typeName": "authorAffiliation", "multiple": false, "typeClass": "primitive", "value": "IBM T. J. Watson Research"}}, {"authorName": {"typeName": "authorName", "multiple": false, "typeClass": "primitive", "value": "Udrea, Octavian"}, "authorAffiliation": {"typeName": "authorAffiliation", "multiple": false, "typeClass": "primitive", "value": "IBM T. J. Watson Research"}}, {"authorName": {"typeName": "authorName", "multiple": false, "typeClass": "primitive", "value": "Pring, Edward"}, "authorAffiliation": {"typeName": "authorAffiliation", "multiple": false, "typeClass": "primitive", "value": "IBM T. J. Watson Research"}}, {"authorName": {"typeName": "authorName", "multiple": false, "typeClass": "primitive", "value": "Riabov, Anton"}, "authorAffiliation": {"typeName": "authorAffiliation", "multiple": false, "typeClass": "primitive", "value": "IBM T. J. Watson Research"}}, {"authorName": {"typeName": "authorName", "multiple": false, "typeClass": "primitive", "value": "Sohrabi, Shirin"}, "authorAffiliation": {"typeName": "authorAffiliation", "multiple": false, "typeClass": "primitive", "value": "IBM T. J. Watson Research"}}, {"authorName": {"typeName": "authorName", "multiple": false, "typeClass": "primitive", "value": "Turaga, Deepak"}, "authorAffiliation": {"typeName": "authorAffiliation", "multiple": false, "typeClass": "primitive", "value": "IBM T. J. Watson Research"}}]}, {"typeName": "datasetContact", "multiple": true, "typeClass": "compound", "value": [{"datasetContactName": {"typeName": "datasetContactName", "multiple": false, "typeClass": "primitive", "value": "IBM T. J. Watson Research"}, "datasetContactAffiliation": {"typeName": "datasetContactAffiliation", "multiple": false, "typeClass": "primitive", "value": "IBM"}, "datasetContactEmail": {"typeName": "datasetContactEmail", "multiple": false, "typeClass": "primitive", "value": "mfeb@us.ibm.com"}}]}, {"typeName": "dsDescription", "multiple": true, "typeClass": "compound", "value": [{"dsDescriptionValue": {"typeName": "dsDescriptionValue", "multiple": false, "typeClass": "primitive", "value": "Early awareness is key to identifying enterprise risk, and is especially\r\nimportant for making timely decisions. We introduce Better The News (BTN), a\r\n\r\ndeployed prototype that continuously monitors streaming content, analyzing se-\r\nlect content toward discovering salient emergent news. BTN can subscribe to\r\n\r\nstreaming sources of news and social media, continuously analyzing the content,\r\nseeking potentially valuable \u201cstorylines.\u201d A storyline is a grouping of information\r\nassets that are aligned with users\u2019 interests, especially those items that are near in\r\n\r\ntime and in topic. BTN identifies storylines by matching ingested streaming con-\r\ntent against a taxonomy of topics and by applying a novel means of denormaliz-\r\ning features toward generating large sets of topically and temporally associated\r\n\r\ncombinations of assets and storylines; some of these are deemed \u201cnewsworthy.\u201d\r\nResults are presented to analysts, for informed decision-making, and/or are fed\r\n\r\nto downstream analytics for further use as observational artifacts. The BTN pro-\r\ntotype software is currently operational in a large international corporation as part\r\n\r\nof a risk management initiative, deployed across 100+ countries, analyzing con-\r\ntent in multiple languages from hundreds of sources, at rates of tens of thousands\r\n\r\nof messages per hour. On a small hardware footprint, we make use of commer-\r\ncial stream processing software and scalable text analysis and reasoning. In this\r\n\r\nexperience report, we present BTN and discuss lessons learned from deployment.\r\nKeywords: stream computing, news analysis, denormalization"}}]}, {"typeName": "subject", "multiple": true, "typeClass": "controlledVocabulary", "value": ["Computer and Information Science"]}, {"typeName": "depositor", "multiple": false, "typeClass": "primitive", "value": "Nobblitt, Christopher"}, {"typeName": "dateOfDeposit", "multiple": false, "typeClass": "primitive", "value": "2018-01-22"}]}, "las": {"displayName": "LAS Metadata", "fields": [{"typeName": "LASkeywords", "multiple": true, "typeClass": "primitive", "value": ["DO7", "TBD"]}, {"typeName": "LASdateAdded", "multiple": false, "typeClass": "primitive", "value": "2018-01-22"}, {"typeName": "LASitemType", "multiple": false, "typeClass": "controlledVocabulary", "value": "Publication"}, {"typeName": "LASdateUpdated", "multiple": false, "typeClass": "primitive", "value": "2018-01-22"}]}}}, "global_entity_id": 4820}