{"data": {"id": 1052, "versionState": "DRAFT", "productionDate": "Production Date", "lastUpdateTime": "2018-01-22T15:37:11Z", "createTime": "2018-01-22T15:37:11Z", "license": "CC0", "termsOfUse": "CC0 Waiver", "metadataBlocks": {"citation": {"displayName": "Citation Metadata", "fields": [{"typeName": "title", "multiple": false, "typeClass": "primitive", "value": "Building Academic-Intelligence Collaboration: Observations from the Laboratory for Analytic Sciences"}, {"typeName": "author", "multiple": true, "typeClass": "compound", "value": [{"authorName": {"typeName": "authorName", "multiple": false, "typeClass": "primitive", "value": "Tyler, Beverly"}}]}, {"typeName": "datasetContact", "multiple": true, "typeClass": "compound", "value": [{"datasetContactName": {"typeName": "datasetContactName", "multiple": false, "typeClass": "primitive", "value": "Beverly, Tyler"}, "datasetContactEmail": {"typeName": "datasetContactEmail", "multiple": false, "typeClass": "primitive", "value": "TBD@TBD.com"}}]}, {"typeName": "dsDescription", "multiple": true, "typeClass": "compound", "value": [{"dsDescriptionValue": {"typeName": "dsDescriptionValue", "multiple": false, "typeClass": "primitive", "value": "In recent years administrators and academics at top U.S. research universities and the U.S.\r\nintelligence community (IC) have issued calls for more academic-industry- intelligence\r\ncollaboration. In 2008, the Office of the Director of National Intelligence released \u2018Intelligence\r\nCommunity Directive Number 205 (ICD 205): Analytic Outreach,\u2019 which charged intelligence\r\nanalysts to \u201cleverage outside expertise as part of their work.\u201d 1 Within this mandate, analysts are\r\nexpected to know the leading experts within the knowledge domains that made up their\r\nportfolios of analytic work and to seek opportunities to engage openly with them to \u201cexplore\r\nideas and alternative perspectives, gain new insights, generate new knowledge, or obtain new\r\ninformation,\u201d in order to challenge their assumptions, address cultural biases, and mitigate group\r\nthink. 2 The U.S. academic community has also focused more attention on increasing\r\ncollaboration with the U.S. intelligence community. In 2011, the U.S. National Research\r\nCouncil published a report, Intelligence Analysis for Tomorrow: Advances from the Behavioral\r\nand Social Sciences, sponsored by the Office of the Director of National Intelligence. The report\r\nrecommended that the intelligence community embed analysts in academic research settings to,\r\n\u201cparticipate in research and to network with [social and behavioral] scientists who can be\r\nconsulted later\u201d and that \u201cthe intelligence community should expand opportunities for\r\ncontinuous learning that will enhance collaboration, innovation, and growth in the application of\r\n[social and behavioral science] analytical skills. 3\r\nIn her presentation Dr. Beverly Tyler will share her experience with a recent model for\r\nestablishing interdisciplinary academic-industry-intelligence collaboration: the Laboratory for\r\nAnalytic Sciences (LAS). In 2013, the LAS was established by the National Security Agency\r\n(NSA) on the campus of North Carolina State University (NC State) to create interdisciplinary\r\ncollaborative teams of academic, intelligence, and industry partners. The NSA established an\r\nagreement with NC State for university appointed LAS leadership to manage delivery orders\r\ndeveloped by the agency and NSA LAS leadership to contract with academics and industry\r\npartners for work on projects with government employees located on NC State campus. Teams\r\nconsisting of government staff, academics, and industry partners were formed to conduct\r\nclassified and unclassified research on new technologies and tradecraft aimed to help intelligence\r\nanalysts solve future intelligence problems. With increasing calls for academic-intelligence\r\ncollaboration, it is worthwhile to look at the LAS to understand the challenges and successes in\r\noperationalizing and institutionalizing these kinds of engagements. Dr. Tyler will discuss how\r\nthe LAS has been evolving since 2013 to adapt to various organizational, cultural, and structural\r\nneeds for interdisciplinary, inter-institutional research, and what this body of knowledge can tell\r\nus about lessons learned to help with future academic-industry-intelligence collaborations."}}]}, {"typeName": "subject", "multiple": true, "typeClass": "controlledVocabulary", "value": ["Business and Management", "Social Sciences"]}, {"typeName": "depositor", "multiple": false, "typeClass": "primitive", "value": "Nobblitt, Christopher"}, {"typeName": "dateOfDeposit", "multiple": false, "typeClass": "primitive", "value": "2018-01-22"}]}, "las": {"displayName": "LAS Metadata", "fields": [{"typeName": "LASkeywords", "multiple": true, "typeClass": "primitive", "value": ["DO7", "TBD"]}, {"typeName": "LASitemType", "multiple": false, "typeClass": "controlledVocabulary", "value": "Presentation"}, {"typeName": "LASdateAdded", "multiple": false, "typeClass": "primitive", "value": "2018-01-22"}, {"typeName": "LASdateUpdated", "multiple": false, "typeClass": "primitive", "value": "2018-01-22"}, {"typeName": "LASpresentation", "multiple": true, "typeClass": "compound", "value": [{"LASeventName": {"typeName": "LASeventName", "multiple": false, "typeClass": "primitive", "value": "TBD"}, "LASeventLocation": {"typeName": "LASeventLocation", "multiple": false, "typeClass": "primitive", "value": "Trinity University"}, "LASdatePresented": {"typeName": "LASdatePresented", "multiple": false, "typeClass": "primitive", "value": "2017-06-20"}}]}]}}}, "global_entity_id": 4836}