{"data": {"id": 1054, "versionState": "DRAFT", "productionDate": "Production Date", "lastUpdateTime": "2018-01-27T23:52:46Z", "createTime": "2018-01-22T15:47:05Z", "license": "CC0", "termsOfUse": "CC0 Waiver", "metadataBlocks": {"citation": {"displayName": "Citation Metadata", "fields": [{"typeName": "title", "multiple": false, "typeClass": "primitive", "value": "A Knowledge-based Topic Model for Topical Phrases Discovery"}, {"typeName": "author", "multiple": true, "typeClass": "compound", "value": [{"authorName": {"typeName": "authorName", "multiple": false, "typeClass": "primitive", "value": "Samatova, Nagiza"}, "authorAffiliation": {"typeName": "authorAffiliation", "multiple": false, "typeClass": "primitive", "value": "North Carolina State University"}}, {"authorName": {"typeName": "authorName", "multiple": false, "typeClass": "primitive", "value": "Xu, Mingyang"}, "authorAffiliation": {"typeName": "authorAffiliation", "multiple": false, "typeClass": "primitive", "value": "North Carolina State University"}}]}, {"typeName": "datasetContact", "multiple": true, "typeClass": "compound", "value": [{"datasetContactName": {"typeName": "datasetContactName", "multiple": false, "typeClass": "primitive", "value": "Samatova, Nagiza"}, "datasetContactAffiliation": {"typeName": "datasetContactAffiliation", "multiple": false, "typeClass": "primitive", "value": "North Carolina State University"}, "datasetContactEmail": {"typeName": "datasetContactEmail", "multiple": false, "typeClass": "primitive", "value": "nfsamato@ncsu.edu"}}]}, {"typeName": "dsDescription", "multiple": true, "typeClass": "compound", "value": [{"dsDescriptionValue": {"typeName": "dsDescriptionValue", "multiple": false, "typeClass": "primitive", "value": "Anonymous submission to IJCNLP 2017, Review Copy\r\n\r\nPhrase discovery topic models aim to extract the major topics (themes) from a corpus by discovering sets of important and related phrases. Existing models typically require large amounts of data to provide reliable statistics for phrase and topic discovery, thus limiting their performance in scenarios with limited data.\r\n\r\nTo address this limitation, we propose a knowledge-based phrase discovery topic\r\nmodel that incorporates two types of external knowledge: phrase knowledge, and phrase-to-phrase knowledge. Phrase knowledge guides the discovery of meaningful phrases by leveraging a set of pre-identified exemplar phrases; phrase-to-phrase knowledge guides the discovery of meaningful topics by exploiting a set of pre-identified pairs of related phrases. Experimental results show that our method outperforms the state-of-the-art baseline on both small and large datasets, extracting more meaningful phrases and coherent topics."}, "dsDescriptionDate": {"typeName": "dsDescriptionDate", "multiple": false, "typeClass": "primitive", "value": "2017-07-11"}}]}, {"typeName": "subject", "multiple": true, "typeClass": "controlledVocabulary", "value": ["Computer and Information Science", "Social Sciences"]}, {"typeName": "depositor", "multiple": false, "typeClass": "primitive", "value": "Nobblitt, Christopher"}, {"typeName": "dateOfDeposit", "multiple": false, "typeClass": "primitive", "value": "2018-01-22"}]}, "las": {"displayName": "LAS Metadata", "fields": [{"typeName": "LASkeywords", "multiple": true, "typeClass": "primitive", "value": ["DO7", "NS1", "AC7", "A159", "R232"]}, {"typeName": "LASdateAdded", "multiple": false, "typeClass": "primitive", "value": "2018-01-22"}, {"typeName": "LASitemType", "multiple": false, "typeClass": "controlledVocabulary", "value": "Publication"}, {"typeName": "LASdateUpdated", "multiple": false, "typeClass": "primitive", "value": "2018-01-22"}, {"typeName": "LASpublication", "multiple": false, "typeClass": "compound", "value": {"LASpublisher": {"typeName": "LASpublisher", "multiple": false, "typeClass": "primitive", "value": "IJCNLP 2017"}}}]}}}, "global_entity_id": 4840}