{"data": {"id": 1057, "versionState": "DRAFT", "productionDate": "Production Date", "lastUpdateTime": "2018-01-22T15:59:54Z", "createTime": "2018-01-22T15:59:54Z", "license": "CC0", "termsOfUse": "CC0 Waiver", "metadataBlocks": {"citation": {"displayName": "Citation Metadata", "fields": [{"typeName": "title", "multiple": false, "typeClass": "primitive", "value": "Better the News IBM Streams and Stream Computing  Scenario Planning Advisor From Stream Analysis to Machine Foresight"}, {"typeName": "author", "multiple": true, "typeClass": "compound", "value": [{"authorName": {"typeName": "authorName", "multiple": false, "typeClass": "primitive", "value": "Feblowitz, Mark"}, "authorAffiliation": {"typeName": "authorAffiliation", "multiple": false, "typeClass": "primitive", "value": "IBM Research"}}, {"authorName": {"typeName": "authorName", "multiple": false, "typeClass": "primitive", "value": "Udrea, Octavian"}, "authorAffiliation": {"typeName": "authorAffiliation", "multiple": false, "typeClass": "primitive", "value": "IBM Research"}}, {"authorName": {"typeName": "authorName", "multiple": false, "typeClass": "primitive", "value": "Sohrabi, Shirin"}, "authorAffiliation": {"typeName": "authorAffiliation", "multiple": false, "typeClass": "primitive", "value": "IBM Research"}}, {"authorName": {"typeName": "authorName", "multiple": false, "typeClass": "primitive", "value": "Katz, Michael"}, "authorAffiliation": {"typeName": "authorAffiliation", "multiple": false, "typeClass": "primitive", "value": "IBM Research"}}, {"authorName": {"typeName": "authorName", "multiple": false, "typeClass": "primitive", "value": "Turaga, Deepak"}, "authorAffiliation": {"typeName": "authorAffiliation", "multiple": false, "typeClass": "primitive", "value": "IBM Research"}}, {"authorName": {"typeName": "authorName", "multiple": false, "typeClass": "primitive", "value": "Halim, Nagui"}, "authorAffiliation": {"typeName": "authorAffiliation", "multiple": false, "typeClass": "primitive", "value": "IBM Research"}}]}, {"typeName": "datasetContact", "multiple": true, "typeClass": "compound", "value": [{"datasetContactName": {"typeName": "datasetContactName", "multiple": false, "typeClass": "primitive", "value": "IBM Research"}, "datasetContactAffiliation": {"typeName": "datasetContactAffiliation", "multiple": false, "typeClass": "primitive", "value": "IBM"}, "datasetContactEmail": {"typeName": "datasetContactEmail", "multiple": false, "typeClass": "primitive", "value": "TBD@TBD.com"}}]}, {"typeName": "dsDescription", "multiple": true, "typeClass": "compound", "value": [{"dsDescriptionValue": {"typeName": "dsDescriptionValue", "multiple": false, "typeClass": "primitive", "value": "Scenario Planning Advisor presentation by IBM Research team.\r\n\r\nIBM Streams can help with the processing of many diverse data sources and much content\r\nBTN is one example of of the analytics and the logistics of doing so, using Streams\r\nSPA is a domain-independent projector of imagined futures, for risk analysis (CoA foundation)"}}]}, {"typeName": "subject", "multiple": true, "typeClass": "controlledVocabulary", "value": ["Computer and Information Science"]}, {"typeName": "depositor", "multiple": false, "typeClass": "primitive", "value": "Nobblitt, Christopher"}, {"typeName": "dateOfDeposit", "multiple": false, "typeClass": "primitive", "value": "2018-01-22"}]}, "las": {"displayName": "LAS Metadata", "fields": [{"typeName": "LASkeywords", "multiple": true, "typeClass": "primitive", "value": ["DO7", "TBD"]}, {"typeName": "LASitemType", "multiple": false, "typeClass": "controlledVocabulary", "value": "Presentation"}, {"typeName": "LASdateAdded", "multiple": false, "typeClass": "primitive", "value": "2018-01-22"}, {"typeName": "LASdateUpdated", "multiple": false, "typeClass": "primitive", "value": "2018-01-22"}, {"typeName": "LASpresentation", "multiple": true, "typeClass": "compound", "value": [{"LASeventName": {"typeName": "LASeventName", "multiple": false, "typeClass": "primitive", "value": "TBD"}, "LASeventLocation": {"typeName": "LASeventLocation", "multiple": false, "typeClass": "primitive", "value": "TBD"}}]}]}}}, "global_entity_id": 4846}