{"data": {"id": 1059, "versionState": "DRAFT", "productionDate": "Production Date", "lastUpdateTime": "2018-01-22T16:13:06Z", "createTime": "2018-01-22T16:13:06Z", "license": "CC0", "termsOfUse": "CC0 Waiver", "metadataBlocks": {"citation": {"displayName": "Citation Metadata", "fields": [{"typeName": "title", "multiple": false, "typeClass": "primitive", "value": "IoT Device Detection and Analysis   Kickoff Meeting"}, {"typeName": "author", "multiple": true, "typeClass": "compound", "value": [{"authorName": {"typeName": "authorName", "multiple": false, "typeClass": "primitive", "value": "Viniotis, Yannis"}, "authorAffiliation": {"typeName": "authorAffiliation", "multiple": false, "typeClass": "primitive", "value": "North Carolina State University"}}, {"authorName": {"typeName": "authorName", "multiple": false, "typeClass": "primitive", "value": "Sichitiu, Mihail"}, "authorAffiliation": {"typeName": "authorAffiliation", "multiple": false, "typeClass": "primitive", "value": "North Carolina State University"}}]}, {"typeName": "datasetContact", "multiple": true, "typeClass": "compound", "value": [{"datasetContactName": {"typeName": "datasetContactName", "multiple": false, "typeClass": "primitive", "value": "Viniotis, Yannis"}, "datasetContactAffiliation": {"typeName": "datasetContactAffiliation", "multiple": false, "typeClass": "primitive", "value": "North Carolina State University"}, "datasetContactEmail": {"typeName": "datasetContactEmail", "multiple": false, "typeClass": "primitive", "value": "candice@ncsu.edu"}}, {"datasetContactName": {"typeName": "datasetContactName", "multiple": false, "typeClass": "primitive", "value": "Sichitiu, Mihail"}, "datasetContactAffiliation": {"typeName": "datasetContactAffiliation", "multiple": false, "typeClass": "primitive", "value": "North Carolina State University"}, "datasetContactEmail": {"typeName": "datasetContactEmail", "multiple": false, "typeClass": "primitive", "value": "mlsichit@ncsu.edu"}}]}, {"typeName": "dsDescription", "multiple": true, "typeClass": "compound", "value": [{"dsDescriptionValue": {"typeName": "dsDescriptionValue", "multiple": false, "typeClass": "primitive", "value": "Presentation from Yannis Viniotis and Mihail Sichitiu, NCSU Department of Electrical and Computer Engineering, about the IoT Device Detection and Analysis Kickoff Meeting"}}]}, {"typeName": "subject", "multiple": true, "typeClass": "controlledVocabulary", "value": ["Business and Management", "Computer and Information Science"]}, {"typeName": "depositor", "multiple": false, "typeClass": "primitive", "value": "Nobblitt, Christopher"}, {"typeName": "dateOfDeposit", "multiple": false, "typeClass": "primitive", "value": "2018-01-22"}]}, "las": {"displayName": "LAS Metadata", "fields": [{"typeName": "LASkeywords", "multiple": true, "typeClass": "primitive", "value": ["DO7", "TBD"]}, {"typeName": "LASdateAdded", "multiple": false, "typeClass": "primitive", "value": "2018-01-22"}, {"typeName": "LASitemType", "multiple": false, "typeClass": "controlledVocabulary", "value": "Presentation"}, {"typeName": "LASdateUpdated", "multiple": false, "typeClass": "primitive", "value": "2018-01-22"}, {"typeName": "LASpresentation", "multiple": true, "typeClass": "compound", "value": [{"LASeventName": {"typeName": "LASeventName", "multiple": false, "typeClass": "primitive", "value": "IoT Device Detection and Analysis Kickoff"}, "LASeventLocation": {"typeName": "LASeventLocation", "multiple": false, "typeClass": "primitive", "value": "LAS"}}]}]}}}, "global_entity_id": 4850}