{"data": {"id": 1076, "versionState": "DRAFT", "productionDate": "Production Date", "lastUpdateTime": "2018-01-22T20:58:54Z", "createTime": "2018-01-22T20:58:54Z", "license": "CC0", "termsOfUse": "CC0 Waiver", "metadataBlocks": {"citation": {"displayName": "Citation Metadata", "fields": [{"typeName": "title", "multiple": false, "typeClass": "primitive", "value": "Global governance at the energy-security nexus: Lessons from UNSCR 1540"}, {"typeName": "author", "multiple": true, "typeClass": "compound", "value": [{"authorName": {"typeName": "authorName", "multiple": false, "typeClass": "primitive", "value": "Early, Bryan R."}, "authorAffiliation": {"typeName": "authorAffiliation", "multiple": false, "typeClass": "primitive", "value": "University at Albany, State University of New York"}}, {"authorName": {"typeName": "authorName", "multiple": false, "typeClass": "primitive", "value": "Nance, Mark T."}, "authorAffiliation": {"typeName": "authorAffiliation", "multiple": false, "typeClass": "primitive", "value": "North Carolina State University"}}, {"authorName": {"typeName": "authorName", "multiple": false, "typeClass": "primitive", "value": "Cottrell, M. Patrick"}, "authorAffiliation": {"typeName": "authorAffiliation", "multiple": false, "typeClass": "primitive", "value": "Linfield College"}}]}, {"typeName": "datasetContact", "multiple": true, "typeClass": "compound", "value": [{"datasetContactName": {"typeName": "datasetContactName", "multiple": false, "typeClass": "primitive", "value": "Nance, Mark T."}, "datasetContactAffiliation": {"typeName": "datasetContactAffiliation", "multiple": false, "typeClass": "primitive", "value": "North Carolina State University"}, "datasetContactEmail": {"typeName": "datasetContactEmail", "multiple": false, "typeClass": "primitive", "value": "mtnance@ncsu.edu"}}]}, {"typeName": "dsDescription", "multiple": true, "typeClass": "compound", "value": [{"dsDescriptionValue": {"typeName": "dsDescriptionValue", "multiple": false, "typeClass": "primitive", "value": "Advances in nuclear, biological, and chemical technologies have transformational potential related to\r\nthe global energy supply chain. At the same time, those advances pose significant security risks because\r\nthose the same technologies can be diverted for violent purposes. Recognizing this threat, the United\r\nNations Security Council in 2004 took the unprecedented step of invoking its Chapter VII authority to\r\n\r\npass Resolution 1540, which obligated all UN members to develop, implement, and report on a compre-\r\nhensive regulatory system for tracking the production and distribution of technology related to weapons\r\n\r\nof mass destruction (WMD). The resolution reflected a new international commitment to preventing the\r\nproliferation of WMD and a potentially revolutionary approach to transnational regulation. In contrast\r\nto traditional approaches that rely on rigorous third-party monitoring, verification, and enforcement,\r\nUNSCR 1540 relies on a more dynamic and iterative process of norm elaboration and dissemination\r\n\r\nthat strengthens the social fabric necessary to react to emerging threats. While UNSCR 1540 faces ongo-\r\ning challenges, it also holds promise as a model of cooperative governance in particularly complex and\r\n\r\nsensitive issues, such as those that characterize politics at the energy-security nexus."}, "dsDescriptionDate": {"typeName": "dsDescriptionDate", "multiple": false, "typeClass": "primitive", "value": "2017-01-03"}}]}, {"typeName": "subject", "multiple": true, "typeClass": "controlledVocabulary", "value": ["Business and Management", "Earth and Environmental Sciences", "Social Sciences"]}, {"typeName": "depositor", "multiple": false, "typeClass": "primitive", "value": "Nobblitt, Christopher"}, {"typeName": "dateOfDeposit", "multiple": false, "typeClass": "primitive", "value": "2018-01-22"}]}, "las": {"displayName": "LAS Metadata", "fields": [{"typeName": "LASkeywords", "multiple": true, "typeClass": "primitive", "value": ["DO7", "TBD"]}, {"typeName": "LASitemType", "multiple": false, "typeClass": "controlledVocabulary", "value": "Publication"}, {"typeName": "LASdateAdded", "multiple": false, "typeClass": "primitive", "value": "2018-01-22"}, {"typeName": "LASdateUpdated", "multiple": false, "typeClass": "primitive", "value": "2018-01-22"}, {"typeName": "LASpublication", "multiple": false, "typeClass": "compound", "value": {"LASpublisher": {"typeName": "LASpublisher", "multiple": false, "typeClass": "primitive", "value": "Elsevier"}, "LASjournal": {"typeName": "LASjournal", "multiple": false, "typeClass": "primitive", "value": "Energy Research & Social Science"}, "LASvolume": {"typeName": "LASvolume", "multiple": false, "typeClass": "primitive", "value": "24 "}, "LASpages": {"typeName": "LASpages", "multiple": false, "typeClass": "primitive", "value": "94-101"}}}]}}}, "global_entity_id": 4884}