{"data": {"id": 1078, "versionState": "DRAFT", "productionDate": "Production Date", "lastUpdateTime": "2018-02-11T23:17:41Z", "createTime": "2018-01-22T21:15:20Z", "license": "CC0", "termsOfUse": "CC0 Waiver", "metadataBlocks": {"citation": {"displayName": "Citation Metadata", "fields": [{"typeName": "title", "multiple": false, "typeClass": "primitive", "value": "A Survey of Process-Aware Attack Detection in Cyber-Physical Systems"}, {"typeName": "author", "multiple": true, "typeClass": "compound", "value": [{"authorName": {"typeName": "authorName", "multiple": false, "typeClass": "primitive", "value": "Giraldo, Jairo"}, "authorAffiliation": {"typeName": "authorAffiliation", "multiple": false, "typeClass": "primitive", "value": "University of Texas at Dallas"}}, {"authorName": {"typeName": "authorName", "multiple": false, "typeClass": "primitive", "value": "Urbina, David"}, "authorAffiliation": {"typeName": "authorAffiliation", "multiple": false, "typeClass": "primitive", "value": "University of Texas at Dallas"}}, {"authorName": {"typeName": "authorName", "multiple": false, "typeClass": "primitive", "value": "Cardenas, Alvaro"}, "authorAffiliation": {"typeName": "authorAffiliation", "multiple": false, "typeClass": "primitive", "value": "University of Texas at Dallas"}}, {"authorName": {"typeName": "authorName", "multiple": false, "typeClass": "primitive", "value": "Valente, Julnia"}, "authorAffiliation": {"typeName": "authorAffiliation", "multiple": false, "typeClass": "primitive", "value": "University of Texas at Dallas"}}, {"authorName": {"typeName": "authorName", "multiple": false, "typeClass": "primitive", "value": "Faisal, Mustafa"}, "authorAffiliation": {"typeName": "authorAffiliation", "multiple": false, "typeClass": "primitive", "value": "University of Texas at Dallas"}}, {"authorName": {"typeName": "authorName", "multiple": false, "typeClass": "primitive", "value": "Ruths, Justin"}, "authorAffiliation": {"typeName": "authorAffiliation", "multiple": false, "typeClass": "primitive", "value": "University of Texas at Dallas"}}, {"authorName": {"typeName": "authorName", "multiple": false, "typeClass": "primitive", "value": "Tippenhauer, Nils Ole"}, "authorAffiliation": {"typeName": "authorAffiliation", "multiple": false, "typeClass": "primitive", "value": "Singapore University of Technology and Design"}}, {"authorName": {"typeName": "authorName", "multiple": false, "typeClass": "primitive", "value": "Sandberg, Henrik"}, "authorAffiliation": {"typeName": "authorAffiliation", "multiple": false, "typeClass": "primitive", "value": "KTH Royal Institute of Technology"}}, {"authorName": {"typeName": "authorName", "multiple": false, "typeClass": "primitive", "value": "Candell, Richard"}, "authorAffiliation": {"typeName": "authorAffiliation", "multiple": false, "typeClass": "primitive", "value": "National Institute of Standards and Technology"}}]}, {"typeName": "datasetContact", "multiple": true, "typeClass": "compound", "value": [{"datasetContactName": {"typeName": "datasetContactName", "multiple": false, "typeClass": "primitive", "value": "Cardenas, Alvaro"}, "datasetContactAffiliation": {"typeName": "datasetContactAffiliation", "multiple": false, "typeClass": "primitive", "value": "University of Texas -- Dallas"}, "datasetContactEmail": {"typeName": "datasetContactEmail", "multiple": false, "typeClass": "primitive", "value": "Alvaro.Cardenas@utdallas.edu"}}]}, {"typeName": "dsDescription", "multiple": true, "typeClass": "compound", "value": [{"dsDescriptionValue": {"typeName": "dsDescriptionValue", "multiple": false, "typeClass": "primitive", "value": "Monitoring the \u201cphysics\u201d of control systems to detect attacks is a growing area of research. In its basic form a security monitor creates time-series models of sensor readings for an industrial control system and identifies anomalies in these measurements in order to identify potentially false control commands or false\r\nsensor readings. In this paper, we review previous work based on a unified taxonomy that allows us to identify limitations, unexplored challenges, and new solutions. In particular, we propose a new adversary model and a way to compare previous work with a new evaluation metric based on the trade-off between false alarms and the negative impact of undetected attacks. We also show the advantages and disadvantages of three experimental scenarios to test the performance of attacks and defenses: real-world network data captured from a large-scale operational facility, a fully-functional testbed that can be used operationally for water treatment, and a simulation of frequency control in the power grid."}, "dsDescriptionDate": {"typeName": "dsDescriptionDate", "multiple": false, "typeClass": "primitive", "value": "2017-04-25"}}]}, {"typeName": "subject", "multiple": true, "typeClass": "controlledVocabulary", "value": ["Computer and Information Science"]}, {"typeName": "depositor", "multiple": false, "typeClass": "primitive", "value": "Nobblitt, Christopher"}, {"typeName": "dateOfDeposit", "multiple": false, "typeClass": "primitive", "value": "2018-01-22"}]}, "las": {"displayName": "LAS Metadata", "fields": [{"typeName": "LASkeywords", "multiple": true, "typeClass": "primitive", "value": ["DO7", "TBD"]}, {"typeName": "LASitemType", "multiple": false, "typeClass": "controlledVocabulary", "value": "Publication"}, {"typeName": "LASdateAdded", "multiple": false, "typeClass": "primitive", "value": "2018-01-22"}, {"typeName": "LASdateUpdated", "multiple": false, "typeClass": "primitive", "value": "2018-01-22"}, {"typeName": "LASpublication", "multiple": false, "typeClass": "compound", "value": {"LASpublisher": {"typeName": "LASpublisher", "multiple": false, "typeClass": "primitive", "value": "ACM"}, "LASjournal": {"typeName": "LASjournal", "multiple": false, "typeClass": "primitive", "value": "Computer Surv."}, "LASvolume": {"typeName": "LASvolume", "multiple": false, "typeClass": "primitive", "value": "1"}, "LASpages": {"typeName": "LASpages", "multiple": false, "typeClass": "primitive", "value": "34"}}}]}}}, "global_entity_id": 4888}