{"data": {"id": 1080, "versionState": "DRAFT", "productionDate": "Production Date", "lastUpdateTime": "2018-01-28T00:23:44Z", "createTime": "2018-01-23T12:43:23Z", "license": "CC0", "termsOfUse": "CC0 Waiver", "metadataBlocks": {"citation": {"displayName": "Citation Metadata", "fields": [{"typeName": "title", "multiple": false, "typeClass": "primitive", "value": "The Utility of Beautiful Visualizations"}, {"typeName": "author", "multiple": true, "typeClass": "compound", "value": [{"authorName": {"typeName": "authorName", "multiple": false, "typeClass": "primitive", "value": "Tateosian, Laura"}, "authorAffiliation": {"typeName": "authorAffiliation", "multiple": false, "typeClass": "primitive", "value": "North Carolina State University"}}, {"authorName": {"typeName": "authorName", "multiple": false, "typeClass": "primitive", "value": "Amindarbari, Reza"}, "authorAffiliation": {"typeName": "authorAffiliation", "multiple": false, "typeClass": "primitive", "value": "North Carolina State University"}}, {"authorName": {"typeName": "authorName", "multiple": false, "typeClass": "primitive", "value": "Healey, Christopher"}, "authorAffiliation": {"typeName": "authorAffiliation", "multiple": false, "typeClass": "primitive", "value": "North Carolina State University"}}, {"authorName": {"typeName": "authorName", "multiple": false, "typeClass": "primitive", "value": "Kozik, Pavel"}, "authorAffiliation": {"typeName": "authorAffiliation", "multiple": false, "typeClass": "primitive", "value": "University of British Columbia Vancouver"}}, {"authorName": {"typeName": "authorName", "multiple": false, "typeClass": "primitive", "value": "Enns, James"}, "authorAffiliation": {"typeName": "authorAffiliation", "multiple": false, "typeClass": "primitive", "value": "University of British Columbia Vancouver"}}]}, {"typeName": "datasetContact", "multiple": true, "typeClass": "compound", "value": [{"datasetContactName": {"typeName": "datasetContactName", "multiple": false, "typeClass": "primitive", "value": "Tateosian, Laura"}, "datasetContactAffiliation": {"typeName": "datasetContactAffiliation", "multiple": false, "typeClass": "primitive", "value": "North Carolina State University, Center for Geospatial Analytics"}, "datasetContactEmail": {"typeName": "datasetContactEmail", "multiple": false, "typeClass": "primitive", "value": "lgtateos@ncsu.edu"}}]}, {"typeName": "dsDescription", "multiple": true, "typeClass": "compound", "value": [{"dsDescriptionValue": {"typeName": "dsDescriptionValue", "multiple": false, "typeClass": "primitive", "value": "Geovisualizations provide a means to inspect large complex multi-variate datasets for information that would not otherwise be available with a tabular view or summary statistics alone. Aesthetically appealing visualizations can elicit prolonged exploration and encourage discovery. Creating data geovisualizations that are effective and beautiful is an important yet difficult challenge. Here we present a tool for rendering geo-visualizations of continuous spatial data using the painterly techniques of impressionist-era artists. The techniques, which have been tested in controlled studies, vary the visual properties (e.g., hue, size, and tilt) of brush strokes to represent multiple data attributes simultaneously in each location. To demonstrate this technique, we render two examples 1) weather data attributes (e.g., temperature, windspeed, atmospheric pressure) from the NOAA Global Forecast System and 2) fragile state indices as assessed bu Foreign Policy Magazine. These examples demonstrate how open source geospatial visualizations can harness aesthetics to enhance visual communication and viewer engagement."}, "dsDescriptionDate": {"typeName": "dsDescriptionDate", "multiple": false, "typeClass": "primitive", "value": "2017-06-01"}}]}, {"typeName": "subject", "multiple": true, "typeClass": "controlledVocabulary", "value": ["Arts and Humanities", "Computer and Information Science", "Earth and Environmental Sciences"]}, {"typeName": "depositor", "multiple": false, "typeClass": "primitive", "value": "Nobblitt, Christopher"}, {"typeName": "dateOfDeposit", "multiple": false, "typeClass": "primitive", "value": "2018-01-23"}]}, "las": {"displayName": "LAS Metadata", "fields": [{"typeName": "LASkeywords", "multiple": true, "typeClass": "primitive", "value": ["DO7", "LT1", "T7", "A162", "R226", "CH1"]}, {"typeName": "LASitemType", "multiple": false, "typeClass": "controlledVocabulary", "value": "Publication"}, {"typeName": "LASdateAdded", "multiple": false, "typeClass": "primitive", "value": "2018-01-23"}, {"typeName": "LASdateUpdated", "multiple": false, "typeClass": "primitive", "value": "2018-01-23"}, {"typeName": "LASdistributionURL", "multiple": false, "typeClass": "primitive", "value": "https://scholarworks.umass.edu/cgi/viewcontent.cgi?referer=http://scholar.google.com/&httpsredir=1&article=1023&context=foss4g"}, {"typeName": "LASpublication", "multiple": false, "typeClass": "compound", "value": {"LASpublisher": {"typeName": "LASpublisher", "multiple": false, "typeClass": "primitive", "value": "Free and Open Source Software for Geospatial (FOSS4G) Conference Proceedings"}}}]}}}, "global_entity_id": 4892}