{"data": {"id": 1083, "versionState": "DRAFT", "productionDate": "Production Date", "lastUpdateTime": "2018-01-28T15:43:50Z", "createTime": "2018-01-23T13:00:08Z", "license": "CC0", "termsOfUse": "CC0 Waiver", "metadataBlocks": {"citation": {"displayName": "Citation Metadata", "fields": [{"typeName": "title", "multiple": false, "typeClass": "primitive", "value": "A Generative Stochastic Model for Simulating Social Protest"}, {"typeName": "author", "multiple": true, "typeClass": "compound", "value": [{"authorName": {"typeName": "authorName", "multiple": false, "typeClass": "primitive", "value": "Subramanian, Dharmashankar"}, "authorAffiliation": {"typeName": "authorAffiliation", "multiple": false, "typeClass": "primitive", "value": "IBM Research"}}, {"authorName": {"typeName": "authorName", "multiple": false, "typeClass": "primitive", "value": "Titus, Lucia L."}, "authorAffiliation": {"typeName": "authorAffiliation", "multiple": false, "typeClass": "primitive", "value": "North Carolina State University"}}]}, {"typeName": "datasetContact", "multiple": true, "typeClass": "compound", "value": [{"datasetContactName": {"typeName": "datasetContactName", "multiple": false, "typeClass": "primitive", "value": "Titus, Lucia L."}, "datasetContactAffiliation": {"typeName": "datasetContactAffiliation", "multiple": false, "typeClass": "primitive", "value": "LAS"}, "datasetContactEmail": {"typeName": "datasetContactEmail", "multiple": false, "typeClass": "primitive", "value": "lltitus@ncsu.edu"}}, {"datasetContactName": {"typeName": "datasetContactName", "multiple": false, "typeClass": "primitive", "value": "Dinger, Tim"}, "datasetContactAffiliation": {"typeName": "datasetContactAffiliation", "multiple": false, "typeClass": "primitive", "value": "IBM Research"}, "datasetContactEmail": {"typeName": "datasetContactEmail", "multiple": false, "typeClass": "primitive", "value": "dinger@us.ibm.com"}}]}, {"typeName": "dsDescription", "multiple": true, "typeClass": "compound", "value": [{"dsDescriptionValue": {"typeName": "dsDescriptionValue", "multiple": false, "typeClass": "primitive", "value": "Civilian protest is a complex phenomenon where large numbers of protestors participate in demonstrations. It involves multiple groups, various trigger events and social reinforcement where groups excite each other. We present a graphical generative model in which a baseline spontaneous process may undergo excitation\r\ndue to external triggers, as well as inter-group contagion. We define a trigger-conditional multivariate Hawkes process, where excitation is conditional on the presence of active triggers. An arrival in this process corresponds to a batch of protestors, and random marks on the arrival serve to capture both the excitation-related parameters as well as the size of protest. The batch arrival intensity and the batch size,\r\nwhile mutually independent, exhibit respective history-dependence due to memory that is modeled in the excitation phenomena. We present a simulation algorithm for generating sample paths, and results on realistic model instances."}}]}, {"typeName": "subject", "multiple": true, "typeClass": "controlledVocabulary", "value": ["Computer and Information Science", "Social Sciences"]}, {"typeName": "depositor", "multiple": false, "typeClass": "primitive", "value": "Nobblitt, Christopher"}, {"typeName": "dateOfDeposit", "multiple": false, "typeClass": "primitive", "value": "2018-01-23"}]}, "las": {"displayName": "LAS Metadata", "fields": [{"typeName": "LASkeywords", "multiple": true, "typeClass": "primitive", "value": ["DO6", "LT2", "TD1", "R6", "BA6", "A193", "R179"]}, {"typeName": "LASdateAdded", "multiple": false, "typeClass": "primitive", "value": "2018-01-23"}, {"typeName": "LASitemType", "multiple": false, "typeClass": "controlledVocabulary", "value": "Publication"}, {"typeName": "LASdateUpdated", "multiple": false, "typeClass": "primitive", "value": "2018-01-23"}, {"typeName": "LASpresentation", "multiple": true, "typeClass": "compound", "value": [{"LASeventName": {"typeName": "LASeventName", "multiple": false, "typeClass": "primitive", "value": "Proceedings of the 2017 Winter Simulation Conference"}}]}]}}}, "global_entity_id": 4898}