{"data": {"id": 1088, "versionState": "DRAFT", "productionDate": "Production Date", "lastUpdateTime": "2018-01-23T14:25:03Z", "createTime": "2018-01-23T14:25:03Z", "license": "CC0", "termsOfUse": "CC0 Waiver", "metadataBlocks": {"citation": {"displayName": "Citation Metadata", "fields": [{"typeName": "title", "multiple": false, "typeClass": "primitive", "value": "Learning Contextual Embeddings for Knowledge Graph Completion Completed Research Paper"}, {"typeName": "author", "multiple": true, "typeClass": "compound", "value": [{"authorName": {"typeName": "authorName", "multiple": false, "typeClass": "primitive", "value": "TBD"}}]}, {"typeName": "datasetContact", "multiple": true, "typeClass": "compound", "value": [{"datasetContactEmail": {"typeName": "datasetContactEmail", "multiple": false, "typeClass": "primitive", "value": "TBD@TBD.com"}}]}, {"typeName": "dsDescription", "multiple": true, "typeClass": "compound", "value": [{"dsDescriptionValue": {"typeName": "dsDescriptionValue", "multiple": false, "typeClass": "primitive", "value": "Knowledge Graphs (KGs) have recently become mainstream in IT companies, such as Google,\r\nFacebook, Microsoft, and Yahoo, as a way of storing information about entities and enhancing search\r\nresults based on the captured semantic information. KGs store information as SPO triples, with each\r\ntriple consisting of two entities (subject and object) and the relationship (predicate), for example (Star\r\nWars, genre, Science Fiction). Naturally, a KG can be modeled as a directed multigraph, with nodes\r\nrepresenting entities and each edge labeled by the relation type. An example KG is shown in Figure 1.\r\nAlthough KGs have been constructed in various ways, such as public collaborative efforts and curated\r\napproaches by closed groups, KGs often suffer from numerous missing relationships. For\r\nexample, every person has a place of birth; however, 71% of all people do not have place of birth data in\r\nthe Freebase KG (West et al. 2014). Similarly, 75% of people have no known nationality in this dataset.\r\nMissing relationships such as these can disrupt semantic-based search (Guu et al. 2015). For example,\r\nmissing nationality relationships would inhibit even a simple path query such as \"What languages are\r\nspoken by people living in Lisbon?\". Therefore, it is critical to develop methods that address the task of\r\nKG completion - the prediction of missing entities and missing relation types.\r\nExisting methods that address the task of KG completion can fall into one of two categories (Nickel et\r\nal. 2016a): (1) graph feature models that use features directly extracted from observed edges in a graph\r\n(Muggleton 1995; Gal\u00e1rraga et al. 2013) (e.g., rule mining, inductive logic programming, etc.) and (2)\r\nlatent feature models that use features not directly observed in a graph (e.g., semantic embeddings,\r\nmatrix factorization, tensor factorization, etc.). There have been a number of methods based on graph\r\nfeature models, though these have scalability limitations and often do not work for large KGs. In\r\ncontrast, latent feature models have been gaining considerable attention because they scale to large KGs\r\nby representing features of entities and relation types in a low-dimensional vector space. We call these\r\nfeatures the \"embeddings\" because they are not directly observed in the data; rather, they are\r\nautomatically inferred from the training data. In light of the improved scalability of latent feature\r\napproaches, we developed our method in this space via semantic embeddings.\r\nRecently proposed KG embedding methods (Bordes et al. 2011; Nickel et al. 2011; Bordes et al. 2013;\r\nDong et al. 2014; Wang et al. 2014b; Lin et al. 2015; Nickel et al. 2016b) can discover new knowledge\r\nvia KG completion. However, most of them only capture the relationship in a triple, even though\r\ncontextual relation types (i.e., surrounding relation types) of the triple can be used to significantly\r\nimprove the accuracy of the discovery. For example, in our test datasets, over 97% of the predicates\r\nbetween S and O have already been used as a predicate of S to a different object or as a predicate of O\r\nfrom a different subject. Hence, the predictions using these methods are made without regard to\r\nvaluable information contained in the KG. There are also recent KG embedding methods (Socher et al.\r\n2013; Wang et al. 2014a; Zhong et al. 2015; Xie et al. 2016a; 2016b), which use rich information like\r\ntext and entity type. However, usually, they are more complex to deal with the additional information,\r\nand the rich data might not be available for some KGs."}}]}, {"typeName": "subject", "multiple": true, "typeClass": "controlledVocabulary", "value": ["Computer and Information Science"]}, {"typeName": "depositor", "multiple": false, "typeClass": "primitive", "value": "Nobblitt, Christopher"}, {"typeName": "dateOfDeposit", "multiple": false, "typeClass": "primitive", "value": "2018-01-23"}]}, "las": {"displayName": "LAS Metadata", "fields": [{"typeName": "LASkeywords", "multiple": true, "typeClass": "primitive", "value": ["DO7", "TBD"]}, {"typeName": "LASitemType", "multiple": false, "typeClass": "controlledVocabulary", "value": "Publication"}, {"typeName": "LASdateAdded", "multiple": false, "typeClass": "primitive", "value": "2018-01-23"}, {"typeName": "LASdateUpdated", "multiple": false, "typeClass": "primitive", "value": "2018-01-23"}]}}}, "global_entity_id": 4908}