{"data": {"id": 1090, "versionState": "DRAFT", "productionDate": "Production Date", "lastUpdateTime": "2018-01-23T14:32:50Z", "createTime": "2018-01-23T14:32:50Z", "license": "CC0", "termsOfUse": "CC0 Waiver", "metadataBlocks": {"citation": {"displayName": "Citation Metadata", "fields": [{"typeName": "title", "multiple": false, "typeClass": "primitive", "value": "The State of Scientific Knowledge with Regarding Factors Associated with Terrorism"}, {"typeName": "author", "multiple": true, "typeClass": "compound", "value": [{"authorName": {"typeName": "authorName", "multiple": false, "typeClass": "primitive", "value": "Desmarais, Sarah L"}, "authorAffiliation": {"typeName": "authorAffiliation", "multiple": false, "typeClass": "primitive", "value": "North Carolina State University"}}, {"authorName": {"typeName": "authorName", "multiple": false, "typeClass": "primitive", "value": "Simons-Rudolph, Joseph M."}, "authorAffiliation": {"typeName": "authorAffiliation", "multiple": false, "typeClass": "primitive", "value": "North Carolina State University"}}, {"authorName": {"typeName": "authorName", "multiple": false, "typeClass": "primitive", "value": "Schilling, Eilleen"}, "authorAffiliation": {"typeName": "authorAffiliation", "multiple": false, "typeClass": "primitive", "value": "North Carolina State University"}}, {"authorName": {"typeName": "authorName", "multiple": false, "typeClass": "primitive", "value": "Brugh, Christine"}, "authorAffiliation": {"typeName": "authorAffiliation", "multiple": false, "typeClass": "primitive", "value": "North Carolina State University"}}]}, {"typeName": "datasetContact", "multiple": true, "typeClass": "compound", "value": [{"datasetContactName": {"typeName": "datasetContactName", "multiple": false, "typeClass": "primitive", "value": "Desmarais, Sarah L"}, "datasetContactAffiliation": {"typeName": "datasetContactAffiliation", "multiple": false, "typeClass": "primitive", "value": "North Carolina State University"}, "datasetContactEmail": {"typeName": "datasetContactEmail", "multiple": false, "typeClass": "primitive", "value": "sdesmarais@ncsu.edu"}}]}, {"typeName": "dsDescription", "multiple": true, "typeClass": "compound", "value": [{"dsDescriptionValue": {"typeName": "dsDescriptionValue", "multiple": false, "typeClass": "primitive", "value": "We conducted a systematic review of the contemporary scientific literature to: (a) identify\r\nconsensus in the literature, where it exists, regarding factors associated with these two terrorism\r\noutcomes; (b) drive future research directions; and (c) inform evidence-based strategies to\r\nprevent terrorism. Systematic searches of six abstracting and indexing databases using the\r\nfollowing search terms identified 205 articles that met inclusion criteria. Findings revealed a\r\nconsiderable increase in articles addressing terrorism outcomes over time, with most published in\r\nthe last 10 years. Almost half of the articles were conceptual; only 50 articles reported on\r\nfindings of empirical research. Across the various aspects of terrorism and terrorists examined in\r\nthis review (i.e., ideological focus, type of terrorist, type of violence, gender of the terrorist,\r\nposition in the terrorist organization), articles rarely specified their focus. When examined\r\nempirically, risk factors typically focused on characteristics of the individual. Taken together,\r\nfindings of this review underscore the limited empirical evidence regarding models of\r\nradicalization and risk factors associated with membership in terrorist organizations and/or\r\nperpetration of terrorist attacks, specifically."}}]}, {"typeName": "subject", "multiple": true, "typeClass": "controlledVocabulary", "value": ["Social Sciences"]}, {"typeName": "depositor", "multiple": false, "typeClass": "primitive", "value": "Nobblitt, Christopher"}, {"typeName": "dateOfDeposit", "multiple": false, "typeClass": "primitive", "value": "2018-01-23"}]}, "las": {"displayName": "LAS Metadata", "fields": [{"typeName": "LASkeywords", "multiple": true, "typeClass": "primitive", "value": ["DO7", "TBD"]}, {"typeName": "LASitemType", "multiple": false, "typeClass": "controlledVocabulary", "value": "Publication"}, {"typeName": "LASdateAdded", "multiple": false, "typeClass": "primitive", "value": "2018-01-23"}, {"typeName": "LASdateUpdated", "multiple": false, "typeClass": "primitive", "value": "2018-01-23"}]}}}, "global_entity_id": 4912}