{"data": {"id": 1096, "versionState": "DRAFT", "productionDate": "Production Date", "lastUpdateTime": "2018-01-23T15:11:46Z", "createTime": "2018-01-23T15:11:46Z", "license": "CC0", "termsOfUse": "CC0 Waiver", "metadataBlocks": {"citation": {"displayName": "Citation Metadata", "fields": [{"typeName": "title", "multiple": false, "typeClass": "primitive", "value": "Natural User Interfaces for  Visualization Interaction on Large Display Walls"}, {"typeName": "author", "multiple": true, "typeClass": "compound", "value": [{"authorName": {"typeName": "authorName", "multiple": false, "typeClass": "primitive", "value": "TBD"}}]}, {"typeName": "datasetContact", "multiple": true, "typeClass": "compound", "value": [{"datasetContactEmail": {"typeName": "datasetContactEmail", "multiple": false, "typeClass": "primitive", "value": "TBD@TBD.com"}}]}, {"typeName": "dsDescription", "multiple": true, "typeClass": "compound", "value": [{"dsDescriptionValue": {"typeName": "dsDescriptionValue", "multiple": false, "typeClass": "primitive", "value": "In recent years large display walls have become increasingly popular.\r\nDue to the size and resolution of these displays, visualizations are\r\na natural use case, since they can effectively harness the display to\r\npresent large volumes of data. However, these displays can also\r\nmake traditional input and interaction methods ineffective. In this\r\npaper, we investigate natural user interfaces (NUIs) as a way to\r\naddress the issues of interaction with large displays. Through the\r\nuse of multi-modal input from gestures and voice commands, we\r\ndemonstrate the capabilities and advantages of a NUI on a large\r\nmicro-tile display wall. We apply our NUI to provide user interface\r\noperations for an information visualization application. Our study\r\nof interaction performance within the visualization system supports\r\nthe use of a NUI both for visualizations and for other large display\r\napplications that require intelligent interface support.\r\nIndex Terms: H.5.2 [Information Interfaces and Presentation]:\r\nUser Interfaces\u2014Graphical user interfaces (GUI)"}}]}, {"typeName": "subject", "multiple": true, "typeClass": "controlledVocabulary", "value": ["Computer and Information Science", "Social Sciences"]}, {"typeName": "depositor", "multiple": false, "typeClass": "primitive", "value": "Nobblitt, Christopher"}, {"typeName": "dateOfDeposit", "multiple": false, "typeClass": "primitive", "value": "2018-01-23"}]}, "las": {"displayName": "LAS Metadata", "fields": [{"typeName": "LASkeywords", "multiple": true, "typeClass": "primitive", "value": ["DO7", "TBD"]}, {"typeName": "LASitemType", "multiple": false, "typeClass": "controlledVocabulary", "value": "Publication"}, {"typeName": "LASdateAdded", "multiple": false, "typeClass": "primitive", "value": "2018-01-23"}, {"typeName": "LASdateUpdated", "multiple": false, "typeClass": "primitive", "value": "2018-01-23"}]}}}, "global_entity_id": 4924}