{"data": {"id": 1098, "versionState": "DRAFT", "productionDate": "Production Date", "lastUpdateTime": "2018-01-23T15:17:03Z", "createTime": "2018-01-23T15:17:03Z", "license": "CC0", "termsOfUse": "CC0 Waiver", "metadataBlocks": {"citation": {"displayName": "Citation Metadata", "fields": [{"typeName": "title", "multiple": false, "typeClass": "primitive", "value": "IC2S2 2017 Submission: A trigger-conditional Hawkes process model for social protest"}, {"typeName": "author", "multiple": true, "typeClass": "compound", "value": [{"authorName": {"typeName": "authorName", "multiple": false, "typeClass": "primitive", "value": "Anonymous"}}]}, {"typeName": "datasetContact", "multiple": true, "typeClass": "compound", "value": [{"datasetContactEmail": {"typeName": "datasetContactEmail", "multiple": false, "typeClass": "primitive", "value": "TBD@TBD.com"}}]}, {"typeName": "dsDescription", "multiple": true, "typeClass": "compound", "value": [{"dsDescriptionValue": {"typeName": "dsDescriptionValue", "multiple": false, "typeClass": "primitive", "value": "Civilian protest is a complex social phenomenon that culminates in massive expression in the\r\nform of demonstrations by large numbers of protestors. Recent civil unrest events in Brazil\r\nprovide vivid examples of mass protest involving both multiple groups of participants, as well\r\n\r\nas diverse triggers like transportation fare hike, police brutality, excessive government spend-\r\ning on stadiums, and corruption and bribery involving public officials; see 2015-16 protests in\r\n\r\nBrazil [2015]. We are motivated by a risk analysis perspective, such as what a Government\r\n\r\nsocietal risk analyst might engage in using qualitative methods [Center for the Study of Intelli-\r\ngence, 2009]. Our goal is a generative model formulation for social protest, which allows the\r\n\r\nanalyst to leverage background knowledge for building models, and simulate social scenarios\r\n\r\nthat are driven by a combination of subjective beliefs around some forward-looking model pa-\r\nrameters, and data driven estimation of the remaining model parameters. We introduce a novel\r\n\r\nstochastic graphical model for modeling social protest over a chosen interval [0,H] into the\r\nfuture and involving a set G of multiple social groups and present a simulation algorithm with\r\nrealistically inspired model instances using historical data along with computational results.\r\nWe formulate a model which includes exogenous trigger events that influence protest,\r\nprotest groups and their sensitivities to triggers, and endogenous contagion-like dynamics to\r\n\r\nmodel social reinforcement both within and across groups. With respect to triggers, we con-\r\nsider single-occurrence events (set S) that may happen at most once over [0,H], as well as\r\n\r\nmulti-occurrence events (set M) that may happen more than once over the horizon. For each\r\ns \u2208 S, we characterize it in terms of a Bernoulli probability ps\r\n\r\nto model its occurrence over\r\n\r\n[0,H], and also include a random timing ts\r\n\r\nthat denotes the onset, as well as a random du-\r\nration ds\r\n\r\nthat denotes an interval of time over which the event persists in its influence. The\r\nevent persistence in the case of social protest may be thought of as a type of social memory,\r\nto model the recency effect of the trigger event with respect to influencing protest. For each\r\n\r\nmulti-occurrence event, m \u2208 M, we characterize it with a Poisson model and its expected inten-\r\nsity, \u03bbm, and include a random duration dm that denotes the event persistence. Let R = S\u222a M\r\n\r\ndenote the set of all exogenous risk events of interest."}, "dsDescriptionDate": {"typeName": "dsDescriptionDate", "multiple": false, "typeClass": "primitive", "value": "2017"}}]}, {"typeName": "subject", "multiple": true, "typeClass": "controlledVocabulary", "value": ["Computer and Information Science", "Mathematical Sciences", "Social Sciences"]}, {"typeName": "depositor", "multiple": false, "typeClass": "primitive", "value": "Nobblitt, Christopher"}, {"typeName": "dateOfDeposit", "multiple": false, "typeClass": "primitive", "value": "2018-01-23"}]}, "las": {"displayName": "LAS Metadata", "fields": [{"typeName": "LASkeywords", "multiple": true, "typeClass": "primitive", "value": ["DO7", "TBD"]}, {"typeName": "LASitemType", "multiple": false, "typeClass": "controlledVocabulary", "value": "Publication"}, {"typeName": "LASdateAdded", "multiple": false, "typeClass": "primitive", "value": "2018-01-23"}, {"typeName": "LASdateUpdated", "multiple": false, "typeClass": "primitive", "value": "2018-01-23"}, {"typeName": "LASpresentation", "multiple": true, "typeClass": "compound", "value": [{"LASeventName": {"typeName": "LASeventName", "multiple": false, "typeClass": "primitive", "value": "ICS"}}]}]}}}, "global_entity_id": 4928}