{"data": {"id": 1100, "versionState": "DRAFT", "productionDate": "Production Date", "lastUpdateTime": "2018-01-23T15:24:21Z", "createTime": "2018-01-23T15:24:21Z", "license": "CC0", "termsOfUse": "CC0 Waiver", "metadataBlocks": {"citation": {"displayName": "Citation Metadata", "fields": [{"typeName": "title", "multiple": false, "typeClass": "primitive", "value": "Generating Stories that Include Failed Actions by Modeling Mistaken Character  Beliefs"}, {"typeName": "author", "multiple": true, "typeClass": "compound", "value": [{"authorName": {"typeName": "authorName", "multiple": false, "typeClass": "primitive", "value": "Thorne, Brandon R."}}, {"authorName": {"typeName": "authorName", "multiple": false, "typeClass": "primitive", "value": "Young, Michael"}}]}, {"typeName": "datasetContact", "multiple": true, "typeClass": "compound", "value": [{"datasetContactEmail": {"typeName": "datasetContactEmail", "multiple": false, "typeClass": "primitive", "value": "TBD@TBD.com"}}]}, {"typeName": "dsDescription", "multiple": true, "typeClass": "compound", "value": [{"dsDescriptionValue": {"typeName": "dsDescriptionValue", "multiple": false, "typeClass": "primitive", "value": "Previous work on story planning has lacked a KR for\r\n\r\ncharacters that make mistakes in their execution. In par-\r\nticular, characters\u2019 mistakes that arise from errors in be-\r\nlief have not been modeled. In this paper, we describe\r\n\r\na belief model for a state-space planning system, to-\r\ngether called HEADSPACE, that tracks and manipulates\r\n\r\ncharacters\u2019 belief about the story world around them.\r\nThe belief model allows for variance between belief and\r\n\r\ntruth. This model is used in a state-space planning sys-\r\ntem to produce actions that are attempted but that fail.\r\n\r\nWe give an outline of potential policies for managing\r\n\r\nthe range of design choices for planners generating sto-\r\nries with failed actions, and describe an initial set of\r\n\r\npolicies in HEADSPACE. We show example story plan\r\nthat contains failed-action content that cannot not be\r\ngenerated by typical planning-based approaches to story\r\ncreation."}}]}, {"typeName": "subject", "multiple": true, "typeClass": "controlledVocabulary", "value": ["Computer and Information Science", "Social Sciences"]}, {"typeName": "depositor", "multiple": false, "typeClass": "primitive", "value": "Nobblitt, Christopher"}, {"typeName": "dateOfDeposit", "multiple": false, "typeClass": "primitive", "value": "2018-01-23"}]}, "las": {"displayName": "LAS Metadata", "fields": [{"typeName": "LASkeywords", "multiple": true, "typeClass": "primitive", "value": ["DO7", "TBD"]}, {"typeName": "LASdateAdded", "multiple": false, "typeClass": "primitive", "value": "2018-01-23"}, {"typeName": "LASitemType", "multiple": false, "typeClass": "controlledVocabulary", "value": "Publication"}, {"typeName": "LASdateUpdated", "multiple": false, "typeClass": "primitive", "value": "2018-01-23"}, {"typeName": "LASpublication", "multiple": false, "typeClass": "compound", "value": {"LASpublisher": {"typeName": "LASpublisher", "multiple": false, "typeClass": "primitive", "value": "Association for the Advancement of Artificial Intelligence"}}}]}}}, "global_entity_id": 4932}