{"data": {"id": 1101, "versionState": "DRAFT", "productionDate": "Production Date", "lastUpdateTime": "2018-01-23T15:30:23Z", "createTime": "2018-01-23T15:30:23Z", "license": "CC0", "termsOfUse": "CC0 Waiver", "metadataBlocks": {"citation": {"displayName": "Citation Metadata", "fields": [{"typeName": "title", "multiple": false, "typeClass": "primitive", "value": "Innovating National Security through Collaboration: The Vision and Construction of the Laboratory for Analytic Sciences"}, {"typeName": "author", "multiple": true, "typeClass": "compound", "value": [{"authorName": {"typeName": "authorName", "multiple": false, "typeClass": "primitive", "value": "Tyler, Beverly B."}, "authorAffiliation": {"typeName": "authorAffiliation", "multiple": false, "typeClass": "primitive", "value": "North Carolina State University"}}]}, {"typeName": "datasetContact", "multiple": true, "typeClass": "compound", "value": [{"datasetContactName": {"typeName": "datasetContactName", "multiple": false, "typeClass": "primitive", "value": "Tyler, Beverly B."}, "datasetContactAffiliation": {"typeName": "datasetContactAffiliation", "multiple": false, "typeClass": "primitive", "value": "North Carolina State University"}, "datasetContactEmail": {"typeName": "datasetContactEmail", "multiple": false, "typeClass": "primitive", "value": "btyler@ncsu.edu"}}]}, {"typeName": "dsDescription", "multiple": true, "typeClass": "compound", "value": [{"dsDescriptionValue": {"typeName": "dsDescriptionValue", "multiple": false, "typeClass": "primitive", "value": "The US National Security Agency (NSA) has experienced significant\r\ntransformations over the past 20 years in the methods needed to accomplish their mission\r\nand in the technologies for intelligence gathering and analyses. To address the challenges\r\nof the 21st Century, NSA has sought to find solutions by making a number of\r\ninvestments, one of which was the formation of a new R&D program - the Laboratory for\r\nAnalytic Sciences (LAS). At LAS NSA has established a partnership with NC State\r\nUniversity (NC State) to bring together some of the brightest minds from government,\r\nacademia, and industry to address the most challenging big-data problems related to\r\nnational security and to promote new advances in the science of analysis.\r\nIn order to document the motivations, initial organization, and early years at LAS,\r\nstructured interviews were conducted with eight NSA and five NC State leaders involved\r\nin these decisions. The description to follow summarizes the responses of those\r\ninterviewed. Once the chapter was completed it was sent to those interviewed to verify\r\nthat it reflected the most relevant events leading up to the set-up of LAS at NC State and\r\nprovided a reasonably concise summary of these events.\r\n"}}]}, {"typeName": "subject", "multiple": true, "typeClass": "controlledVocabulary", "value": ["Business and Management", "Social Sciences"]}, {"typeName": "depositor", "multiple": false, "typeClass": "primitive", "value": "Nobblitt, Christopher"}, {"typeName": "dateOfDeposit", "multiple": false, "typeClass": "primitive", "value": "2018-01-23"}]}, "las": {"displayName": "LAS Metadata", "fields": [{"typeName": "LASkeywords", "multiple": true, "typeClass": "primitive", "value": ["DO7", "TBD"]}, {"typeName": "LASdateAdded", "multiple": false, "typeClass": "primitive", "value": "2018-01-23"}, {"typeName": "LASitemType", "multiple": false, "typeClass": "controlledVocabulary", "value": "Publication"}, {"typeName": "LASdateUpdated", "multiple": false, "typeClass": "primitive", "value": "2018-01-23"}]}}}, "global_entity_id": 4934}