{"data": {"id": 1111, "versionState": "DRAFT", "productionDate": "Production Date", "lastUpdateTime": "2018-01-23T16:27:16Z", "createTime": "2018-01-23T16:27:16Z", "license": "CC0", "termsOfUse": "CC0 Waiver", "metadataBlocks": {"citation": {"displayName": "Citation Metadata", "fields": [{"typeName": "title", "multiple": false, "typeClass": "primitive", "value": "Pre-publication: Mining Aspect-Specific Opinions from Online Reviews Using Latent Embedding Structured Topic Model"}, {"typeName": "author", "multiple": true, "typeClass": "compound", "value": [{"authorName": {"typeName": "authorName", "multiple": false, "typeClass": "primitive", "value": "Anonymous"}}]}, {"typeName": "datasetContact", "multiple": true, "typeClass": "compound", "value": [{"datasetContactEmail": {"typeName": "datasetContactEmail", "multiple": false, "typeClass": "primitive", "value": "TBD@TBD.com"}}]}, {"typeName": "dsDescription", "multiple": true, "typeClass": "compound", "value": [{"dsDescriptionValue": {"typeName": "dsDescriptionValue", "multiple": false, "typeClass": "primitive", "value": "Pre-publication: Mining Aspect-Specific Opinions from Online Reviews Using Latent Embedding Structured Topic Model\r\nOnline reviews often contain user\u2019s specific opinions on aspects (fea-\r\ntures) of items. These opinions are very useful to merchants and customers, but\r\n\r\nmanually extracting them is time-consuming. Several topic models have been\r\nproposed to simultaneously extract item aspects, user opinions on the aspects,\r\nand to detect sentiment of the opinions. However, existing models tend to find\r\n\r\npoor aspect-opinion associations when limited examples of the required word co-\r\noccurrences are available. Existing models often also assign incorrect sentiment\r\n\r\nto words. In this paper, we propose a Latent embedding structured Opinion min-\r\ning Topic model, called the LOT, to simultaneously discover relevant aspect-level\r\n\r\nspecific opinions and to assign accurate sentiment to words. Our model does this\r\nin a way that works well with small or large numbers of reviews. Experimental\r\n\r\nresults for topic coherence, document sentiment classification, and a human eval-\r\nuation all show that our proposed model achieves significant improvements over\r\n\r\nseveral state-of-the-art baselines."}}]}, {"typeName": "subject", "multiple": true, "typeClass": "controlledVocabulary", "value": ["Computer and Information Science", "Social Sciences"]}, {"typeName": "depositor", "multiple": false, "typeClass": "primitive", "value": "Nobblitt, Christopher"}, {"typeName": "dateOfDeposit", "multiple": false, "typeClass": "primitive", "value": "2018-01-23"}]}, "las": {"displayName": "LAS Metadata", "fields": [{"typeName": "LASkeywords", "multiple": true, "typeClass": "primitive", "value": ["DO7", "TBD"]}, {"typeName": "LASitemType", "multiple": false, "typeClass": "controlledVocabulary", "value": "Publication"}, {"typeName": "LASdateAdded", "multiple": false, "typeClass": "primitive", "value": "2018-01-23"}, {"typeName": "LASdateUpdated", "multiple": false, "typeClass": "primitive", "value": "2018-01-23"}]}}}, "global_entity_id": 4954}