{"data": {"id": 1113, "versionState": "DRAFT", "productionDate": "Production Date", "lastUpdateTime": "2018-03-27T00:52:36Z", "createTime": "2018-01-23T16:34:35Z", "license": "CC0", "termsOfUse": "CC0 Waiver", "metadataBlocks": {"citation": {"displayName": "Citation Metadata", "fields": [{"typeName": "title", "multiple": false, "typeClass": "primitive", "value": "Optimal Risk management in critical infrastructures with cyber-terrorist adversaries"}, {"typeName": "author", "multiple": true, "typeClass": "compound", "value": [{"authorName": {"typeName": "authorName", "multiple": false, "typeClass": "primitive", "value": "Barreto, Carlos"}, "authorAffiliation": {"typeName": "authorAffiliation", "multiple": false, "typeClass": "primitive", "value": "University of Texas - Dallas"}}, {"authorName": {"typeName": "authorName", "multiple": false, "typeClass": "primitive", "value": "Cardenas, Alvaro A."}, "authorAffiliation": {"typeName": "authorAffiliation", "multiple": false, "typeClass": "primitive", "value": "University of Texas - Dallas"}}]}, {"typeName": "datasetContact", "multiple": true, "typeClass": "compound", "value": [{"datasetContactName": {"typeName": "datasetContactName", "multiple": false, "typeClass": "primitive", "value": "Cardenas, Alvaro A."}, "datasetContactAffiliation": {"typeName": "datasetContactAffiliation", "multiple": false, "typeClass": "primitive", "value": "University of Texas - Dallas"}, "datasetContactEmail": {"typeName": "datasetContactEmail", "multiple": false, "typeClass": "primitive", "value": "alvaro.cardenas@utdallas.edu"}}]}, {"typeName": "dsDescription", "multiple": true, "typeClass": "compound", "value": [{"dsDescriptionValue": {"typeName": "dsDescriptionValue", "multiple": false, "typeClass": "primitive", "value": "When the adversary has some financial objective, it is possible to design incentives for all players in the system in order to reduce any potential monetary awards that my motivate attacks. For instance, [1] reduces incentives of attackers because the use of intrusion detection schemes that identify malicious users and then penalties against those specific users. On the other hand, [2] proposes a change in the way contracts are awarded to services companies to reduce the incentives malicious service companies will have for launching their own attacks. In such cases, knowing the adversary\u2019s goal is crucial to make the system less attractive for attackers. However, these approaches are difficult to use when 1) the identity of the attacker is unknown;\r\n2) the attacker\u2019s purpose is unknown; and 3) the attacker does not have financial or physical constraints to implement attacks. Under these circumstances, the defender has to rely on appropriate risk management strategies to handle losses of potential attacks. Risk management seeks to either mitigate or transfer the risk of attacks. Risk mitigation includes detection and prevention of cyber attacks, while risk transfer involves cyber insurance (insurance against losses caused by cyber attacks). In this paper we analyze how defenders can manage their risk management investments\r\nagainst cyber-attacks. We propose a Markov decision process to model changes in the system\u2019s exposure to attacks as a function of the investment in risk management strategies. Particularly, we consider three risk management actions by defenders: attack-detection, attack-prevention, and cyber-insurance. With this model we find the best investment strategy that reduces losses in the long term.\r\n\r\nWe want to know if cyber-insurance is an effective tool for the defender and how its relates to other risk management possibilities, e.g., will cyber-insurance improve investments in protection by the defender? We are also interested in finding the conditions in which the insurance market might thrive, that is, the conditions in which both the insurer the insured get benefits from participating in the market."}, "dsDescriptionDate": {"typeName": "dsDescriptionDate", "multiple": false, "typeClass": "primitive", "value": "2017-03-07"}}]}, {"typeName": "subject", "multiple": true, "typeClass": "controlledVocabulary", "value": ["Computer and Information Science"]}, {"typeName": "depositor", "multiple": false, "typeClass": "primitive", "value": "Nobblitt, Christopher"}, {"typeName": "dateOfDeposit", "multiple": false, "typeClass": "primitive", "value": "2018-01-23"}]}, "las": {"displayName": "LAS Metadata", "fields": [{"typeName": "LASkeywords", "multiple": true, "typeClass": "primitive", "value": ["DO7", "AC2", "CY7", "A172", "R241", "S7", "A181", "R240"]}, {"typeName": "LASitemType", "multiple": false, "typeClass": "controlledVocabulary", "value": "Publication"}, {"typeName": "LASdateAdded", "multiple": false, "typeClass": "primitive", "value": "2018-01-23"}, {"typeName": "LASdateUpdated", "multiple": false, "typeClass": "primitive", "value": "2018-01-23"}, {"typeName": "LASpublication", "multiple": false, "typeClass": "compound", "value": {"LASpublisher": {"typeName": "LASpublisher", "multiple": false, "typeClass": "primitive", "value": "2017 IEEE Conference on Control Technology and Applications (CCTA)"}}}]}}}, "global_entity_id": 4958}