{"data": {"id": 1118, "versionState": "DRAFT", "productionDate": "Production Date", "lastUpdateTime": "2018-01-23T17:22:07Z", "createTime": "2018-01-23T17:22:07Z", "license": "CC0", "termsOfUse": "CC0 Waiver", "metadataBlocks": {"citation": {"displayName": "Citation Metadata", "fields": [{"typeName": "title", "multiple": false, "typeClass": "primitive", "value": "Pre-publication: LEARNING TO TRANSFORM OPERATIONS AT THE LAS: A PARTNERSHIP BETWEEN NSA, NCSU, AND INDUSTRY"}, {"typeName": "author", "multiple": true, "typeClass": "compound", "value": [{"authorName": {"typeName": "authorName", "multiple": false, "typeClass": "primitive", "value": "TBD"}}]}, {"typeName": "datasetContact", "multiple": true, "typeClass": "compound", "value": [{"datasetContactEmail": {"typeName": "datasetContactEmail", "multiple": false, "typeClass": "primitive", "value": "TBD@TBD.com"}}]}, {"typeName": "dsDescription", "multiple": true, "typeClass": "compound", "value": [{"dsDescriptionValue": {"typeName": "dsDescriptionValue", "multiple": false, "typeClass": "primitive", "value": "The National Security Agency (NSA) has established a strategic partnership with NC State University\r\n(NC State) called the Laboratory of Analytic Sciences (LAS) to address big-data problems related to\r\nnational security and promote new advances in the science of analysis. This study, grounded in behavioral\r\ntheory and practice theory, seeks to understand how complex organizations like NSA leverage\r\ninterdisciplinary scientific projects with strategic partners in academia and industry to transform\r\nlearning in their core operations. Using a qualitative, process approach based on interviews we 1) tease\r\nout how learning routines within and across levels absorb new knowledge; 2) assess the specific practices\r\nused to overcome inevitable conflicts; and 3) consider the style of learning used to overcome bounded\r\nrationality and deal with noisy, fragmented knowledge."}}]}, {"typeName": "subject", "multiple": true, "typeClass": "controlledVocabulary", "value": ["Business and Management"]}, {"typeName": "depositor", "multiple": false, "typeClass": "primitive", "value": "Nobblitt, Christopher"}, {"typeName": "dateOfDeposit", "multiple": false, "typeClass": "primitive", "value": "2018-01-23"}]}, "las": {"displayName": "LAS Metadata", "fields": [{"typeName": "LASkeywords", "multiple": true, "typeClass": "primitive", "value": ["DO7", "TBD"]}, {"typeName": "LASitemType", "multiple": false, "typeClass": "controlledVocabulary", "value": "Publication"}, {"typeName": "LASdateAdded", "multiple": false, "typeClass": "primitive", "value": "2018-01-23"}, {"typeName": "LASdateUpdated", "multiple": false, "typeClass": "primitive", "value": "2018-01-23"}]}}}, "global_entity_id": 4968}