{"data": {"id": 1120, "versionState": "DRAFT", "productionDate": "Production Date", "lastUpdateTime": "2018-01-28T15:07:42Z", "createTime": "2018-01-23T17:32:01Z", "license": "CC0", "termsOfUse": "CC0 Waiver", "metadataBlocks": {"citation": {"displayName": "Citation Metadata", "fields": [{"typeName": "title", "multiple": false, "typeClass": "primitive", "value": "Planning-based Scenario Generation for Enterprise Risk Management"}, {"typeName": "author", "multiple": true, "typeClass": "compound", "value": [{"authorName": {"typeName": "authorName", "multiple": false, "typeClass": "primitive", "value": "Sohrabi, Shirin"}, "authorAffiliation": {"typeName": "authorAffiliation", "multiple": false, "typeClass": "primitive", "value": "IBM T.J. Watson Research Center"}}, {"authorName": {"typeName": "authorName", "multiple": false, "typeClass": "primitive", "value": "Riabov, Anton V."}, "authorAffiliation": {"typeName": "authorAffiliation", "multiple": false, "typeClass": "primitive", "value": "IBM T.J. Watson Research Center"}}, {"authorName": {"typeName": "authorName", "multiple": false, "typeClass": "primitive", "value": "Udrea, Octavian"}, "authorAffiliation": {"typeName": "authorAffiliation", "multiple": false, "typeClass": "primitive", "value": "IBM T.J. Watson Research Center"}}]}, {"typeName": "datasetContact", "multiple": true, "typeClass": "compound", "value": [{"datasetContactName": {"typeName": "datasetContactName", "multiple": false, "typeClass": "primitive", "value": "Dinger, Tim"}, "datasetContactAffiliation": {"typeName": "datasetContactAffiliation", "multiple": false, "typeClass": "primitive", "value": "IBM T.J. Watson Research Center"}, "datasetContactEmail": {"typeName": "datasetContactEmail", "multiple": false, "typeClass": "primitive", "value": "dinger@us.ibm.com"}}]}, {"typeName": "dsDescription", "multiple": true, "typeClass": "compound", "value": [{"dsDescriptionValue": {"typeName": "dsDescriptionValue", "multiple": false, "typeClass": "primitive", "value": "Scenario planning is a commonly used method that some organizations use to develop their long terms plans. Scenario planning for risk management puts an added emphasis on identifying the extremes yet possible risks that are not usually considered in daily operations. While a variety of methods and tools have been proposed for this purpose, we show that formulating an AI planning problem, and applying AI planning\r\ntechniques to develop the scenarios provides a unique advantage for scenario planning. Our system, the Scenario Planning Advisor (SPA), takes as input the relevant news and social media trends that characterize the current situation, where a subset of them is selected to represent key observations, as well as the domain knowledge. The domain knowledge is acquired using a graphical tool which in turn is automatically translated to a planning domain. We use a planner to generate multiple plans explaining the observations and projecting future states. The resulting plans are clustered and summarized to generate the scenarios for use in scenario planning. We discuss our knowledge engineering methodology, lessons learned, and the feedback received from the pilot deployment of the SPA system in a large international company. We also show our experiments that measure planning performance and how balance and informative the generated scenarios are as we increase the complexity of the problem."}, "dsDescriptionDate": {"typeName": "dsDescriptionDate", "multiple": false, "typeClass": "primitive", "value": "2017-03-13"}}]}, {"typeName": "subject", "multiple": true, "typeClass": "controlledVocabulary", "value": ["Business and Management", "Computer and Information Science"]}, {"typeName": "notesText", "multiple": false, "typeClass": "primitive", "value": "For submission to ICAPS 2017"}, {"typeName": "depositor", "multiple": false, "typeClass": "primitive", "value": "Nobblitt, Christopher"}, {"typeName": "dateOfDeposit", "multiple": false, "typeClass": "primitive", "value": "2018-01-23"}]}, "las": {"displayName": "LAS Metadata", "fields": [{"typeName": "LASkeywords", "multiple": true, "typeClass": "primitive", "value": ["DO6", "TD1", "BA6", "A99", "R201"]}, {"typeName": "LASdateAdded", "multiple": false, "typeClass": "primitive", "value": "2018-01-23"}, {"typeName": "LASitemType", "multiple": false, "typeClass": "controlledVocabulary", "value": "Publication"}, {"typeName": "LASdateUpdated", "multiple": false, "typeClass": "primitive", "value": "2018-01-23"}]}}}, "global_entity_id": 4972}