{"data": {"id": 32, "versionState": "DRAFT", "productionDate": "Production Date", "lastUpdateTime": "2017-01-27T18:40:34Z", "createTime": "2016-06-06T13:47:00Z", "license": "CC0", "termsOfUse": "CC0 Waiver", "metadataBlocks": {"citation": {"displayName": "Citation Metadata", "fields": [{"typeName": "title", "multiple": false, "typeClass": "primitive", "value": "Anomaly Detection in Dynamic Networks: A Survey"}, {"typeName": "author", "multiple": true, "typeClass": "compound", "value": [{"authorName": {"typeName": "authorName", "multiple": false, "typeClass": "primitive", "value": "Ranshous, Steven"}, "authorAffiliation": {"typeName": "authorAffiliation", "multiple": false, "typeClass": "primitive", "value": "NC State"}}, {"authorName": {"typeName": "authorName", "multiple": false, "typeClass": "primitive", "value": "Shen, Shitian"}, "authorAffiliation": {"typeName": "authorAffiliation", "multiple": false, "typeClass": "primitive", "value": "NC State"}}, {"authorName": {"typeName": "authorName", "multiple": false, "typeClass": "primitive", "value": "Koutra, David"}, "authorAffiliation": {"typeName": "authorAffiliation", "multiple": false, "typeClass": "primitive", "value": "NC State"}}, {"authorName": {"typeName": "authorName", "multiple": false, "typeClass": "primitive", "value": "Harenberg, Steve"}, "authorAffiliation": {"typeName": "authorAffiliation", "multiple": false, "typeClass": "primitive", "value": "NC State"}}, {"authorName": {"typeName": "authorName", "multiple": false, "typeClass": "primitive", "value": "Faloustos, Christos"}, "authorAffiliation": {"typeName": "authorAffiliation", "multiple": false, "typeClass": "primitive", "value": "Oak Ridge National Lab"}}, {"authorName": {"typeName": "authorName", "multiple": false, "typeClass": "primitive", "value": "Samatova, Nagiza"}, "authorAffiliation": {"typeName": "authorAffiliation", "multiple": false, "typeClass": "primitive", "value": "NC State"}}]}, {"typeName": "datasetContact", "multiple": true, "typeClass": "compound", "value": [{"datasetContactName": {"typeName": "datasetContactName", "multiple": false, "typeClass": "primitive", "value": "Samatova, Nagiza"}, "datasetContactAffiliation": {"typeName": "datasetContactAffiliation", "multiple": false, "typeClass": "primitive", "value": "NC State"}, "datasetContactEmail": {"typeName": "datasetContactEmail", "multiple": false, "typeClass": "primitive", "value": "nfsamatova@ncsu.edu"}}]}, {"typeName": "dsDescription", "multiple": true, "typeClass": "compound", "value": [{"dsDescriptionValue": {"typeName": "dsDescriptionValue", "multiple": false, "typeClass": "primitive", "value": "Anomaly detection is an important problem with multiple applications, and thus has been studied for decades in various research domains. In the past decade there has been a growing interest in anomaly detection in data represented as networks, or graphs, largely because of their robust expressiveness and their natural ability to represent complex relationships. Originally, techniques focused on anomaly detection in static graphs, which do not change and are capable of representing only a single snapshot of data. As real-world networks are constantly changing, there has been a shift in focus to dynamic graphs, which evolve over time. In this survey, we aim to provide a comprehensive overview of anomaly detection in dynamic networks, concentrating on the state-of-the-art methods. We first describe four types of anomalies that arise in dynamic networks, providing an intuitive explanation, applications, and a concrete example for each. Having established an idea for what constitutes an anomaly, a general two-stage approach to anomaly detection in dynamic networks that is common among the methods is presented. We then construct a two-tiered taxonomy, first partitioning the methods based on the intuition behind their approach, and subsequently subdividing them based on the types of anomalies they detect. Within each of the tier one\r\ncategories\u2014community, compression, decomposition, distance, and probabilistic model based\u2014we highlight the major similarities and differences, showing the wealth of techniques derived from similar conceptual approaches.\r\nWIREs Computational Statistics published byWiley Periodicals, Inc."}}]}, {"typeName": "subject", "multiple": true, "typeClass": "controlledVocabulary", "value": ["Computer and Information Science", "Engineering"]}, {"typeName": "contributor", "multiple": true, "typeClass": "compound", "value": [{"contributorName": {"typeName": "contributorName", "multiple": false, "typeClass": "primitive", "value": "Shen"}}, {"contributorName": {"typeName": "contributorName", "multiple": false, "typeClass": "primitive", "value": "Khoutra"}}, {"contributorName": {"typeName": "contributorName", "multiple": false, "typeClass": "primitive", "value": "Harenberg"}}, {"contributorName": {"typeName": "contributorName", "multiple": false, "typeClass": "primitive", "value": "Faloustos"}}, {"contributorName": {"typeName": "contributorName", "multiple": false, "typeClass": "primitive", "value": "Samatova"}}]}, {"typeName": "depositor", "multiple": false, "typeClass": "primitive", "value": "Admin, Dataverse"}, {"typeName": "dateOfDeposit", "multiple": false, "typeClass": "primitive", "value": "2016-06-06"}]}, "las": {"displayName": "LAS Metadata", "fields": [{"typeName": "LASkeywords", "multiple": true, "typeClass": "primitive", "value": ["DO3", "NS1", "AW3", "R84", "A26", "A25", "R83"]}, {"typeName": "LASdateAdded", "multiple": false, "typeClass": "primitive", "value": "2016-06-06"}, {"typeName": "LASitemType", "multiple": false, "typeClass": "controlledVocabulary", "value": "Publication"}, {"typeName": "LASdateUpdated", "multiple": false, "typeClass": "primitive", "value": "2016-01-27"}, {"typeName": "LASdistributionURL", "multiple": false, "typeClass": "primitive", "value": "https://drive.google.com/file/d/0BzDPf9g8B1iUZzI1RjNuM1JtWGs/view?usp=sharing"}]}}}, "global_entity_id": 50}