{"data": {"id": 1127, "versionState": "DRAFT", "productionDate": "Production Date", "lastUpdateTime": "2018-01-23T18:06:26Z", "createTime": "2018-01-23T18:06:26Z", "license": "CC0", "termsOfUse": "CC0 Waiver", "metadataBlocks": {"citation": {"displayName": "Citation Metadata", "fields": [{"typeName": "title", "multiple": false, "typeClass": "primitive", "value": "Does How You Tweet Tell Us Who You Are? Automatic Segmentation from Behavior on Social Media"}, {"typeName": "author", "multiple": true, "typeClass": "compound", "value": [{"authorName": {"typeName": "authorName", "multiple": false, "typeClass": "primitive", "value": "Weishampel, Anthony"}, "authorAffiliation": {"typeName": "authorAffiliation", "multiple": false, "typeClass": "primitive", "value": "North Carolina State University"}}, {"authorName": {"typeName": "authorName", "multiple": false, "typeClass": "primitive", "value": "Rand, William"}, "authorAffiliation": {"typeName": "authorAffiliation", "multiple": false, "typeClass": "primitive", "value": "North Carolina State University"}}]}, {"typeName": "datasetContact", "multiple": true, "typeClass": "compound", "value": [{"datasetContactName": {"typeName": "datasetContactName", "multiple": false, "typeClass": "primitive", "value": "Rand, William"}, "datasetContactAffiliation": {"typeName": "datasetContactAffiliation", "multiple": false, "typeClass": "primitive", "value": "North Carolina State University"}, "datasetContactEmail": {"typeName": "datasetContactEmail", "multiple": false, "typeClass": "primitive", "value": "wmrand@ncsu.edu"}}]}, {"typeName": "dsDescription", "multiple": true, "typeClass": "compound", "value": [{"dsDescriptionValue": {"typeName": "dsDescriptionValue", "multiple": false, "typeClass": "primitive", "value": "High-level overview of Rand and Weishampel's project\r\nKeywords: word-of-mouth, machine learning, social media, decision support systems, influencer\r\ncampaigns, customer service\r\nSince the beginning of marketing research, we have know that what consumers say to each other\r\nhas orders of more impact on consumer adoption decisions than advertising (Ryan and Gross,\r\n1943). For the longest time, marketers had to spend substantial amounts of money to find out\r\nwhat consumers were saying to each other, but with the growth of social media, marketers have\r\nsome insight just by listening to Twitter. Moreover, brand managers can now participate in these\r\nconversations, and encourage brand advocates to do so as well through the use of influencer\r\ncampaigns (Hinz et al., 2011). Moreover, social media can be used as a source of customer\r\nservice by responding to customers\u2019 concerns directly through social media (Ma et al., 2015).\r\nHowever, organizations cannot respond to or provide influencer incentives to everyone, so brand\r\nmanagers must make a decision about which social media participants to engage."}}]}, {"typeName": "subject", "multiple": true, "typeClass": "controlledVocabulary", "value": ["Computer and Information Science", "Social Sciences"]}, {"typeName": "depositor", "multiple": false, "typeClass": "primitive", "value": "Nobblitt, Christopher"}, {"typeName": "dateOfDeposit", "multiple": false, "typeClass": "primitive", "value": "2018-01-23"}]}, "las": {"displayName": "LAS Metadata", "fields": [{"typeName": "LASkeywords", "multiple": true, "typeClass": "primitive", "value": ["DO7", "TBD"]}, {"typeName": "LASdateAdded", "multiple": false, "typeClass": "primitive", "value": "2018-01-23"}, {"typeName": "LASitemType", "multiple": false, "typeClass": "controlledVocabulary", "value": "Publication"}, {"typeName": "LASdateUpdated", "multiple": false, "typeClass": "primitive", "value": "2018-01-23"}]}}}, "global_entity_id": 5000}