{"data": {"id": 1154, "versionState": "DRAFT", "productionDate": "Production Date", "lastUpdateTime": "2018-01-27T23:03:33Z", "createTime": "2018-01-27T23:03:33Z", "license": "CC0", "termsOfUse": "CC0 Waiver", "metadataBlocks": {"citation": {"displayName": "Citation Metadata", "fields": [{"typeName": "title", "multiple": false, "typeClass": "primitive", "value": "Social Unrest in the Age of Social Media: Informing Future Forecasts"}, {"typeName": "author", "multiple": true, "typeClass": "compound", "value": [{"authorName": {"typeName": "authorName", "multiple": false, "typeClass": "primitive", "value": "Titus, Lucia"}, "authorAffiliation": {"typeName": "authorAffiliation", "multiple": false, "typeClass": "primitive", "value": "North Carolina State University"}}]}, {"typeName": "datasetContact", "multiple": true, "typeClass": "compound", "value": [{"datasetContactName": {"typeName": "datasetContactName", "multiple": false, "typeClass": "primitive", "value": "Titus, Lucia"}, "datasetContactAffiliation": {"typeName": "datasetContactAffiliation", "multiple": false, "typeClass": "primitive", "value": "North Carolina State University"}, "datasetContactEmail": {"typeName": "datasetContactEmail", "multiple": false, "typeClass": "primitive", "value": "lltitus@ncsu.edu"}}]}, {"typeName": "dsDescription", "multiple": true, "typeClass": "compound", "value": [{"dsDescriptionValue": {"typeName": "dsDescriptionValue", "multiple": false, "typeClass": "primitive", "value": "Social unrest has the potential to produce transformative and lasting ripple effects across states and geopolitical regions, as is best exemplified by the aftermath of the events surrounding the Arab Spring. After five years, the Middle East and North Africa region continues to be plagued by vast political instability, civil wars, and the infiltration and influence of a growing number of terrorist and extremist groups. It is therefore of vital importance that the U.S. Intelligence Community be able to anticipate and forecast social unrest futures as they relate to both short-term protest events and long-term general trends. This study contributes to such aims by investigating the ways in which individual actors and social movements leverage social media prior to and during periods of social unrest. Egypt and Brazil are highlighted as case studies of recent social unrest to assess how social media is used to solidify networks, diffuse information, and organize individuals to action. In doing so, the research serves to inform future work on methods or models that rely upon social media data (in part or in whole) to anticipate and forecast social unrest at the micro and macro levels."}, "dsDescriptionDate": {"typeName": "dsDescriptionDate", "multiple": false, "typeClass": "primitive", "value": "2016-12-13"}}]}, {"typeName": "subject", "multiple": true, "typeClass": "controlledVocabulary", "value": ["Social Sciences"]}, {"typeName": "depositor", "multiple": false, "typeClass": "primitive", "value": "Wilson, Alyson"}, {"typeName": "dateOfDeposit", "multiple": false, "typeClass": "primitive", "value": "2018-01-27"}]}, "las": {"displayName": "LAS Metadata", "fields": [{"typeName": "LASkeywords", "multiple": true, "typeClass": "primitive", "value": ["LT2", "WB1", "R6", "A193", "DO6", "R208"]}, {"typeName": "LASitemType", "multiple": false, "typeClass": "controlledVocabulary", "value": "Report"}, {"typeName": "LASdateAdded", "multiple": false, "typeClass": "primitive", "value": "2018-01-27"}, {"typeName": "LASdateUpdated", "multiple": false, "typeClass": "primitive", "value": "2018-01-27"}, {"typeName": "LASdistributionURL", "multiple": false, "typeClass": "primitive", "value": "https://drive.google.com/open?id=1vNBHlaX2v8w2lvSq06lxUFflBE02KyQo"}]}}}, "global_entity_id": 5066}