{"data": {"id": 1163, "versionState": "DRAFT", "productionDate": "Production Date", "lastUpdateTime": "2018-01-28T14:15:25Z", "createTime": "2018-01-28T14:15:25Z", "license": "CC0", "termsOfUse": "CC0 Waiver", "metadataBlocks": {"citation": {"displayName": "Citation Metadata", "fields": [{"typeName": "title", "multiple": false, "typeClass": "primitive", "value": "An AI Planning Solution to Scenario Generation for Enterprise Risk Management"}, {"typeName": "author", "multiple": true, "typeClass": "compound", "value": [{"authorName": {"typeName": "authorName", "multiple": false, "typeClass": "primitive", "value": "Sohrabi, Shirin "}, "authorAffiliation": {"typeName": "authorAffiliation", "multiple": false, "typeClass": "primitive", "value": "IBM"}}, {"authorName": {"typeName": "authorName", "multiple": false, "typeClass": "primitive", "value": "Riabov, Anton"}, "authorAffiliation": {"typeName": "authorAffiliation", "multiple": false, "typeClass": "primitive", "value": "IBM"}}, {"authorName": {"typeName": "authorName", "multiple": false, "typeClass": "primitive", "value": "Udrea, Octavian"}, "authorAffiliation": {"typeName": "authorAffiliation", "multiple": false, "typeClass": "primitive", "value": "IBM"}}]}, {"typeName": "datasetContact", "multiple": true, "typeClass": "compound", "value": [{"datasetContactName": {"typeName": "datasetContactName", "multiple": false, "typeClass": "primitive", "value": "Dinger, Tim"}, "datasetContactAffiliation": {"typeName": "datasetContactAffiliation", "multiple": false, "typeClass": "primitive", "value": "IBM"}, "datasetContactEmail": {"typeName": "datasetContactEmail", "multiple": false, "typeClass": "primitive", "value": "dinger@us.ibm.com"}}]}, {"typeName": "dsDescription", "multiple": true, "typeClass": "compound", "value": [{"dsDescriptionValue": {"typeName": "dsDescriptionValue", "multiple": false, "typeClass": "primitive", "value": "Scenario planning is a commonly used method by companies to develop their long-term plans. Scenario planning for risk management puts an added emphasis on identifying and managing emerging risk. While a variety of methods have been proposed for this purpose, we show that applying AI planning techniques to devise possible scenarios provides a unique advantage for scenario planning. Our system, the Scenario Planning Advisor (SPA), takes as input the relevant information from news and social media, representing key risk drivers, as well as the domain knowledge and generates scenarios that explain the key risk drivers and describe the alternative futures. To this end, we provide a characterization of the problem, knowledge engineering methodology, and transformation to planning. Furthermore, we describe the computation of the scenarios, lessons learned, and the feedback received from the pilot deployment of the SPA system in IBM."}, "dsDescriptionDate": {"typeName": "dsDescriptionDate", "multiple": false, "typeClass": "primitive", "value": "2017-11-10"}}]}, {"typeName": "subject", "multiple": true, "typeClass": "controlledVocabulary", "value": ["Computer and Information Science"]}, {"typeName": "notesText", "multiple": false, "typeClass": "primitive", "value": "Submitted to AAAI-18: Thirty-Second AAAI Conference on Artificial Intelligence"}, {"typeName": "depositor", "multiple": false, "typeClass": "primitive", "value": "Wilson, Alyson"}, {"typeName": "dateOfDeposit", "multiple": false, "typeClass": "primitive", "value": "2018-01-28"}]}, "las": {"displayName": "LAS Metadata", "fields": [{"typeName": "LASkeywords", "multiple": true, "typeClass": "primitive", "value": ["DO6", "TD1", "BA6", "A99", "R176"]}, {"typeName": "LASitemType", "multiple": false, "typeClass": "controlledVocabulary", "value": "Publication"}, {"typeName": "LASdateAdded", "multiple": false, "typeClass": "primitive", "value": "2018-01-28"}, {"typeName": "LASdateUpdated", "multiple": false, "typeClass": "primitive", "value": "2018-01-28"}, {"typeName": "LASdistributionURL", "multiple": false, "typeClass": "primitive", "value": "https://drive.google.com/open?id=1yOrZRcDYznjBQnhaBP96P8MuPqMOOImZ"}]}}}, "global_entity_id": 5082}