{"data": {"id": 1164, "versionState": "DRAFT", "productionDate": "Production Date", "lastUpdateTime": "2018-01-28T14:23:02Z", "createTime": "2018-01-28T14:23:02Z", "license": "CC0", "termsOfUse": "CC0 Waiver", "metadataBlocks": {"citation": {"displayName": "Citation Metadata", "fields": [{"typeName": "title", "multiple": false, "typeClass": "primitive", "value": "PivotWall: SDN-Based Information Flow Control"}, {"typeName": "author", "multiple": true, "typeClass": "compound", "value": [{"authorName": {"typeName": "authorName", "multiple": false, "typeClass": "primitive", "value": "OConnor, TJ"}, "authorAffiliation": {"typeName": "authorAffiliation", "multiple": false, "typeClass": "primitive", "value": "North Carolina State University"}}, {"authorName": {"typeName": "authorName", "multiple": false, "typeClass": "primitive", "value": "Enck, Wiliam"}, "authorAffiliation": {"typeName": "authorAffiliation", "multiple": false, "typeClass": "primitive", "value": "North Carolina State University"}}, {"authorName": {"typeName": "authorName", "multiple": false, "typeClass": "primitive", "value": "Petullo, W. Michael "}, "authorAffiliation": {"typeName": "authorAffiliation", "multiple": false, "typeClass": "primitive", "value": "United States Military Academy"}}, {"authorName": {"typeName": "authorName", "multiple": false, "typeClass": "primitive", "value": "Verma, Akash "}, "authorAffiliation": {"typeName": "authorAffiliation", "multiple": false, "typeClass": "primitive", "value": "North Carolina State University"}}]}, {"typeName": "datasetContact", "multiple": true, "typeClass": "compound", "value": [{"datasetContactName": {"typeName": "datasetContactName", "multiple": false, "typeClass": "primitive", "value": "Enck, William"}, "datasetContactAffiliation": {"typeName": "datasetContactAffiliation", "multiple": false, "typeClass": "primitive", "value": "North Carolina State University"}, "datasetContactEmail": {"typeName": "datasetContactEmail", "multiple": false, "typeClass": "primitive", "value": "whenck@ncsu.edu"}}]}, {"typeName": "dsDescription", "multiple": true, "typeClass": "compound", "value": [{"dsDescriptionValue": {"typeName": "dsDescriptionValue", "multiple": false, "typeClass": "primitive", "value": "Network access control and practical policy enforcement prove challenging in a distributed environment. Enterprise security approaches lack the context gained from the attack provenance. To address this challenge, we introduce PivotWall, a new enterprise network security architecture that combines the logically central placement of the Software-Defined Network (SDN) Controller with the context of host-based information flow tracking. PivotWall extends key primitives of traditional information flow tracking to the network. It also defines a dynamic labeling system that includes steering, confidentiality, and origin labels. By implementing a reference monitor application and practical policy configuration at the SDN controller, PivotWall implements context-based responses that can prevent complex attack scenarios and offer heuristics for forensic analysis. We evaluate our prototype by testing it against a broad coverage of stealthy attack tools, examine the performance impacts, and demonstrate the ability to provide unique response capabilities to real-world attacks. We demonstrate that PivotWall is a feasible approach to enable context-based response and prevention capabilities that would be difficult to realize with existing solutions."}, "dsDescriptionDate": {"typeName": "dsDescriptionDate", "multiple": false, "typeClass": "primitive", "value": "2017-11-03"}}]}, {"typeName": "subject", "multiple": true, "typeClass": "controlledVocabulary", "value": ["Computer and Information Science"]}, {"typeName": "depositor", "multiple": false, "typeClass": "primitive", "value": "Wilson, Alyson"}, {"typeName": "dateOfDeposit", "multiple": false, "typeClass": "primitive", "value": "2018-01-28"}]}, "las": {"displayName": "LAS Metadata", "fields": [{"typeName": "LASkeywords", "multiple": true, "typeClass": "primitive", "value": ["WE2", "DO6", "CY6", "A129", "R162"]}, {"typeName": "LASitemType", "multiple": false, "typeClass": "controlledVocabulary", "value": "Publication"}, {"typeName": "LASdateAdded", "multiple": false, "typeClass": "primitive", "value": "2018-01-28"}, {"typeName": "LASdateUpdated", "multiple": false, "typeClass": "primitive", "value": "2018-01-28"}, {"typeName": "LASdistributionURL", "multiple": false, "typeClass": "primitive", "value": "https://drive.google.com/open?id=1027sufjt6B589qCNWtxu52RcfNrgUcY4"}]}}}, "global_entity_id": 5084}