{"data": {"id": 1176, "versionState": "DRAFT", "productionDate": "Production Date", "lastUpdateTime": "2018-01-29T21:38:17Z", "createTime": "2018-01-29T21:38:17Z", "license": "CC0", "termsOfUse": "CC0 Waiver", "metadataBlocks": {"citation": {"displayName": "Citation Metadata", "fields": [{"typeName": "title", "multiple": false, "typeClass": "primitive", "value": "Cyber Modeling for Analysis and Intelligence Tradecraft (C-MAIT)"}, {"typeName": "author", "multiple": true, "typeClass": "compound", "value": [{"authorName": {"typeName": "authorName", "multiple": false, "typeClass": "primitive", "value": "Guarino, Sean L."}, "authorAffiliation": {"typeName": "authorAffiliation", "multiple": false, "typeClass": "primitive", "value": "Charles Rivers Analytics, Inc."}}]}, {"typeName": "datasetContact", "multiple": true, "typeClass": "compound", "value": [{"datasetContactName": {"typeName": "datasetContactName", "multiple": false, "typeClass": "primitive", "value": "Guarino, Sean L."}, "datasetContactAffiliation": {"typeName": "datasetContactAffiliation", "multiple": false, "typeClass": "primitive", "value": "Charles Rivers Analytics, Inc."}, "datasetContactEmail": {"typeName": "datasetContactEmail", "multiple": false, "typeClass": "primitive", "value": "sguarino@cra.com"}}]}, {"typeName": "dsDescription", "multiple": true, "typeClass": "compound", "value": [{"dsDescriptionValue": {"typeName": "dsDescriptionValue", "multiple": false, "typeClass": "primitive", "value": "Traditional cyber defense is often reactive, responding after the attack.\r\nUnderstanding the goals, behaviors, and\r\ndecision-making processes of attackers\r\nprovides a means to address attacks\r\nproactively, before adversaries have achieved\r\ntheir objectives.\r\n\r\nModeling the motivations and decision processes of adversaries can indicate where\r\nand how the threat will impact, and guide the selection of proactive defenses to\r\naddress those threats.\r\n\r\nInterpreting cyber activity can characterize what attacks are underway,\r\nand what types and origins of adversaries may be responsible, leading\r\nto potential attributions of attacks. Wargaming adversary responses\r\ncan predict future activity and support preparation of valid defenses.\r\n\r\nModeling approaches can enhance intelligence tradecraft, reactive and proactive\r\ncyber defense, and cyber training."}, "dsDescriptionDate": {"typeName": "dsDescriptionDate", "multiple": false, "typeClass": "primitive", "value": "2017"}}]}, {"typeName": "subject", "multiple": true, "typeClass": "controlledVocabulary", "value": ["Computer and Information Science"]}, {"typeName": "depositor", "multiple": false, "typeClass": "primitive", "value": "Nobblitt, Christopher"}, {"typeName": "dateOfDeposit", "multiple": false, "typeClass": "primitive", "value": "2018-01-29"}]}, "las": {"displayName": "LAS Metadata", "fields": [{"typeName": "LASkeywords", "multiple": true, "typeClass": "primitive", "value": ["DO7", "TBD"]}, {"typeName": "LASitemType", "multiple": false, "typeClass": "controlledVocabulary", "value": "Presentation"}, {"typeName": "LASdateAdded", "multiple": false, "typeClass": "primitive", "value": "2018-01-29"}, {"typeName": "LASdateUpdated", "multiple": false, "typeClass": "primitive", "value": "2018-01-29"}, {"typeName": "LASdistributionURL", "multiple": false, "typeClass": "primitive", "value": "https://drive.google.com/file/d/1HuYVwN5lTkMOwwGocfyJcmY4NGsykdUz/view?usp=sharing"}, {"typeName": "LASpresentation", "multiple": true, "typeClass": "compound", "value": [{"LASeventName": {"typeName": "LASeventName", "multiple": false, "typeClass": "primitive", "value": "2017 LAS Research Symposium"}, "LASeventLocation": {"typeName": "LASeventLocation", "multiple": false, "typeClass": "primitive", "value": "Raleigh, NC"}, "LASdatePresented": {"typeName": "LASdatePresented", "multiple": false, "typeClass": "primitive", "value": "2017"}}]}]}}}, "global_entity_id": 5108}