{"data": {"id": 1189, "versionState": "DRAFT", "productionDate": "Production Date", "lastUpdateTime": "2018-01-31T12:50:48Z", "createTime": "2018-01-31T12:50:48Z", "license": "CC0", "termsOfUse": "CC0 Waiver", "metadataBlocks": {"citation": {"displayName": "Citation Metadata", "fields": [{"typeName": "title", "multiple": false, "typeClass": "primitive", "value": "Cyber Threat Vulnerabilities in SCADA Systems Based on Operators' Work Behaviors"}, {"typeName": "author", "multiple": true, "typeClass": "compound", "value": [{"authorName": {"typeName": "authorName", "multiple": false, "typeClass": "primitive", "value": "Johnston, Judy"}, "authorAffiliation": {"typeName": "authorAffiliation", "multiple": false, "typeClass": "primitive", "value": "Johnston Analytics"}}]}, {"typeName": "datasetContact", "multiple": true, "typeClass": "compound", "value": [{"datasetContactName": {"typeName": "datasetContactName", "multiple": false, "typeClass": "primitive", "value": "Johnston, Judy"}, "datasetContactAffiliation": {"typeName": "datasetContactAffiliation", "multiple": false, "typeClass": "primitive", "value": "Johnston Analytics"}, "datasetContactEmail": {"typeName": "datasetContactEmail", "multiple": false, "typeClass": "primitive", "value": "judy@johnstonanalytics.com"}}]}, {"typeName": "dsDescription", "multiple": true, "typeClass": "compound", "value": [{"dsDescriptionValue": {"typeName": "dsDescriptionValue", "multiple": false, "typeClass": "primitive", "value": "This poster was presented at the 2017 LAS Research Symposium.\r\n\r\nSCADA Operators\u2019 behaviors in the workplace can\r\npresent vulnerabilities as significant as any technical\r\nissues. Can we use empirical research to support the linkages\r\nbetween cognitive tasks and risk factors, and develop\r\nmethods to determine potential risk mitigation\r\nstrategies related to SCADA Operators\u2019 behaviors?"}, "dsDescriptionDate": {"typeName": "dsDescriptionDate", "multiple": false, "typeClass": "primitive", "value": "2017"}}]}, {"typeName": "subject", "multiple": true, "typeClass": "controlledVocabulary", "value": ["Computer and Information Science", "Social Sciences"]}, {"typeName": "depositor", "multiple": false, "typeClass": "primitive", "value": "Nobblitt, Christopher"}, {"typeName": "dateOfDeposit", "multiple": false, "typeClass": "primitive", "value": "2018-01-31"}]}, "las": {"displayName": "LAS Metadata", "fields": [{"typeName": "LASkeywords", "multiple": true, "typeClass": "primitive", "value": ["DO7", "TBD"]}, {"typeName": "LASdateAdded", "multiple": false, "typeClass": "primitive", "value": "2018-01-31"}, {"typeName": "LASitemType", "multiple": false, "typeClass": "controlledVocabulary", "value": "Presentation"}, {"typeName": "LASdateUpdated", "multiple": false, "typeClass": "primitive", "value": "2018-01-31"}, {"typeName": "LASdistributionURL", "multiple": false, "typeClass": "primitive", "value": "https://drive.google.com/file/d/1hq1XBBNctTcJH-qjB7jt3fMjxEvzPEmF/view?usp=sharing"}, {"typeName": "LASpresentation", "multiple": true, "typeClass": "compound", "value": [{"LASeventName": {"typeName": "LASeventName", "multiple": false, "typeClass": "primitive", "value": "2017 LAS Research Symposium"}, "LASeventLocation": {"typeName": "LASeventLocation", "multiple": false, "typeClass": "primitive", "value": "Raleigh, NC"}, "LASdatePresented": {"typeName": "LASdatePresented", "multiple": false, "typeClass": "primitive", "value": "2017"}}]}]}}}, "global_entity_id": 5133}