{"data": {"id": 1209, "versionState": "DRAFT", "productionDate": "Production Date", "lastUpdateTime": "2018-01-31T21:38:17Z", "createTime": "2018-01-31T21:38:17Z", "license": "CC0", "termsOfUse": "CC0 Waiver", "metadataBlocks": {"citation": {"displayName": "Citation Metadata", "fields": [{"typeName": "title", "multiple": false, "typeClass": "primitive", "value": "Great Expectations: A Framework for Rapidly Developing Data Pipeline Tests"}, {"typeName": "author", "multiple": true, "typeClass": "compound", "value": [{"authorName": {"typeName": "authorName", "multiple": false, "typeClass": "primitive", "value": "Campbell, James"}, "authorAffiliation": {"typeName": "authorAffiliation", "multiple": false, "typeClass": "primitive", "value": "LAS-G"}}, {"authorName": {"typeName": "authorName", "multiple": false, "typeClass": "primitive", "value": "Gong, Abe"}, "authorAffiliation": {"typeName": "authorAffiliation", "multiple": false, "typeClass": "primitive", "value": "Superconductive Health"}}]}, {"typeName": "datasetContact", "multiple": true, "typeClass": "compound", "value": [{"datasetContactName": {"typeName": "datasetContactName", "multiple": false, "typeClass": "primitive", "value": "Campbell, James"}, "datasetContactAffiliation": {"typeName": "datasetContactAffiliation", "multiple": false, "typeClass": "primitive", "value": "LAS-G"}, "datasetContactEmail": {"typeName": "datasetContactEmail", "multiple": false, "typeClass": "primitive", "value": "jpcamp2@ncsu.edu"}}]}, {"typeName": "dsDescription", "multiple": true, "typeClass": "compound", "value": [{"dsDescriptionValue": {"typeName": "dsDescriptionValue", "multiple": false, "typeClass": "primitive", "value": "Great Expectations is a python framework for bringing data pipelines and products under test. It brings discipline, confidence, and acceleration to data science and engineering teams by supporting the creation and application of automated testing suites on data instead of just code. With Great Expectations, teams can save time during data cleaning and munging, accelerate ETL and data normalization, streamline analyst-to-engineer handoffs, monitor data quality in production data pipelines and data products, simplify debugging data pipelines if (when) they break, and codify assumptions used to build models when sharing with distributed teams or other analysts.\r\n"}, "dsDescriptionDate": {"typeName": "dsDescriptionDate", "multiple": false, "typeClass": "primitive", "value": "2017-12-06"}}]}, {"typeName": "subject", "multiple": true, "typeClass": "controlledVocabulary", "value": ["Computer and Information Science"]}, {"typeName": "depositor", "multiple": false, "typeClass": "primitive", "value": "Hill, Courtney"}, {"typeName": "dateOfDeposit", "multiple": false, "typeClass": "primitive", "value": "2018-01-31"}]}, "las": {"displayName": "LAS Metadata", "fields": [{"typeName": "LASkeywords", "multiple": true, "typeClass": "primitive", "value": ["DO7", "JC2", "TBD"]}, {"typeName": "LASdateAdded", "multiple": false, "typeClass": "primitive", "value": "2018-01-31"}, {"typeName": "LASitemType", "multiple": false, "typeClass": "controlledVocabulary", "value": "Presentation"}, {"typeName": "LASdateUpdated", "multiple": false, "typeClass": "primitive", "value": "2018-01-31"}, {"typeName": "LASdistributionURL", "multiple": false, "typeClass": "primitive", "value": "https://drive.google.com/open?id=1kuHf_6zmhBakIIBRo5zVntdpwO0UEEgk"}, {"typeName": "LASpresentation", "multiple": true, "typeClass": "compound", "value": [{"LASeventName": {"typeName": "LASeventName", "multiple": false, "typeClass": "primitive", "value": "2017 Research Symposium"}, "LASeventLocation": {"typeName": "LASeventLocation", "multiple": false, "typeClass": "primitive", "value": "Raleigh, NC"}, "LASdatePresented": {"typeName": "LASdatePresented", "multiple": false, "typeClass": "primitive", "value": "2017-12-06"}}]}]}}}, "global_entity_id": 5173}