{"data": {"id": 1210, "versionState": "DRAFT", "productionDate": "Production Date", "lastUpdateTime": "2018-01-31T21:47:38Z", "createTime": "2018-01-31T21:47:38Z", "license": "CC0", "termsOfUse": "CC0 Waiver", "metadataBlocks": {"citation": {"displayName": "Citation Metadata", "fields": [{"typeName": "title", "multiple": false, "typeClass": "primitive", "value": "Security and Privacy in the Age of IoT"}, {"typeName": "author", "multiple": true, "typeClass": "compound", "value": [{"authorName": {"typeName": "authorName", "multiple": false, "typeClass": "primitive", "value": "Cardenas, Alvaro "}, "authorAffiliation": {"typeName": "authorAffiliation", "multiple": false, "typeClass": "primitive", "value": "UT Dallas "}}, {"authorName": {"typeName": "authorName", "multiple": false, "typeClass": "primitive", "value": "Valente, Junia"}, "authorAffiliation": {"typeName": "authorAffiliation", "multiple": false, "typeClass": "primitive", "value": "UT Dallas"}}, {"authorName": {"typeName": "authorName", "multiple": false, "typeClass": "primitive", "value": "Wynn, Matthew"}, "authorAffiliation": {"typeName": "authorAffiliation", "multiple": false, "typeClass": "primitive", "value": "UT Dallas"}}]}, {"typeName": "datasetContact", "multiple": true, "typeClass": "compound", "value": [{"datasetContactName": {"typeName": "datasetContactName", "multiple": false, "typeClass": "primitive", "value": "Cardenas, Alvaro "}, "datasetContactAffiliation": {"typeName": "datasetContactAffiliation", "multiple": false, "typeClass": "primitive", "value": "UT Dallas"}, "datasetContactEmail": {"typeName": "datasetContactEmail", "multiple": false, "typeClass": "primitive", "value": "alvaro.cardenas@utdallas.edu"}}]}, {"typeName": "dsDescription", "multiple": true, "typeClass": "compound", "value": [{"dsDescriptionValue": {"typeName": "dsDescriptionValue", "multiple": false, "typeClass": "primitive", "value": "In the 21st century computers have a variety of sensors that can collect more information about the world around them than what humans can type on keyboards. This ability of IoT devices to passively sense surrounding activity makes the privacy issues they raise distinct from the privacy issues raised by traditional computing systems. As they collect physical data of diverse human activities such as electricity consumption, location information, driving habits, and biosensor data at unprecedented levels of granularity, their passive manner of collection leaves people generally unaware of how much information about them is being gathered.\r\nIn addition to challenging privacy expectation, IoT is also changing our cyber-security landscape. IoT devices are increasingly being shipped with multiple vulnerabilities, which makes them easy to compromise. These new attack vectors give rise not only to a large number of devices that can be recruited to a botnet, but also devices that can be used to penetrate internal networks.\u00a0 In an effort to study systematically IoT security and privacy issues, we are analyzing the security and privacy practices of various IoT devices and technologies used (e.g., Bluetooth low energy, Wi-Fi, Zigbee), market segment (health, home automation, children, energy, vehicles, drones), and functionalities. In particular, we have done threat assessments for a variety of drones, smart children toys, intimate devices, and video cameras, and have also proposed new security and privacy technologies to improve the security of IoT.\u00a0\r\n"}, "dsDescriptionDate": {"typeName": "dsDescriptionDate", "multiple": false, "typeClass": "primitive", "value": "2017-12-06"}}]}, {"typeName": "subject", "multiple": true, "typeClass": "controlledVocabulary", "value": ["Computer and Information Science"]}, {"typeName": "depositor", "multiple": false, "typeClass": "primitive", "value": "Hill, Courtney"}, {"typeName": "dateOfDeposit", "multiple": false, "typeClass": "primitive", "value": "2018-01-31"}]}, "las": {"displayName": "LAS Metadata", "fields": [{"typeName": "LASkeywords", "multiple": true, "typeClass": "primitive", "value": ["DO7", "AC2", "TBD"]}, {"typeName": "LASdateAdded", "multiple": false, "typeClass": "primitive", "value": "2017-12-06"}, {"typeName": "LASitemType", "multiple": false, "typeClass": "controlledVocabulary", "value": "Presentation"}, {"typeName": "LASdateUpdated", "multiple": false, "typeClass": "primitive", "value": "2017-12-06"}, {"typeName": "LASdistributionURL", "multiple": false, "typeClass": "primitive", "value": "https://drive.google.com/open?id=1hEGAjLJ0LmLjsUrbXHqfgzJ7ogBwGK9K"}, {"typeName": "LASpresentation", "multiple": true, "typeClass": "compound", "value": [{"LASeventName": {"typeName": "LASeventName", "multiple": false, "typeClass": "primitive", "value": "2017 Research Symposium"}, "LASeventLocation": {"typeName": "LASeventLocation", "multiple": false, "typeClass": "primitive", "value": "Raleigh, NC"}, "LASdatePresented": {"typeName": "LASdatePresented", "multiple": false, "typeClass": "primitive", "value": "2017-12-06"}}]}]}}}, "global_entity_id": 5175}