{"data": {"id": 1212, "versionState": "DRAFT", "productionDate": "Production Date", "lastUpdateTime": "2018-02-01T21:08:40Z", "createTime": "2018-02-01T21:08:40Z", "license": "CC0", "termsOfUse": "CC0 Waiver", "metadataBlocks": {"citation": {"displayName": "Citation Metadata", "fields": [{"typeName": "title", "multiple": false, "typeClass": "primitive", "value": "A System to Verify Network Behavior of Known Cryptographic Clients and Industrial Controllers"}, {"typeName": "author", "multiple": true, "typeClass": "compound", "value": [{"authorName": {"typeName": "authorName", "multiple": false, "typeClass": "primitive", "value": "Chi, Andrew "}, "authorAffiliation": {"typeName": "authorAffiliation", "multiple": false, "typeClass": "primitive", "value": "University of North Carolina at Chapel Hill "}}, {"authorName": {"typeName": "authorName", "multiple": false, "typeClass": "primitive", "value": "Reiter, Michael "}, "authorAffiliation": {"typeName": "authorAffiliation", "multiple": false, "typeClass": "primitive", "value": "University of North Carolina at Chapel Hill "}}, {"authorName": {"typeName": "authorName", "multiple": false, "typeClass": "primitive", "value": "Cochran, Robert"}, "authorAffiliation": {"typeName": "authorAffiliation", "multiple": false, "typeClass": "primitive", "value": "University of North Carolina at Chapel Hill "}}, {"authorName": {"typeName": "authorName", "multiple": false, "typeClass": "primitive", "value": "Nesfield, Marie"}, "authorAffiliation": {"typeName": "authorAffiliation", "multiple": false, "typeClass": "primitive", "value": "University of North Carolina at Chapel Hill "}}, {"authorName": {"typeName": "authorName", "multiple": false, "typeClass": "primitive", "value": "Sturton, Cynthia"}, "authorAffiliation": {"typeName": "authorAffiliation", "multiple": false, "typeClass": "primitive", "value": "University of North Carolina at Chapel Hill "}}]}, {"typeName": "datasetContact", "multiple": true, "typeClass": "compound", "value": [{"datasetContactName": {"typeName": "datasetContactName", "multiple": false, "typeClass": "primitive", "value": "Reiter, Michael "}, "datasetContactAffiliation": {"typeName": "datasetContactAffiliation", "multiple": false, "typeClass": "primitive", "value": "University of North Carolina at Chapel Hill "}, "datasetContactEmail": {"typeName": "datasetContactEmail", "multiple": false, "typeClass": "primitive", "value": "reiter@cs.unc.edu"}}]}, {"typeName": "dsDescription", "multiple": true, "typeClass": "compound", "value": [{"dsDescriptionValue": {"typeName": "dsDescriptionValue", "multiple": false, "typeClass": "primitive", "value": "Numerous exploits of client-server protocols and applications involve modifying clients to behave in ways that untampered clients would not, such as crafting malicious packets. We develop a system for verifying in near real-time that a cryptographic client\u2019s message sequence is consistent with its known implementation. Moreover, we accomplish this without knowing all of the client-side inputs driving its behavior. Our toolchain for verifying a client\u2019s messages explores multiple candidate execution paths in the client concurrently, and includes a novel approach to symbolically executing cryptographic client software (e.g., TLS) in multiple passes that defers expensive functions until their inputs can be inferred and concretized. We demonstrate client verification on OpenSSL and BoringSSL to show that, e.g., Heartbleed exploits can be detected without Heartbleed-specific filtering and within seconds of the first malicious packet. On legitimate traffic our verification keeps pace with Gmail-shaped workloads, with a median lag of 0.85s. In addition, we perform a preliminary exploration of the crossover of our behavioral verification technique to industrial control networks.\r\n"}, "dsDescriptionDate": {"typeName": "dsDescriptionDate", "multiple": false, "typeClass": "primitive", "value": "2017-12-06"}}]}, {"typeName": "subject", "multiple": true, "typeClass": "controlledVocabulary", "value": ["Computer and Information Science"]}, {"typeName": "depositor", "multiple": false, "typeClass": "primitive", "value": "Hill, Courtney"}, {"typeName": "dateOfDeposit", "multiple": false, "typeClass": "primitive", "value": "2018-02-01"}]}, "las": {"displayName": "LAS Metadata", "fields": [{"typeName": "LASkeywords", "multiple": true, "typeClass": "primitive", "value": ["DO7", "MR2", "TBD"]}, {"typeName": "LASdateAdded", "multiple": false, "typeClass": "primitive", "value": "2018-02-01"}, {"typeName": "LASitemType", "multiple": false, "typeClass": "controlledVocabulary", "value": "Presentation"}, {"typeName": "LASdateUpdated", "multiple": false, "typeClass": "primitive", "value": "2018-02-01"}, {"typeName": "LASdistributionURL", "multiple": false, "typeClass": "primitive", "value": "https://drive.google.com/open?id=1SYwKU5ErUOtVXHNorJwCG_EUMhVDXRj3"}, {"typeName": "LASpresentation", "multiple": true, "typeClass": "compound", "value": [{"LASeventName": {"typeName": "LASeventName", "multiple": false, "typeClass": "primitive", "value": "2017 Research Symposium"}, "LASeventLocation": {"typeName": "LASeventLocation", "multiple": false, "typeClass": "primitive", "value": "Raleigh, NC"}, "LASdatePresented": {"typeName": "LASdatePresented", "multiple": false, "typeClass": "primitive", "value": "2017-12-06"}}]}]}}}, "global_entity_id": 5179}