{"data": {"id": 1218, "versionState": "DRAFT", "productionDate": "Production Date", "lastUpdateTime": "2018-03-31T23:44:49Z", "createTime": "2018-02-01T22:05:56Z", "license": "CC0", "termsOfUse": "CC0 Waiver", "metadataBlocks": {"citation": {"displayName": "Citation Metadata", "fields": [{"typeName": "title", "multiple": false, "typeClass": "primitive", "value": "PIGFARM: Multi-Query Optimization for Apache Pig"}, {"typeName": "author", "multiple": true, "typeClass": "compound", "value": [{"authorName": {"typeName": "authorName", "multiple": false, "typeClass": "primitive", "value": "Cumbee, Carson "}, "authorAffiliation": {"typeName": "authorAffiliation", "multiple": false, "typeClass": "primitive", "value": "LAS-G"}}, {"authorName": {"typeName": "authorName", "multiple": false, "typeClass": "primitive", "value": "Wiechmann, Aaron"}, "authorAffiliation": {"typeName": "authorAffiliation", "multiple": false, "typeClass": "primitive", "value": "LAS-G"}}, {"authorName": {"typeName": "authorName", "multiple": false, "typeClass": "primitive", "value": "Lynch, Sean "}, "authorAffiliation": {"typeName": "authorAffiliation", "multiple": false, "typeClass": "primitive", "value": "LAS-G"}}, {"authorName": {"typeName": "authorName", "multiple": false, "typeClass": "primitive", "value": "Baldwin, Ian"}, "authorAffiliation": {"typeName": "authorAffiliation", "multiple": false, "typeClass": "primitive", "value": "NCSU"}}, {"authorName": {"typeName": "authorName", "multiple": false, "typeClass": "primitive", "value": "Rouse, Alexander"}, "authorAffiliation": {"typeName": "authorAffiliation", "multiple": false, "typeClass": "primitive", "value": "NCSU"}}, {"authorName": {"typeName": "authorName", "multiple": false, "typeClass": "primitive", "value": "Johnson, Gareth"}, "authorAffiliation": {"typeName": "authorAffiliation", "multiple": false, "typeClass": "primitive", "value": "NCSU"}}, {"authorName": {"typeName": "authorName", "multiple": false, "typeClass": "primitive", "value": "Cummings, Tia"}, "authorAffiliation": {"typeName": "authorAffiliation", "multiple": false, "typeClass": "primitive", "value": "NCSU"}}]}, {"typeName": "datasetContact", "multiple": true, "typeClass": "compound", "value": [{"datasetContactName": {"typeName": "datasetContactName", "multiple": false, "typeClass": "primitive", "value": "Cumbee, Carson "}, "datasetContactAffiliation": {"typeName": "datasetContactAffiliation", "multiple": false, "typeClass": "primitive", "value": "LAS-G"}, "datasetContactEmail": {"typeName": "datasetContactEmail", "multiple": false, "typeClass": "primitive", "value": "ccumbee@ncsu.edu"}}]}, {"typeName": "dsDescription", "multiple": true, "typeClass": "compound", "value": [{"dsDescriptionValue": {"typeName": "dsDescriptionValue", "multiple": false, "typeClass": "primitive", "value": "PIGFARM was the LAS sponsored project for the Spring 2017 NCSU Computer Science Senior Design Class. PIGFARM researched ways to perform multi-query optimization for Apache Pig on Hadoop Clusters. Students created a process and software to merge Pig scripts together so that they could reduce the amount of processing time relative to running the scripts separately. \r\n\r\n"}, "dsDescriptionDate": {"typeName": "dsDescriptionDate", "multiple": false, "typeClass": "primitive", "value": "2017-12-06"}}]}, {"typeName": "subject", "multiple": true, "typeClass": "controlledVocabulary", "value": ["Computer and Information Science", "Mathematical Sciences"]}, {"typeName": "depositor", "multiple": false, "typeClass": "primitive", "value": "Hill, Courtney"}, {"typeName": "dateOfDeposit", "multiple": false, "typeClass": "primitive", "value": "2018-02-01"}]}, "las": {"displayName": "LAS Metadata", "fields": [{"typeName": "LASkeywords", "multiple": true, "typeClass": "primitive", "value": ["DO7", "CC1", "SL3", "AaW2", "AC7", "A273"]}, {"typeName": "LASitemType", "multiple": false, "typeClass": "controlledVocabulary", "value": "Presentation"}, {"typeName": "LASdateAdded", "multiple": false, "typeClass": "primitive", "value": "2018-02-01"}, {"typeName": "LASdateUpdated", "multiple": false, "typeClass": "primitive", "value": "2018-02-01"}, {"typeName": "LASdistributionURL", "multiple": false, "typeClass": "primitive", "value": "https://drive.google.com/open?id=1NlUJzWGqov0ZKVOKGpJOJ3F_eMZJpTEK"}, {"typeName": "LASpresentation", "multiple": true, "typeClass": "compound", "value": [{"LASeventName": {"typeName": "LASeventName", "multiple": false, "typeClass": "primitive", "value": "2017 Research Symposium"}, "LASeventLocation": {"typeName": "LASeventLocation", "multiple": false, "typeClass": "primitive", "value": "Raleigh, NC"}, "LASdatePresented": {"typeName": "LASdatePresented", "multiple": false, "typeClass": "primitive", "value": "2017-12-06"}}]}]}}}, "global_entity_id": 5191}