{"data": {"id": 1221, "versionState": "DRAFT", "productionDate": "Production Date", "lastUpdateTime": "2018-02-02T17:22:16Z", "createTime": "2018-02-02T17:22:16Z", "license": "CC0", "termsOfUse": "CC0 Waiver", "metadataBlocks": {"citation": {"displayName": "Citation Metadata", "fields": [{"typeName": "title", "multiple": false, "typeClass": "primitive", "value": "Argument Modeling for Critical Thinking"}, {"typeName": "author", "multiple": true, "typeClass": "compound", "value": [{"authorName": {"typeName": "authorName", "multiple": false, "typeClass": "primitive", "value": "Green, Nancy"}, "authorAffiliation": {"typeName": "authorAffiliation", "multiple": false, "typeClass": "primitive", "value": "University of North Carolina at Greensboro"}}, {"authorName": {"typeName": "authorName", "multiple": false, "typeClass": "primitive", "value": "Branon, Michael"}, "authorAffiliation": {"typeName": "authorAffiliation", "multiple": false, "typeClass": "primitive", "value": "University of North Carolina at Greensboro"}}, {"authorName": {"typeName": "authorName", "multiple": false, "typeClass": "primitive", "value": "Roosje, Luke"}, "authorAffiliation": {"typeName": "authorAffiliation", "multiple": false, "typeClass": "primitive", "value": "University of North Carolina at Greensboro"}}]}, {"typeName": "datasetContact", "multiple": true, "typeClass": "compound", "value": [{"datasetContactName": {"typeName": "datasetContactName", "multiple": false, "typeClass": "primitive", "value": "Green, Nancy "}, "datasetContactAffiliation": {"typeName": "datasetContactAffiliation", "multiple": false, "typeClass": "primitive", "value": "University of North Carolina at Greensboro"}, "datasetContactEmail": {"typeName": "datasetContactEmail", "multiple": false, "typeClass": "primitive", "value": "nlgreen@uncg.edu"}}]}, {"typeName": "dsDescription", "multiple": true, "typeClass": "compound", "value": [{"dsDescriptionValue": {"typeName": "dsDescriptionValue", "multiple": false, "typeClass": "primitive", "value": "We are currently developing a tool (AVIZE: Argument Visualization and Evaluation) that will support analysts in the following ways:\r\n\u2022 Enable analysts to draw diagrams to visualize complex issues as a network graph of inter-related supporting and counter arguments.\r\n\u2022 Provide a set of argument diagram building blocks, acceptable patterns of reasoning called argument schemes, tailored to analysts\u2019 tasks and domains of interest. \r\nEmbodying task-relevant knowledge, AVIZE\u2019s argument schemes add cognitive support for argument creation and evaluation. We manually analyzed openly available documents on current affairs and abstracted a novel set of argument schemes for constructing arguments about actors\u2019 past or current intentions based upon their observed actions and supposed goals and/or preferences, i.e., the schemes are not limited to talking about particular countries or events. Each of the schemes has an associated set of critical questions, different ways of challenging an argument of that type. For example one of the critical questions of a scheme for inferring an actor\u2019s plan is: Is there an alternate plausible explanation for the actor\u2019s actions? Being made aware of the critical questions may stimulate the analyst to strengthen an argument or to construct arguments for alternative viewpoints. AVIZE enables an analyst to organize information into an argument network that shows at a glance \r\n\u2022 what evidence supports the premises of an argument and the reliability and likelihood of the evidence \r\n\u2022 multiple arguments supporting the same conclusion\r\n\u2022 arguments provided in response to critical questions, and\r\n\u2022 counter-arguments, i.e., arguments whose conclusions conflict with each other. \r\n"}, "dsDescriptionDate": {"typeName": "dsDescriptionDate", "multiple": false, "typeClass": "primitive", "value": "2017-12-06"}}]}, {"typeName": "subject", "multiple": true, "typeClass": "controlledVocabulary", "value": ["Computer and Information Science"]}, {"typeName": "depositor", "multiple": false, "typeClass": "primitive", "value": "Hill, Courtney"}, {"typeName": "dateOfDeposit", "multiple": false, "typeClass": "primitive", "value": "2018-02-02"}]}, "las": {"displayName": "LAS Metadata", "fields": [{"typeName": "LASkeywords", "multiple": true, "typeClass": "primitive", "value": ["DO7", "NG1", "TBD"]}, {"typeName": "LASdateAdded", "multiple": false, "typeClass": "primitive", "value": "2018-02-02"}, {"typeName": "LASitemType", "multiple": false, "typeClass": "controlledVocabulary", "value": "Presentation"}, {"typeName": "LASdateUpdated", "multiple": false, "typeClass": "primitive", "value": "2018-02-02"}, {"typeName": "LASdistributionURL", "multiple": false, "typeClass": "primitive", "value": "https://drive.google.com/open?id=1BFJVdGe4PFp60Dm7Jgqd3PX5ng6-8XtS"}, {"typeName": "LASpresentation", "multiple": true, "typeClass": "compound", "value": [{"LASeventName": {"typeName": "LASeventName", "multiple": false, "typeClass": "primitive", "value": "2017 Research Symposium"}, "LASeventLocation": {"typeName": "LASeventLocation", "multiple": false, "typeClass": "primitive", "value": "Raleigh, NC"}, "LASdatePresented": {"typeName": "LASdatePresented", "multiple": false, "typeClass": "primitive", "value": "2017-12-06"}}]}]}}}, "global_entity_id": 5197}