{"data": {"id": 1261, "versionState": "DRAFT", "productionDate": "Production Date", "lastUpdateTime": "2018-02-09T19:51:55Z", "createTime": "2018-02-09T19:51:55Z", "license": "CC0", "termsOfUse": "CC0 Waiver", "metadataBlocks": {"citation": {"displayName": "Citation Metadata", "fields": [{"typeName": "title", "multiple": false, "typeClass": "primitive", "value": "Integrating Analytic Tools"}, {"typeName": "author", "multiple": true, "typeClass": "compound", "value": [{"authorName": {"typeName": "authorName", "multiple": false, "typeClass": "primitive", "value": "Crerar, Andrew"}, "authorAffiliation": {"typeName": "authorAffiliation", "multiple": false, "typeClass": "primitive", "value": "NCSU"}}, {"authorName": {"typeName": "authorName", "multiple": false, "typeClass": "primitive", "value": "Schmidt, Matthew"}, "authorAffiliation": {"typeName": "authorAffiliation", "multiple": false, "typeClass": "primitive", "value": "NCSU"}}]}, {"typeName": "datasetContact", "multiple": true, "typeClass": "compound", "value": [{"datasetContactName": {"typeName": "datasetContactName", "multiple": false, "typeClass": "primitive", "value": "Schmidt, Matthew"}, "datasetContactAffiliation": {"typeName": "datasetContactAffiliation", "multiple": false, "typeClass": "primitive", "value": "NCSU"}, "datasetContactEmail": {"typeName": "datasetContactEmail", "multiple": false, "typeClass": "primitive", "value": "mcschmid@ncsu.edu"}}]}, {"typeName": "dsDescription", "multiple": true, "typeClass": "compound", "value": [{"dsDescriptionValue": {"typeName": "dsDescriptionValue", "multiple": false, "typeClass": "primitive", "value": "Analysts should be able to use existing tools and techniques as components of an integrated analytic workflow in the Analytic Component System (ACS). In order to accomplish this objective, these tools must interface with the ACS using the common types of analytic constructs provided by the Analytic Component Interface (ACI). This work provides an example of how existing, independently developed tools can be easily modified to interface with the ACS, which enables the tool to integrate with a wide variety of tools and workflows automatically.\r\n"}, "dsDescriptionDate": {"typeName": "dsDescriptionDate", "multiple": false, "typeClass": "primitive", "value": "2017-12-06"}}]}, {"typeName": "subject", "multiple": true, "typeClass": "controlledVocabulary", "value": ["Computer and Information Science"]}, {"typeName": "depositor", "multiple": false, "typeClass": "primitive", "value": "Hill, Courtney"}, {"typeName": "dateOfDeposit", "multiple": false, "typeClass": "primitive", "value": "2018-02-09"}]}, "las": {"displayName": "LAS Metadata", "fields": [{"typeName": "LASkeywords", "multiple": true, "typeClass": "primitive", "value": ["DO7", "MS2", "AC1", "TBD"]}, {"typeName": "LASdateAdded", "multiple": false, "typeClass": "primitive", "value": "2018-02-09"}, {"typeName": "LASitemType", "multiple": false, "typeClass": "controlledVocabulary", "value": "Presentation"}, {"typeName": "LASdateUpdated", "multiple": false, "typeClass": "primitive", "value": "2018-02-09"}, {"typeName": "LASdistributionURL", "multiple": false, "typeClass": "primitive", "value": "https://drive.google.com/open?id=1-BcqlkjsUk8P7TinG71PjFcSMF8thUy6"}, {"typeName": "LASpresentation", "multiple": true, "typeClass": "compound", "value": [{"LASeventName": {"typeName": "LASeventName", "multiple": false, "typeClass": "primitive", "value": "2017 Research Symposium"}, "LASeventLocation": {"typeName": "LASeventLocation", "multiple": false, "typeClass": "primitive", "value": "Raleigh, NC"}, "LASdatePresented": {"typeName": "LASdatePresented", "multiple": false, "typeClass": "primitive", "value": "2017-12-06"}}]}]}}}, "global_entity_id": 5277}