{"data": {"id": 1269, "versionState": "DRAFT", "productionDate": "Production Date", "lastUpdateTime": "2018-02-09T20:51:56Z", "createTime": "2018-02-09T20:51:56Z", "license": "CC0", "termsOfUse": "CC0 Waiver", "metadataBlocks": {"citation": {"displayName": "Citation Metadata", "fields": [{"typeName": "title", "multiple": false, "typeClass": "primitive", "value": "Unique Entity Estimation with Application to the Syrian Conflict"}, {"typeName": "author", "multiple": true, "typeClass": "compound", "value": [{"authorName": {"typeName": "authorName", "multiple": false, "typeClass": "primitive", "value": "Steorts, Rebecca"}, "authorAffiliation": {"typeName": "authorAffiliation", "multiple": false, "typeClass": "primitive", "value": "Duke University "}}, {"authorName": {"typeName": "authorName", "multiple": false, "typeClass": "primitive", "value": "Chen, Beidi"}, "authorAffiliation": {"typeName": "authorAffiliation", "multiple": false, "typeClass": "primitive", "value": "Rice University "}}, {"authorName": {"typeName": "authorName", "multiple": false, "typeClass": "primitive", "value": "Shrivastava, Anshumali"}, "authorAffiliation": {"typeName": "authorAffiliation", "multiple": false, "typeClass": "primitive", "value": "Rice University "}}]}, {"typeName": "datasetContact", "multiple": true, "typeClass": "compound", "value": [{"datasetContactName": {"typeName": "datasetContactName", "multiple": false, "typeClass": "primitive", "value": "Steorts, Rebecca"}, "datasetContactAffiliation": {"typeName": "datasetContactAffiliation", "multiple": false, "typeClass": "primitive", "value": "Duke University "}, "datasetContactEmail": {"typeName": "datasetContactEmail", "multiple": false, "typeClass": "primitive", "value": "beka@stat.duke.edu"}}]}, {"typeName": "dsDescription", "multiple": true, "typeClass": "compound", "value": [{"dsDescriptionValue": {"typeName": "dsDescriptionValue", "multiple": false, "typeClass": "primitive", "value": "Very often information about social entities is scattered across multiple databases.\u00a0 Combining that information into one database can result in enormous benefits for analysis, resulting in richer and more reliable conclusions. In practical applications, however, analysts cannot simply link records across databases based on unique identifiers, such as social security numbers, either because they are not a part of some databases or are not available due to privacy concerns.\u00a0 Analysts need to use methods from statistical and computational science known as entity resolution (record linkage or de-duplication) to proceed with analysis.\u00a0 Entity resolution is not only a crucial task for social science and industrial applications, but is a challenging statistical and computational problem itself. In this talk, we describe the past and present challenges with entity resolution, with applications to the Syrian conflict but also official statistics, and the food and music industry. This large collaboration touches on research that is crucial to problems with societal impacts that are at the forefront of both national and international news.\u00a0\r\n"}, "dsDescriptionDate": {"typeName": "dsDescriptionDate", "multiple": false, "typeClass": "primitive", "value": "2017-12-06"}}]}, {"typeName": "subject", "multiple": true, "typeClass": "controlledVocabulary", "value": ["Computer and Information Science", "Mathematical Sciences"]}, {"typeName": "depositor", "multiple": false, "typeClass": "primitive", "value": "Hill, Courtney"}, {"typeName": "dateOfDeposit", "multiple": false, "typeClass": "primitive", "value": "2018-02-09"}]}, "las": {"displayName": "LAS Metadata", "fields": [{"typeName": "LASkeywords", "multiple": true, "typeClass": "primitive", "value": ["DO7", "RS3", "TBD"]}, {"typeName": "LASitemType", "multiple": false, "typeClass": "controlledVocabulary", "value": "Presentation"}, {"typeName": "LASdateAdded", "multiple": false, "typeClass": "primitive", "value": "2018-02-09"}, {"typeName": "LASdateUpdated", "multiple": false, "typeClass": "primitive", "value": "2018-02-09"}, {"typeName": "LASdistributionURL", "multiple": false, "typeClass": "primitive", "value": "https://drive.google.com/open?id=13jhH5-_s2zKsfxkh9G8J8wX7f4_e6zdo"}, {"typeName": "LASpresentation", "multiple": true, "typeClass": "compound", "value": [{"LASeventName": {"typeName": "LASeventName", "multiple": false, "typeClass": "primitive", "value": "2017 Research Symposium"}, "LASeventLocation": {"typeName": "LASeventLocation", "multiple": false, "typeClass": "primitive", "value": "Raleigh, NC"}, "LASdatePresented": {"typeName": "LASdatePresented", "multiple": false, "typeClass": "primitive", "value": "2017-12-06"}}]}]}}}, "global_entity_id": 5293}