{"data": {"id": 1280, "versionState": "DRAFT", "productionDate": "Production Date", "lastUpdateTime": "2018-02-14T17:36:42Z", "createTime": "2018-02-14T17:36:42Z", "license": "CC0", "termsOfUse": "CC0 Waiver", "metadataBlocks": {"citation": {"displayName": "Citation Metadata", "fields": [{"typeName": "title", "multiple": false, "typeClass": "primitive", "value": "Quantifying the Use of the Dvoretzky-Kiefer Wolfowitz Inequality and Hidden Markov Models to Detect Network Changes"}, {"typeName": "author", "multiple": true, "typeClass": "compound", "value": [{"authorName": {"typeName": "authorName", "multiple": false, "typeClass": "primitive", "value": "Seubert, Cassie"}, "authorAffiliation": {"typeName": "authorAffiliation", "multiple": false, "typeClass": "primitive", "value": "Schweitzer Engineering Lab"}}]}, {"typeName": "datasetContact", "multiple": true, "typeClass": "compound", "value": [{"datasetContactName": {"typeName": "datasetContactName", "multiple": false, "typeClass": "primitive", "value": "Tews, Cody"}, "datasetContactAffiliation": {"typeName": "datasetContactAffiliation", "multiple": false, "typeClass": "primitive", "value": "Schweitzer Engineering Lab"}, "datasetContactEmail": {"typeName": "datasetContactEmail", "multiple": false, "typeClass": "primitive", "value": "cody_tews@selgs.com"}}]}, {"typeName": "dsDescription", "multiple": true, "typeClass": "compound", "value": [{"dsDescriptionValue": {"typeName": "dsDescriptionValue", "multiple": false, "typeClass": "primitive", "value": "Our goal for this analysis was to evaluate how two different techniques performed at using jitter measure- ments to classify different network configurations (or different devices on the same network). We used the server delay (the time between the sending of consecutive messages), and the client delay (the time between a message being sent from the server and when the client responds) to perform our analysis. The two tech- niques in question are 1) using the Dvoretzky-Kiefer Wolfowitz (DKW) Inequality to put upper and lower confidence bounds on each dataset\u2019s cumulative distribution function (CDF) and 2) using hidden Markov models (HMMs) to model each dataset."}, "dsDescriptionDate": {"typeName": "dsDescriptionDate", "multiple": false, "typeClass": "primitive", "value": "2017-07-10"}}]}, {"typeName": "subject", "multiple": true, "typeClass": "controlledVocabulary", "value": ["Computer and Information Science"]}, {"typeName": "depositor", "multiple": false, "typeClass": "primitive", "value": "Barnett, Mark"}, {"typeName": "dateOfDeposit", "multiple": false, "typeClass": "primitive", "value": "2018-02-14"}]}, "las": {"displayName": "LAS Metadata", "fields": [{"typeName": "LASkeywords", "multiple": true, "typeClass": "primitive", "value": ["DO7", "CT1", "TBD"]}, {"typeName": "LASdateAdded", "multiple": false, "typeClass": "primitive", "value": "2018-02-14"}, {"typeName": "LASitemType", "multiple": false, "typeClass": "controlledVocabulary", "value": "Report"}, {"typeName": "LASdateUpdated", "multiple": false, "typeClass": "primitive", "value": "2018-02-14"}, {"typeName": "LASdistributionURL", "multiple": false, "typeClass": "primitive", "value": "https://drive.google.com/open?id=1ZLVhCTtkFUHg2wdl22SNCAyDksqmaxSl"}]}}}, "global_entity_id": 5315}