{"data": {"id": 1282, "versionState": "DRAFT", "productionDate": "Production Date", "lastUpdateTime": "2018-02-15T14:59:55Z", "createTime": "2018-02-15T14:59:55Z", "license": "CC0", "termsOfUse": "CC0 Waiver", "metadataBlocks": {"citation": {"displayName": "Citation Metadata", "fields": [{"typeName": "title", "multiple": false, "typeClass": "primitive", "value": "MBA-EGR 590 Fall 2017 Decision Analytics  Practicum Anticipatory Thinking Projects"}, {"typeName": "author", "multiple": true, "typeClass": "compound", "value": [{"authorName": {"typeName": "authorName", "multiple": false, "typeClass": "primitive", "value": "Tyler, Beverly"}, "authorAffiliation": {"typeName": "authorAffiliation", "multiple": false, "typeClass": "primitive", "value": "NCSU"}}, {"authorName": {"typeName": "authorName", "multiple": false, "typeClass": "primitive", "value": "Wright, Kevin"}, "authorAffiliation": {"typeName": "authorAffiliation", "multiple": false, "typeClass": "primitive", "value": "NCSU"}}, {"authorName": {"typeName": "authorName", "multiple": false, "typeClass": "primitive", "value": "Browning, Abigail"}, "authorAffiliation": {"typeName": "authorAffiliation", "multiple": false, "typeClass": "primitive", "value": "NCSU"}}]}, {"typeName": "datasetContact", "multiple": true, "typeClass": "compound", "value": [{"datasetContactName": {"typeName": "datasetContactName", "multiple": false, "typeClass": "primitive", "value": "Tyler, Beverly"}, "datasetContactAffiliation": {"typeName": "datasetContactAffiliation", "multiple": false, "typeClass": "primitive", "value": "NCSU"}, "datasetContactEmail": {"typeName": "datasetContactEmail", "multiple": false, "typeClass": "primitive", "value": "btyler@ncsu.edu"}}]}, {"typeName": "dsDescription", "multiple": true, "typeClass": "compound", "value": [{"dsDescriptionValue": {"typeName": "dsDescriptionValue", "multiple": false, "typeClass": "primitive", "value": "There has been an exponential increase in the need to collaborate and make decisions across traditional boundary lines of sectors (government, academia and industry), companies, disciplines, and qualitative vs. quantitative approaches to advance \u201cbig social issues\u201d such as security, sustainability, and health. Success in overcoming the barriers between these traditional boundaries\u00a0involves an understanding and appreciation of both the significance of the challenges as well as the potential benefits. This course provides students with some key theoretical models and tools that can serve as building blocks in a strong foundation for decision making in cross-sectoral, interdisciplinary collaboration to innovate, as they conduct messy, real world projects that involve government, academia, and industry. During the fall 2017 semester, students have been involved in conducting four projects with major social implications: a storm water project for Raleigh, an LED implementation program for hospitals, an electric vehicle infrastructure plan for Morrisville, NC, and a strategic assessment of the market for a new effluent management technology in the textiles industry. As part of their tool kit, students have been asked to assess the efficacy of the Scenario Explorer for Anticipatory Thinking (prototype) being created by Chris Argenta at ARA for LAS as a learning/instructional aid. This prototype is intended to assist them in thinking strategically about alternative futures."}, "dsDescriptionDate": {"typeName": "dsDescriptionDate", "multiple": false, "typeClass": "primitive", "value": "2017-12-06"}}]}, {"typeName": "subject", "multiple": true, "typeClass": "controlledVocabulary", "value": ["Arts and Humanities", "Social Sciences"]}, {"typeName": "depositor", "multiple": false, "typeClass": "primitive", "value": "Hill, Courtney"}, {"typeName": "dateOfDeposit", "multiple": false, "typeClass": "primitive", "value": "2018-02-15"}]}, "las": {"displayName": "LAS Metadata", "fields": [{"typeName": "LASkeywords", "multiple": true, "typeClass": "primitive", "value": ["DO7", "BT1", "TBD"]}, {"typeName": "LASdateAdded", "multiple": false, "typeClass": "primitive", "value": "2018-02-15"}, {"typeName": "LASitemType", "multiple": false, "typeClass": "controlledVocabulary", "value": "Presentation"}, {"typeName": "LASdateUpdated", "multiple": false, "typeClass": "primitive", "value": "2018-02-15"}, {"typeName": "LASdistributionURL", "multiple": false, "typeClass": "primitive", "value": "https://drive.google.com/open?id=1SHVGm3jZ5amDmLCgL_SHHdOcAc5kYFh_"}, {"typeName": "LASpresentation", "multiple": true, "typeClass": "compound", "value": [{"LASeventName": {"typeName": "LASeventName", "multiple": false, "typeClass": "primitive", "value": "2017 Research Symposium"}, "LASeventLocation": {"typeName": "LASeventLocation", "multiple": false, "typeClass": "primitive", "value": "Raleigh, NC"}, "LASdatePresented": {"typeName": "LASdatePresented", "multiple": false, "typeClass": "primitive", "value": "2017-12-06"}}]}]}}}, "global_entity_id": 5319}