{"data": {"id": 1284, "versionState": "DRAFT", "productionDate": "Production Date", "lastUpdateTime": "2018-02-15T15:50:10Z", "createTime": "2018-02-15T15:46:35Z", "license": "CC0", "termsOfUse": "CC0 Waiver", "metadataBlocks": {"citation": {"displayName": "Citation Metadata", "fields": [{"typeName": "title", "multiple": false, "typeClass": "primitive", "value": "Learning to Transform Operations at the LAS: A Partnership between NSA,NCSU, and Industry."}, {"typeName": "author", "multiple": true, "typeClass": "compound", "value": [{"authorName": {"typeName": "authorName", "multiple": false, "typeClass": "primitive", "value": "Tyler, Beverly"}}]}, {"typeName": "datasetContact", "multiple": true, "typeClass": "compound", "value": [{"datasetContactName": {"typeName": "datasetContactName", "multiple": false, "typeClass": "primitive", "value": "Tyler, Beverly"}, "datasetContactEmail": {"typeName": "datasetContactEmail", "multiple": false, "typeClass": "primitive", "value": "btyler@ncsu.edu"}}]}, {"typeName": "dsDescription", "multiple": true, "typeClass": "compound", "value": [{"dsDescriptionValue": {"typeName": "dsDescriptionValue", "multiple": false, "typeClass": "primitive", "value": "The National Security Agency (NSA) has established a strategic partnership with NC State University (NC State) called the Laboratory of Analytic Sciences (LAS) to address big-data problems related to national security and promote new advances in the science of analysis. This study, grounded in behavioral theory and practice theory, seeks to understand how complex organizations like NSA leverage interdisciplinary scientific projects with strategic partners in academia and industry to transform learning in their core operations. Using a qualitative, process approach based on interviews we 1) tease out how learning routines within and across levels absorb new knowledge; 2) assess the specific practices used to overcome inevitable conflicts; and 3) consider the style of learning used to overcome bounded rationality and deal with noisy, fragmented knowledge. \r\n"}, "dsDescriptionDate": {"typeName": "dsDescriptionDate", "multiple": false, "typeClass": "primitive", "value": "2017-05-17"}}]}, {"typeName": "subject", "multiple": true, "typeClass": "controlledVocabulary", "value": ["Business and Management"]}, {"typeName": "depositor", "multiple": false, "typeClass": "primitive", "value": "Barnett, Mark"}, {"typeName": "dateOfDeposit", "multiple": false, "typeClass": "primitive", "value": "2018-02-15"}]}, "las": {"displayName": "LAS Metadata", "fields": [{"typeName": "LASkeywords", "multiple": true, "typeClass": "primitive", "value": ["DO7", "BT1", "TBD"]}, {"typeName": "LASitemType", "multiple": false, "typeClass": "controlledVocabulary", "value": "Presentation"}, {"typeName": "LASdateAdded", "multiple": false, "typeClass": "primitive", "value": "2017-05-28"}, {"typeName": "LASdateUpdated", "multiple": false, "typeClass": "primitive", "value": "2017"}, {"typeName": "LASdistributionURL", "multiple": false, "typeClass": "primitive", "value": "https://drive.google.cn?id=0BxodyJjfbXpMM2VNcDVTbDh3ZmJIN25UU3lQUzJWdkV1dGtjom/ope"}, {"typeName": "LASpresentation", "multiple": true, "typeClass": "compound", "value": [{"LASeventName": {"typeName": "LASeventName", "multiple": false, "typeClass": "primitive", "value": "Strategic Management Society"}, "LASeventLocation": {"typeName": "LASeventLocation", "multiple": false, "typeClass": "primitive", "value": "Banff, Canada"}, "LASdatePresented": {"typeName": "LASdatePresented", "multiple": false, "typeClass": "primitive", "value": "2017-05-17"}}]}]}}}, "global_entity_id": 5323}