{"data": {"id": 1288, "versionState": "DRAFT", "productionDate": "Production Date", "lastUpdateTime": "2018-02-18T18:11:05Z", "createTime": "2018-02-18T18:11:05Z", "license": "CC0", "termsOfUse": "CC0 Waiver", "metadataBlocks": {"citation": {"displayName": "Citation Metadata", "fields": [{"typeName": "title", "multiple": false, "typeClass": "primitive", "value": "Individual Differences in Episodic Memory Abilities Predict Successful Prospective Memory Output Monitoring"}, {"typeName": "author", "multiple": true, "typeClass": "compound", "value": [{"authorName": {"typeName": "authorName", "multiple": false, "typeClass": "primitive", "value": "Ball, B. Hunter"}, "authorAffiliation": {"typeName": "authorAffiliation", "multiple": false, "typeClass": "primitive", "value": "Washington University in St. Louis"}}, {"authorName": {"typeName": "authorName", "multiple": false, "typeClass": "primitive", "value": "Pitaes, Margarita"}, "authorAffiliation": {"typeName": "authorAffiliation", "multiple": false, "typeClass": "primitive", "value": "Arizona State University"}}, {"authorName": {"typeName": "authorName", "multiple": false, "typeClass": "primitive", "value": "Brewer, Gene"}, "authorAffiliation": {"typeName": "authorAffiliation", "multiple": false, "typeClass": "primitive", "value": "Arizona State University"}}]}, {"typeName": "datasetContact", "multiple": true, "typeClass": "compound", "value": [{"datasetContactName": {"typeName": "datasetContactName", "multiple": false, "typeClass": "primitive", "value": "Brewer, Gene"}, "datasetContactAffiliation": {"typeName": "datasetContactAffiliation", "multiple": false, "typeClass": "primitive", "value": "Arizona State University"}, "datasetContactEmail": {"typeName": "datasetContactEmail", "multiple": false, "typeClass": "primitive", "value": "gene.brewer@asu.edu"}}]}, {"typeName": "dsDescription", "multiple": true, "typeClass": "compound", "value": [{"dsDescriptionValue": {"typeName": "dsDescriptionValue", "multiple": false, "typeClass": "primitive", "value": "Output monitoring refers to memory for one\u2019s previously completed actions. In the context of\r\nprospective memory (e.g., remembering to take medication), failures of output monitoring can\r\nresult in repetitions and omissions of planned actions (e.g., over- or under-medication). To be\r\nsuccessful in output monitoring paradigms, participants must flexibly control attention to detect\r\nprospective memory cues as well as engage controlled retrieval of previous actions whenever a\r\nparticular cue is encountered. The current study examined individual differences in output\r\nmonitoring abilities in a group of younger adults differing in attention control and episodic\r\nmemory abilities. The results showed that attention control ability uniquely predicted successful\r\ncue detection on the first presentation, whereas episodic memory ability uniquely predicted\r\nsuccessful output monitoring on the second presentation. The current study highlights the importance of examining external correlates of prospective memory abilities and contributes to\r\nthe growing body of research on individual differences in prospective memory."}, "dsDescriptionDate": {"typeName": "dsDescriptionDate", "multiple": false, "typeClass": "primitive", "value": "2018-02-18"}}]}, {"typeName": "subject", "multiple": true, "typeClass": "controlledVocabulary", "value": ["Social Sciences"]}, {"typeName": "depositor", "multiple": false, "typeClass": "primitive", "value": "Wilson, Alyson"}, {"typeName": "dateOfDeposit", "multiple": false, "typeClass": "primitive", "value": "2018-02-18"}]}, "las": {"displayName": "LAS Metadata", "fields": [{"typeName": "LASkeywords", "multiple": true, "typeClass": "primitive", "value": ["DO7.1", "GB1", "TBD"]}, {"typeName": "LASitemType", "multiple": false, "typeClass": "controlledVocabulary", "value": "Report"}, {"typeName": "LASdateAdded", "multiple": false, "typeClass": "primitive", "value": "2018-02-18"}, {"typeName": "LASdateUpdated", "multiple": false, "typeClass": "primitive", "value": "2018-02-18"}, {"typeName": "LASdistributionURL", "multiple": false, "typeClass": "primitive", "value": "https://drive.google.com/open?id=1rn6nc5VRiWI4m3sSUH6OtEs3gufYOWEj"}, {"typeName": "LASpublication", "multiple": false, "typeClass": "compound", "value": {"LASjournal": {"typeName": "LASjournal", "multiple": false, "typeClass": "primitive", "value": "Memory"}}}]}}}, "global_entity_id": 5333}