{"data": {"id": 1290, "versionState": "DRAFT", "productionDate": "Production Date", "lastUpdateTime": "2018-02-18T18:35:06Z", "createTime": "2018-02-18T18:35:06Z", "license": "CC0", "termsOfUse": "CC0 Waiver", "metadataBlocks": {"citation": {"displayName": "Citation Metadata", "fields": [{"typeName": "title", "multiple": false, "typeClass": "primitive", "value": "LAS Work Reflection"}, {"typeName": "author", "multiple": true, "typeClass": "compound", "value": [{"authorName": {"typeName": "authorName", "multiple": false, "typeClass": "primitive", "value": "Browning, Abigail"}, "authorAffiliation": {"typeName": "authorAffiliation", "multiple": false, "typeClass": "primitive", "value": "North Carolina State University"}}]}, {"typeName": "datasetContact", "multiple": true, "typeClass": "compound", "value": [{"datasetContactName": {"typeName": "datasetContactName", "multiple": false, "typeClass": "primitive", "value": "Browning, Abigail"}, "datasetContactAffiliation": {"typeName": "datasetContactAffiliation", "multiple": false, "typeClass": "primitive", "value": "North Carolina State University"}, "datasetContactEmail": {"typeName": "datasetContactEmail", "multiple": false, "typeClass": "primitive", "value": "apbrowni@ncsu.edu"}}]}, {"typeName": "dsDescription", "multiple": true, "typeClass": "compound", "value": [{"dsDescriptionValue": {"typeName": "dsDescriptionValue", "multiple": false, "typeClass": "primitive", "value": "As a Graduate Extension Assistantship (GEA) awardee, I joined the Laboratory of Analytic Sciences (LAS) from the interdisciplinary program of Communication, Rhetoric, and Digital Media Studies (CRDM) at NC State University as a doctoral graduate student.  After meeting with Alyson Wilson and her staff, I was placed in the Anticipatory Thinking (AT) research group in summer 2017. More specifically, my mentor, Adam Amos-Banks, and Chris Argenta from Applied Research Associates, Inc. (ARA) decided I would benefit from working on-site with ARA on their project. Over the past eight months, I have provided communication expertise, conducted research, taught workshops, and implemented their prototypes in NCSU classrooms; and, in turn, I have acquired valuable institutional knowledge and tradecraft concerning futures analysis and anticipatory thinking."}, "dsDescriptionDate": {"typeName": "dsDescriptionDate", "multiple": false, "typeClass": "primitive", "value": "2017-12-24"}}]}, {"typeName": "subject", "multiple": true, "typeClass": "controlledVocabulary", "value": ["Arts and Humanities"]}, {"typeName": "depositor", "multiple": false, "typeClass": "primitive", "value": "Wilson, Alyson"}, {"typeName": "dateOfDeposit", "multiple": false, "typeClass": "primitive", "value": "2018-02-18"}]}, "las": {"displayName": "LAS Metadata", "fields": [{"typeName": "LASkeywords", "multiple": true, "typeClass": "primitive", "value": ["DO7", "AB2", "SC7", "A174", "R227"]}, {"typeName": "LASitemType", "multiple": false, "typeClass": "controlledVocabulary", "value": "Report"}, {"typeName": "LASdateAdded", "multiple": false, "typeClass": "primitive", "value": "2018-02-18"}, {"typeName": "LASdateUpdated", "multiple": false, "typeClass": "primitive", "value": "2018-02-18"}, {"typeName": "LASdistributionURL", "multiple": false, "typeClass": "primitive", "value": "https://drive.google.com/open?id=17q6xrqOHSO038XiOtbzG29JgYecc0zno"}]}}}, "global_entity_id": 5338}