{"data": {"id": 1295, "versionState": "DRAFT", "productionDate": "Production Date", "lastUpdateTime": "2018-02-19T14:57:08Z", "createTime": "2018-02-19T14:57:08Z", "license": "CC0", "termsOfUse": "CC0 Waiver", "metadataBlocks": {"citation": {"displayName": "Citation Metadata", "fields": [{"typeName": "title", "multiple": false, "typeClass": "primitive", "value": "You Are When You Tweet: Automatic Segmentation of Consumers Based On Social Media Activity"}, {"typeName": "author", "multiple": true, "typeClass": "compound", "value": [{"authorName": {"typeName": "authorName", "multiple": false, "typeClass": "primitive", "value": "Weishampel, Anthony"}, "authorAffiliation": {"typeName": "authorAffiliation", "multiple": false, "typeClass": "primitive", "value": "NCSU"}}, {"authorName": {"typeName": "authorName", "multiple": false, "typeClass": "primitive", "value": "Rand, William "}, "authorAffiliation": {"typeName": "authorAffiliation", "multiple": false, "typeClass": "primitive", "value": "NCSU"}}]}, {"typeName": "datasetContact", "multiple": true, "typeClass": "compound", "value": [{"datasetContactName": {"typeName": "datasetContactName", "multiple": false, "typeClass": "primitive", "value": "Rand, William "}, "datasetContactAffiliation": {"typeName": "datasetContactAffiliation", "multiple": false, "typeClass": "primitive", "value": "NCSU"}, "datasetContactEmail": {"typeName": "datasetContactEmail", "multiple": false, "typeClass": "primitive", "value": "wmrand@ncsu.edu"}}]}, {"typeName": "dsDescription", "multiple": true, "typeClass": "compound", "value": [{"dsDescriptionValue": {"typeName": "dsDescriptionValue", "multiple": false, "typeClass": "primitive", "value": "Social Media provides a far-reaching platform for social and political in\ufb02uencers to spread their beliefs. Firms and organizations often cannot and sometimes should not respond to nor engage with every user. Knowing as much as possible about the users is vital in order to maximize the organization\u2019s resources. The user may clearly provide the necessary information via the social media platform, but more often than not social media profiles are empty or filled with irrelevant content. In this study, we examine the ability to automatically classify three marketing-relevant characteristics of social media users: geography, customer lifetime value, and future word of mouth. We use a machine learning method known as Causal State Modeling. Casual State Models (CSM) are able to describe and predict a user\u2019s social media behavior. Through modeling the behaviors of users with the known desired and undesired characteristics, we are able to construct a classifier that can examine an unknown individual and classify their characteristics. CSMs are built on the individual and group levels to determine whether it is necessary to model the individual completely, or whether a simpler group-level model is sufficient for classification. We show that we are able to successfully predict some characteristics, and that the individual models performed better than the group levels for classifying the unknown users. We also describe how our general framework can include additional features that will help improve the results of our current classifier. \r\n"}, "dsDescriptionDate": {"typeName": "dsDescriptionDate", "multiple": false, "typeClass": "primitive", "value": "2017-12-06"}}]}, {"typeName": "subject", "multiple": true, "typeClass": "controlledVocabulary", "value": ["Business and Management", "Mathematical Sciences"]}, {"typeName": "depositor", "multiple": false, "typeClass": "primitive", "value": "Hill, Courtney"}, {"typeName": "dateOfDeposit", "multiple": false, "typeClass": "primitive", "value": "2018-02-19"}]}, "las": {"displayName": "LAS Metadata", "fields": [{"typeName": "LASkeywords", "multiple": true, "typeClass": "primitive", "value": ["DO7", "BR1", "TBD"]}, {"typeName": "LASitemType", "multiple": false, "typeClass": "controlledVocabulary", "value": "Presentation"}, {"typeName": "LASdateAdded", "multiple": false, "typeClass": "primitive", "value": "2018-02-19"}, {"typeName": "LASdateUpdated", "multiple": false, "typeClass": "primitive", "value": "2018-02-19"}, {"typeName": "LASdistributionURL", "multiple": false, "typeClass": "primitive", "value": "https://drive.google.com/open?id=1QiglFdHsUMC5jMwsrph30VUSNJtbAkWE"}, {"typeName": "LASpresentation", "multiple": true, "typeClass": "compound", "value": [{"LASeventName": {"typeName": "LASeventName", "multiple": false, "typeClass": "primitive", "value": "2017 Research Symposium"}, "LASeventLocation": {"typeName": "LASeventLocation", "multiple": false, "typeClass": "primitive", "value": "Raleigh, NC"}, "LASdatePresented": {"typeName": "LASdatePresented", "multiple": false, "typeClass": "primitive", "value": "2017-12-06"}}]}]}}}, "global_entity_id": 5349}