{"data": {"id": 1307, "versionState": "DRAFT", "productionDate": "Production Date", "lastUpdateTime": "2018-02-20T16:35:08Z", "createTime": "2018-02-20T14:54:07Z", "license": "CC0", "termsOfUse": "CC0 Waiver", "metadataBlocks": {"citation": {"displayName": "Citation Metadata", "fields": [{"typeName": "title", "multiple": false, "typeClass": "primitive", "value": "Imagination Support for Anticipatory Thinking System/Software Design and Tradecraft Use Cases"}, {"typeName": "author", "multiple": true, "typeClass": "compound", "value": [{"authorName": {"typeName": "authorName", "multiple": false, "typeClass": "primitive", "value": "Argenta, Chris"}, "authorAffiliation": {"typeName": "authorAffiliation", "multiple": false, "typeClass": "primitive", "value": "ARA"}}]}, {"typeName": "datasetContact", "multiple": true, "typeClass": "compound", "value": [{"datasetContactName": {"typeName": "datasetContactName", "multiple": false, "typeClass": "primitive", "value": "Argenta,Chris"}, "datasetContactAffiliation": {"typeName": "datasetContactAffiliation", "multiple": false, "typeClass": "primitive", "value": "ARA"}, "datasetContactEmail": {"typeName": "datasetContactEmail", "multiple": false, "typeClass": "primitive", "value": "cargenta@ara.com"}}]}, {"typeName": "dsDescription", "multiple": true, "typeClass": "compound", "value": [{"dsDescriptionValue": {"typeName": "dsDescriptionValue", "multiple": false, "typeClass": "primitive", "value": "Large, dynamic, and complex systems (like Smart Cities) have the potential to significantly change the\r\ncontext in which future decisions are made and information is understood. Anticipating the potential\r\nevolutionary paths and their consequences (both intentional and collateral) is critical to avoiding\r\ntechnological, policy, security, and financial surprises. ARA\u2019s Imagination Support envisions tools and\r\ntradecraft that:\r\n\u2022 Allow users to collaboratively develop a shared mental model of the domain\r\n\u2022 Systematically elicits\u00a0\u00a0and discovers conditioning events from users/analysts\r\n\u2022 Applies advanced AI and analytics to process and manage the explosion of possibilities\u00a0\u00a0\r\n\u2022 Creates distilled visual representations of the complex causal world model that help analysts\r\nmake sense out of complex futures trajectories"}, "dsDescriptionDate": {"typeName": "dsDescriptionDate", "multiple": false, "typeClass": "primitive", "value": "2017-03-31"}}]}, {"typeName": "subject", "multiple": true, "typeClass": "controlledVocabulary", "value": ["Computer and Information Science"]}, {"typeName": "depositor", "multiple": false, "typeClass": "primitive", "value": "Barnett, Mark"}, {"typeName": "dateOfDeposit", "multiple": false, "typeClass": "primitive", "value": "2018-02-20"}]}, "las": {"displayName": "LAS Metadata", "fields": [{"typeName": "LASkeywords", "multiple": true, "typeClass": "primitive", "value": ["DO7", "CA2", "TBD"]}, {"typeName": "LASitemType", "multiple": false, "typeClass": "controlledVocabulary", "value": "Report"}, {"typeName": "LASdateAdded", "multiple": false, "typeClass": "primitive", "value": "2018-02-20"}, {"typeName": "LASdateUpdated", "multiple": false, "typeClass": "primitive", "value": "2018-02-20"}, {"typeName": "LASdistributionURL", "multiple": false, "typeClass": "primitive", "value": "https://drive.google.com/open?id=1wxJZB4dC8hT5dY5vo-8DideAde0eHrlu"}]}}}, "global_entity_id": 5373}