{"data": {"id": 1310, "versionState": "DRAFT", "productionDate": "Production Date", "lastUpdateTime": "2018-02-25T23:38:15Z", "createTime": "2018-02-20T16:10:01Z", "license": "CC0", "termsOfUse": "CC0 Waiver", "metadataBlocks": {"citation": {"displayName": "Citation Metadata", "fields": [{"typeName": "title", "multiple": false, "typeClass": "primitive", "value": "An Interpretable Generative Adversarial Approach to Classification of Latent Entity Relations from Unstructured Sentences"}, {"typeName": "author", "multiple": true, "typeClass": "compound", "value": [{"authorName": {"typeName": "authorName", "multiple": false, "typeClass": "primitive", "value": "Hsu, Shiou Tian"}, "authorAffiliation": {"typeName": "authorAffiliation", "multiple": false, "typeClass": "primitive", "value": "NCSU"}}, {"authorName": {"typeName": "authorName", "multiple": false, "typeClass": "primitive", "value": "Moon, Changsung"}, "authorAffiliation": {"typeName": "authorAffiliation", "multiple": false, "typeClass": "primitive", "value": "NCSU"}}, {"authorName": {"typeName": "authorName", "multiple": false, "typeClass": "primitive", "value": "Jones, Paul"}, "authorAffiliation": {"typeName": "authorAffiliation", "multiple": false, "typeClass": "primitive", "value": "LAS-G"}}, {"authorName": {"typeName": "authorName", "multiple": false, "typeClass": "primitive", "value": "Samatova, Nagiza"}, "authorAffiliation": {"typeName": "authorAffiliation", "multiple": false, "typeClass": "primitive", "value": "NCSU"}}]}, {"typeName": "datasetContact", "multiple": true, "typeClass": "compound", "value": [{"datasetContactName": {"typeName": "datasetContactName", "multiple": false, "typeClass": "primitive", "value": "Samatova, Nagiza"}, "datasetContactAffiliation": {"typeName": "datasetContactAffiliation", "multiple": false, "typeClass": "primitive", "value": "NCSU"}, "datasetContactEmail": {"typeName": "datasetContactEmail", "multiple": false, "typeClass": "primitive", "value": "nfsamato@ncsu.edu"}}]}, {"typeName": "dsDescription", "multiple": true, "typeClass": "compound", "value": [{"dsDescriptionValue": {"typeName": "dsDescriptionValue", "multiple": false, "typeClass": "primitive", "value": "We propose a generative adversarial neural network model for relation classification that attempts to emulate the way in which human analysts might process sentences. Our approach provides two unique benefits over existing capabilities: (1) we make predictions by finding and exploiting supportive rationales to improve interpretability (i.e. words or phrases extracted from a sentence that a person can reason upon), and\r\n(2) we allow predictions to be corrected by adjusting the rationales. Our model consists of three connected stages: Generator, Selector, and Encoder. The Generator identifies candidate text fragments; the Selector decides which fragments can be used as rationales depending on the goal; and finally, the Encoder performs relation reasoning on the rationales. While the Encoder is trained supervised to predict the relations, the\r\nGenerator and Selector are designed as unsupervised models to identify rationales without prior knowledge, but they can also be adjusted to semi-supervised learning through human annotations. We evaluate our model on 19-classes relation classification task from SemEval 2010. Experiments demonstrate that our approach outperforms state-of-the-art models, and that our model is capable of extracting good rationales and can benefit from labeled rationales if provided."}, "dsDescriptionDate": {"typeName": "dsDescriptionDate", "multiple": false, "typeClass": "primitive", "value": "2017-09-07"}}]}, {"typeName": "subject", "multiple": true, "typeClass": "controlledVocabulary", "value": ["Computer and Information Science"]}, {"typeName": "depositor", "multiple": false, "typeClass": "primitive", "value": "Barnett, Mark"}, {"typeName": "dateOfDeposit", "multiple": false, "typeClass": "primitive", "value": "2018-02-20"}]}, "las": {"displayName": "LAS Metadata", "fields": [{"typeName": "LASkeywords", "multiple": true, "typeClass": "primitive", "value": ["DO7", "PJ1", "NS1", "A7", "A186", "R244"]}, {"typeName": "LASdateAdded", "multiple": false, "typeClass": "primitive", "value": "2018-02-20"}, {"typeName": "LASitemType", "multiple": false, "typeClass": "controlledVocabulary", "value": "Presentation"}, {"typeName": "LASdateUpdated", "multiple": false, "typeClass": "primitive", "value": "2018-02-20"}, {"typeName": "LASdistributionURL", "multiple": false, "typeClass": "primitive", "value": "https://drive.google.com/open?id=1_PRgD_qveWzR1cgMVzCzYT1T1v5LLJhk"}, {"typeName": "LASpresentation", "multiple": true, "typeClass": "compound", "value": [{"LASeventName": {"typeName": "LASeventName", "multiple": false, "typeClass": "primitive", "value": "AAAI-2018 Conference"}}]}]}}}, "global_entity_id": 5381}