{"data": {"id": 1313, "versionState": "DRAFT", "productionDate": "Production Date", "lastUpdateTime": "2018-02-20T17:12:40Z", "createTime": "2018-02-20T17:12:40Z", "license": "CC0", "termsOfUse": "CC0 Waiver", "metadataBlocks": {"citation": {"displayName": "Citation Metadata", "fields": [{"typeName": "title", "multiple": false, "typeClass": "primitive", "value": "Developing Collective Identity in a Cross Sector Partnership"}, {"typeName": "author", "multiple": true, "typeClass": "compound", "value": [{"authorName": {"typeName": "authorName", "multiple": false, "typeClass": "primitive", "value": "Typhina, Eli"}, "authorAffiliation": {"typeName": "authorAffiliation", "multiple": false, "typeClass": "primitive", "value": "NCSU"}}, {"authorName": {"typeName": "authorName", "multiple": false, "typeClass": "primitive", "value": "Jameson, Jessica"}, "authorAffiliation": {"typeName": "authorAffiliation", "multiple": false, "typeClass": "primitive", "value": "NCSU"}}]}, {"typeName": "datasetContact", "multiple": true, "typeClass": "compound", "value": [{"datasetContactName": {"typeName": "datasetContactName", "multiple": false, "typeClass": "primitive", "value": "Jameson, Jessica"}, "datasetContactAffiliation": {"typeName": "datasetContactAffiliation", "multiple": false, "typeClass": "primitive", "value": "NCSU"}, "datasetContactEmail": {"typeName": "datasetContactEmail", "multiple": false, "typeClass": "primitive", "value": "jameson@ncsu.edu"}}]}, {"typeName": "dsDescription", "multiple": true, "typeClass": "compound", "value": [{"dsDescriptionValue": {"typeName": "dsDescriptionValue", "multiple": false, "typeClass": "primitive", "value": "Cross Sector Partnerships (XSP) have emerged to address complex, multi-dimensional problems. Using an action research methodology, we examined the conversations and texts and whether they revealed emergence of an authoritative text.  We started the process by developing a diagram of an organization\u2019s work life cycle and materials needed to support organizational functioning.  We then conducted 13 interviews with organizational members, showing the diagram and adjusting it according to interviewee responses. The process revealed conflicts in perceptions of organizational structure and afforded a reflexive space for unifying participants around a common understanding of organizational needs. Results show the importance of managing the tension between individual agency and collective identity through facilitating participation of diverse member voices.  \r\n"}, "dsDescriptionDate": {"typeName": "dsDescriptionDate", "multiple": false, "typeClass": "primitive", "value": "2017-10-31"}}]}, {"typeName": "subject", "multiple": true, "typeClass": "controlledVocabulary", "value": ["Business and Management"]}, {"typeName": "depositor", "multiple": false, "typeClass": "primitive", "value": "Barnett, Mark"}, {"typeName": "dateOfDeposit", "multiple": false, "typeClass": "primitive", "value": "2018-02-20"}]}, "las": {"displayName": "LAS Metadata", "fields": [{"typeName": "LASkeywords", "multiple": true, "typeClass": "primitive", "value": ["DO7", "ET1", "JJ1", "TBD"]}, {"typeName": "LASdateAdded", "multiple": false, "typeClass": "primitive", "value": "2018-02-20"}, {"typeName": "LASitemType", "multiple": false, "typeClass": "controlledVocabulary", "value": "Presentation"}, {"typeName": "LASdateUpdated", "multiple": false, "typeClass": "primitive", "value": "2018-02-20"}, {"typeName": "LASdistributionURL", "multiple": false, "typeClass": "primitive", "value": "https://drive.google.com/open?id=1H-QT4bs96tliKahCYUtZYBBsZrlawYGt"}, {"typeName": "LASpresentation", "multiple": true, "typeClass": "compound", "value": [{"LASeventName": {"typeName": "LASeventName", "multiple": false, "typeClass": "primitive", "value": "68th Annual Conference of Int'l Communication Assn"}, "LASeventLocation": {"typeName": "LASeventLocation", "multiple": false, "typeClass": "primitive", "value": "Prague, Czech Republic"}, "LASdatePresented": {"typeName": "LASdatePresented", "multiple": false, "typeClass": "primitive", "value": "2018-05-24"}}]}]}}}, "global_entity_id": 5387}