{"data": {"id": 1316, "versionState": "DRAFT", "productionDate": "Production Date", "lastUpdateTime": "2018-02-20T23:52:47Z", "createTime": "2018-02-20T23:52:47Z", "license": "CC0", "termsOfUse": "CC0 Waiver", "metadataBlocks": {"citation": {"displayName": "Citation Metadata", "fields": [{"typeName": "title", "multiple": false, "typeClass": "primitive", "value": "Interdisciplinary Intelligence Innovation Center Design: Lessons Learned at the Laboratory of Analytic Sciences (LAS) and Related Intelligence Community Efforts"}, {"typeName": "author", "multiple": true, "typeClass": "compound", "value": [{"authorName": {"typeName": "authorName", "multiple": false, "typeClass": "primitive", "value": "Overman, Trey"}, "authorAffiliation": {"typeName": "authorAffiliation", "multiple": false, "typeClass": "primitive", "value": "NCSU"}}]}, {"typeName": "datasetContact", "multiple": true, "typeClass": "compound", "value": [{"datasetContactName": {"typeName": "datasetContactName", "multiple": false, "typeClass": "primitive", "value": "Wilson, Alyson"}, "datasetContactEmail": {"typeName": "datasetContactEmail", "multiple": false, "typeClass": "primitive", "value": "agwilso2@ncsu.edu"}}]}, {"typeName": "dsDescription", "multiple": true, "typeClass": "compound", "value": [{"dsDescriptionValue": {"typeName": "dsDescriptionValue", "multiple": false, "typeClass": "primitive", "value": "How does one design and sustain an interdisciplinary science and technology laboratory that will develop the technologies and tradecraft necessary to improve intelligence and counter security threats? This paper will describe a unique institutional experiment established by the National Security Agency (NSA) at North Carolina State University (NC State): the Laboratory for Analytic Sciences (LAS). This groundbreaking lab brings together experts from academia, industry, and intelligence to work collaboratively in research teams to solve data analysis problems in intelligence. We describe the unique positioning of this lab and discuss its successes and challenges, before providing advice on how to make it sustainable. We then compare this lab with related efforts within the U.S. intelligence community and propose future model options. \r\n"}}]}, {"typeName": "subject", "multiple": true, "typeClass": "controlledVocabulary", "value": ["Business and Management"]}, {"typeName": "depositor", "multiple": false, "typeClass": "primitive", "value": "Barnett, Mark"}, {"typeName": "dateOfDeposit", "multiple": false, "typeClass": "primitive", "value": "2018-02-20"}]}, "las": {"displayName": "LAS Metadata", "fields": [{"typeName": "LASkeywords", "multiple": true, "typeClass": "primitive", "value": ["DO7", "AW1", "TBD"]}, {"typeName": "LASdateAdded", "multiple": false, "typeClass": "primitive", "value": "2018-02-20"}, {"typeName": "LASitemType", "multiple": false, "typeClass": "controlledVocabulary", "value": "Report"}, {"typeName": "LASdateUpdated", "multiple": false, "typeClass": "primitive", "value": "2018-02-20"}, {"typeName": "LASdistributionURL", "multiple": false, "typeClass": "primitive", "value": "https://drive.google.com/open?id=19ovPsJVoH7j5jsxDbggXjy-IM4TsEbgx"}]}}}, "global_entity_id": 5393}