{"data": {"id": 1343, "versionState": "DRAFT", "productionDate": "Production Date", "lastUpdateTime": "2018-03-08T11:17:52Z", "createTime": "2018-03-07T14:40:41Z", "license": "NONE", "metadataBlocks": {"citation": {"displayName": "Citation Metadata", "fields": [{"typeName": "title", "multiple": false, "typeClass": "primitive", "value": "Scenario Planning for Enterprise Risk Management"}, {"typeName": "author", "multiple": true, "typeClass": "compound", "value": [{"authorName": {"typeName": "authorName", "multiple": false, "typeClass": "primitive", "value": "Feblowitz, Mark"}, "authorAffiliation": {"typeName": "authorAffiliation", "multiple": false, "typeClass": "primitive", "value": "IBM"}}, {"authorName": {"typeName": "authorName", "multiple": false, "typeClass": "primitive", "value": "Sohrabi, Shirin"}, "authorAffiliation": {"typeName": "authorAffiliation", "multiple": false, "typeClass": "primitive", "value": "IBM"}}, {"authorName": {"typeName": "authorName", "multiple": false, "typeClass": "primitive", "value": "Udrea, Octavian "}, "authorAffiliation": {"typeName": "authorAffiliation", "multiple": false, "typeClass": "primitive", "value": "IBM"}}]}, {"typeName": "datasetContact", "multiple": true, "typeClass": "compound", "value": [{"datasetContactName": {"typeName": "datasetContactName", "multiple": false, "typeClass": "primitive", "value": "Dinger, Tim"}, "datasetContactAffiliation": {"typeName": "datasetContactAffiliation", "multiple": false, "typeClass": "primitive", "value": "IBM"}, "datasetContactEmail": {"typeName": "datasetContactEmail", "multiple": false, "typeClass": "primitive", "value": "dinger@us.ibm.com"}}]}, {"typeName": "dsDescription", "multiple": true, "typeClass": "compound", "value": [{"dsDescriptionValue": {"typeName": "dsDescriptionValue", "multiple": false, "typeClass": "primitive", "value": " Scenario planning is a commonly used method for organizations to develop\r\ntheir long-term plans. In this talk, we show that formulating an AI planning problem,\r\nand applying AI planning and plan recognition techniques to develop scenarios,\r\nprovides a unique advantage for scenario planning. We summarize our experience and\r\nthe initial results from implementing, deploying, and operating the IBM Scenario\r\nPlanning Advisor (SPA), a decision support system that uses lightweight semantic\r\nmodels to assist finance organizations in identifying and managing emerging risk,\r\nspecifically those risks associated with changes in global or local economies, politics,\r\ntechnology, society, and others. SPA takes as input the relevant information from\r\nnews and social media, representing key risk drivers, and generates scenarios that\r\nexplain the key risk drivers and describe alternative possible futures. Our approach is\r\ncomplementary to traditional data science techniques for forecasting, in that it encodes\r\ndomain expert knowledge thus enabling identification of alternatives for which there\r\nare few or no prior examples and for which there is little or no predictive data. We\r\nprovide a characterization of the problem in terms of cost-optimal planning and\r\ndescribe the knowledge engineering methodology and aggregation of alternative\r\nfuture paths (plans) into scenarios"}, "dsDescriptionDate": {"typeName": "dsDescriptionDate", "multiple": false, "typeClass": "primitive", "value": "2018-03-07"}}]}, {"typeName": "subject", "multiple": true, "typeClass": "controlledVocabulary", "value": ["Computer and Information Science"]}, {"typeName": "depositor", "multiple": false, "typeClass": "primitive", "value": "Wheatley"}, {"typeName": "dateOfDeposit", "multiple": false, "typeClass": "primitive", "value": "2018-03-07"}]}, "las": {"displayName": "LAS Metadata", "fields": [{"typeName": "LASkeywords", "multiple": true, "typeClass": "primitive", "value": ["DO6", "TD1", "BA6", "A99", "R201"]}, {"typeName": "LASitemType", "multiple": false, "typeClass": "controlledVocabulary", "value": "Presentation"}, {"typeName": "LASdateAdded", "multiple": false, "typeClass": "primitive", "value": "2018-03-07"}, {"typeName": "LASdateUpdated", "multiple": false, "typeClass": "primitive", "value": "2018-03-07"}]}}}, "global_entity_id": 5447}