{"data": {"id": 1365, "versionState": "DRAFT", "productionDate": "Production Date", "lastUpdateTime": "2018-03-15T19:21:22Z", "createTime": "2018-03-15T19:21:22Z", "license": "CC0", "termsOfUse": "CC0 Waiver", "metadataBlocks": {"citation": {"displayName": "Citation Metadata", "fields": [{"typeName": "title", "multiple": false, "typeClass": "primitive", "value": "Analysis Engine v1.0 Source Code"}, {"typeName": "author", "multiple": true, "typeClass": "compound", "value": [{"authorName": {"typeName": "authorName", "multiple": false, "typeClass": "primitive", "value": "Johnson, Judy"}}, {"authorName": {"typeName": "authorName", "multiple": false, "typeClass": "primitive", "value": "Younce, Brent"}}]}, {"typeName": "datasetContact", "multiple": true, "typeClass": "compound", "value": [{"datasetContactName": {"typeName": "datasetContactName", "multiple": false, "typeClass": "primitive", "value": "Crerar, Andrew"}, "datasetContactEmail": {"typeName": "datasetContactEmail", "multiple": false, "typeClass": "primitive", "value": "ascrerar@ncsu.edu"}}]}, {"typeName": "dsDescription", "multiple": true, "typeClass": "compound", "value": [{"dsDescriptionValue": {"typeName": "dsDescriptionValue", "multiple": false, "typeClass": "primitive", "value": "The Analysis Engine is a web based, highly scalable tool which aids analysts in problem deconstruction, organizes and tracks data gathered to create an audit trail, provides statistics to identify data gaps, and supports automatic report generation. The tool focuses on a structured, repeatable, and auditable problem deconstruction workflow."}}]}, {"typeName": "subject", "multiple": true, "typeClass": "controlledVocabulary", "value": ["Computer and Information Science"]}, {"typeName": "depositor", "multiple": false, "typeClass": "primitive", "value": "Crerar, Andrew"}, {"typeName": "dateOfDeposit", "multiple": false, "typeClass": "primitive", "value": "2018-03-15"}]}, "las": {"displayName": "LAS Metadata", "fields": [{"typeName": "LASkeywords", "multiple": true, "typeClass": "primitive", "value": ["DO7", "TBD"]}, {"typeName": "LASdateAdded", "multiple": false, "typeClass": "primitive", "value": "2018-03-15"}, {"typeName": "LASitemType", "multiple": false, "typeClass": "controlledVocabulary", "value": "Software"}, {"typeName": "LASdateUpdated", "multiple": false, "typeClass": "primitive", "value": "2018-03-15"}, {"typeName": "LASsoftware", "multiple": false, "typeClass": "compound", "value": {"LASsysRequirements": {"typeName": "LASsysRequirements", "multiple": false, "typeClass": "primitive", "value": "Dependency Requirements:\r\n\tCentOS>=7.0 or similar Unix/Linux OS\r\n\tapache>=2.2.15\r\n\tphp (with php-pgsql)>=5.3.3\r\n\tPostgreSQL>=9.5.9\r\n\tpsql>=8.4"}}}]}}}, "global_entity_id": 5579}