{"data": {"id": 1368, "versionState": "DRAFT", "productionDate": "Production Date", "lastUpdateTime": "2018-03-15T19:46:28Z", "createTime": "2018-03-15T19:46:28Z", "license": "CC0", "termsOfUse": "CC0 Waiver", "metadataBlocks": {"citation": {"displayName": "Citation Metadata", "fields": [{"typeName": "title", "multiple": false, "typeClass": "primitive", "value": "Knowledge Graph Completion for OpenKE Source Code"}, {"typeName": "author", "multiple": true, "typeClass": "compound", "value": [{"authorName": {"typeName": "authorName", "multiple": false, "typeClass": "primitive", "value": "Moon, Changsung"}}, {"authorName": {"typeName": "authorName", "multiple": false, "typeClass": "primitive", "value": "Samatova, Nagiza"}}]}, {"typeName": "datasetContact", "multiple": true, "typeClass": "compound", "value": [{"datasetContactName": {"typeName": "datasetContactName", "multiple": false, "typeClass": "primitive", "value": "Crerar, Andrew"}, "datasetContactEmail": {"typeName": "datasetContactEmail", "multiple": false, "typeClass": "primitive", "value": "ascrerar@ncsu.edu"}}]}, {"typeName": "dsDescription", "multiple": true, "typeClass": "compound", "value": [{"dsDescriptionValue": {"typeName": "dsDescriptionValue", "multiple": false, "typeClass": "primitive", "value": "This project is related to the publications: Learning Contextual Embeddings for Knowledge Graph Completion and Learning Entity Type Embeddings for Knowledge Graph Completion. See README.txt for details."}}]}, {"typeName": "subject", "multiple": true, "typeClass": "controlledVocabulary", "value": ["Computer and Information Science"]}, {"typeName": "depositor", "multiple": false, "typeClass": "primitive", "value": "Crerar, Andrew"}, {"typeName": "dateOfDeposit", "multiple": false, "typeClass": "primitive", "value": "2018-03-15"}]}, "las": {"displayName": "LAS Metadata", "fields": [{"typeName": "LASkeywords", "multiple": true, "typeClass": "primitive", "value": ["DO7", "TBD"]}, {"typeName": "LASitemType", "multiple": false, "typeClass": "controlledVocabulary", "value": "Software"}, {"typeName": "LASdateAdded", "multiple": false, "typeClass": "primitive", "value": "2018-03-15"}, {"typeName": "LASdateUpdated", "multiple": false, "typeClass": "primitive", "value": "2018-03-15"}, {"typeName": "LASsoftware", "multiple": false, "typeClass": "compound", "value": {"LASsysRequirements": {"typeName": "LASsysRequirements", "multiple": false, "typeClass": "primitive", "value": "Python==2.7"}}}]}}}, "global_entity_id": 5591}