{"data": {"id": 1370, "versionState": "DRAFT", "productionDate": "Production Date", "lastUpdateTime": "2018-03-15T19:52:00Z", "createTime": "2018-03-15T19:52:00Z", "license": "CC0", "termsOfUse": "CC0 Waiver", "metadataBlocks": {"citation": {"displayName": "Citation Metadata", "fields": [{"typeName": "title", "multiple": false, "typeClass": "primitive", "value": "Knowledge Graph Completion for OpenKE - Rationale for Relation Prediction Source Code"}, {"typeName": "author", "multiple": true, "typeClass": "compound", "value": [{"authorName": {"typeName": "authorName", "multiple": false, "typeClass": "primitive", "value": "Hsu, Shiou Tian"}}, {"authorName": {"typeName": "authorName", "multiple": false, "typeClass": "primitive", "value": "Samatova, Nagiza"}}]}, {"typeName": "datasetContact", "multiple": true, "typeClass": "compound", "value": [{"datasetContactName": {"typeName": "datasetContactName", "multiple": false, "typeClass": "primitive", "value": "Crerar, Andrew"}, "datasetContactEmail": {"typeName": "datasetContactEmail", "multiple": false, "typeClass": "primitive", "value": "ascrerar@ncsu.edu"}}]}, {"typeName": "dsDescription", "multiple": true, "typeClass": "compound", "value": [{"dsDescriptionValue": {"typeName": "dsDescriptionValue", "multiple": false, "typeClass": "primitive", "value": " The goal of this project is to make predictions on relation between 2 entities within a sentence. A good example is: \"He had chest pains and [headaches]e1 from [mold]e2 in the bedrooms\", and make the prediction that there's a Cause-Effect(e1,e2) relationship between the two entities. In addition, it should indicate words like \"from\" is a good indicator/evidence for the relation. See README.txt for details."}}]}, {"typeName": "subject", "multiple": true, "typeClass": "controlledVocabulary", "value": ["Computer and Information Science"]}, {"typeName": "depositor", "multiple": false, "typeClass": "primitive", "value": "Crerar, Andrew"}, {"typeName": "dateOfDeposit", "multiple": false, "typeClass": "primitive", "value": "2018-03-15"}]}, "las": {"displayName": "LAS Metadata", "fields": [{"typeName": "LASkeywords", "multiple": true, "typeClass": "primitive", "value": ["DO7", "TBD"]}, {"typeName": "LASdateAdded", "multiple": false, "typeClass": "primitive", "value": "2018-03-15"}, {"typeName": "LASitemType", "multiple": false, "typeClass": "controlledVocabulary", "value": "Software"}, {"typeName": "LASdateUpdated", "multiple": false, "typeClass": "primitive", "value": "2018-03-15"}, {"typeName": "LASsoftware", "multiple": false, "typeClass": "compound", "value": {"LASsysRequirements": {"typeName": "LASsysRequirements", "multiple": false, "typeClass": "primitive", "value": "Stanford CORENLP (https://stanfordnlp.github.io/CoreNLP/), Tensorflow(0.9), Numpy (1.13), stanford-corenlp-pywrapper(0.1.0), scikit-learn (0.19)"}}}]}}}, "global_entity_id": 5597}