{"data": {"id": 35, "versionState": "DRAFT", "productionDate": "Production Date", "lastUpdateTime": "2017-01-09T22:41:43Z", "createTime": "2016-06-06T13:49:55Z", "license": "CC0", "termsOfUse": "CC0 Waiver", "metadataBlocks": {"citation": {"displayName": "Citation Metadata", "fields": [{"typeName": "title", "multiple": false, "typeClass": "primitive", "value": "Anticipatory Intelligence Tradecraft Workshop Report Laboratory for Analytic Sciences"}, {"typeName": "author", "multiple": true, "typeClass": "compound", "value": [{"authorName": {"typeName": "authorName", "multiple": false, "typeClass": "primitive", "value": "O'Connell, Kevin"}, "authorAffiliation": {"typeName": "authorAffiliation", "multiple": false, "typeClass": "primitive", "value": "Innovative Analytics & Training"}}]}, {"typeName": "datasetContact", "multiple": true, "typeClass": "compound", "value": [{"datasetContactName": {"typeName": "datasetContactName", "multiple": false, "typeClass": "primitive", "value": "O'Connell, Kevin"}, "datasetContactAffiliation": {"typeName": "datasetContactAffiliation", "multiple": false, "typeClass": "primitive", "value": "Innovative Analytics & Training"}, "datasetContactEmail": {"typeName": "datasetContactEmail", "multiple": false, "typeClass": "primitive", "value": "TBD@tbd.com"}}]}, {"typeName": "dsDescription", "multiple": true, "typeClass": "compound", "value": [{"dsDescriptionValue": {"typeName": "dsDescriptionValue", "multiple": false, "typeClass": "primitive", "value": "Anticipatory Intelligence (AI) is a new concept that significantly enhances the Intelligence Community\u2019s (IC) approach to assessing the future.  AI is a critically needed response to the evolving requirements on the IC and its tradecraft, in particular due to the speed and complexity of today\u2019s intelligence challenges.  Moving beyond the traditional IC mission of warning, AI encompasses all aspects of assessing the future, from near-term to the far distance, in a systematic and integrated manner.  Moreover, AI readily accommodates a wide variety of analytic methods, whether qualitative, quantitative or mixed methods.\r\n\r\nAnticipatory Intelligence can apply to a wide range of geopolitical, economic, military and technical questions of import to U.S. national security.  For example, threats in cyberspace illustrate why the IC must adopt AI, as it starkly indicates that the previous emphasis on warning of imminent events is no longer sufficient and assessing intent over the long-term is needed.  The IC has much to do to implement AI widely, whether in business process, training and education, analytic tradecraft and policy support.\r\n\r\nThe efforts discussed here and in the attached slide deck review an exploratory discussion related to analytic tradecraft of potential value to AI.  Organizations such as the National Security Agency\u2019s (NSA) Laboratory for Analytic Sciences (LAS) at North Carolina State University (NCSU), because of its ability to tap a wide range of expertise and ability to operate outside of the press of the IC\u2019s daily crises and business, are well suited venues for envisioning, testing and disseminating that tradecraft."}}]}, {"typeName": "subject", "multiple": true, "typeClass": "controlledVocabulary", "value": ["Computer and Information Science", "Engineering"]}, {"typeName": "depositor", "multiple": false, "typeClass": "primitive", "value": "Admin, Dataverse"}, {"typeName": "dateOfDeposit", "multiple": false, "typeClass": "primitive", "value": "2016-06-06"}]}, "las": {"displayName": "LAS Metadata", "fields": [{"typeName": "LASkeywords", "multiple": true, "typeClass": "primitive", "value": ["TBD"]}, {"typeName": "LASdateAdded", "multiple": false, "typeClass": "primitive", "value": "2016-01-06"}, {"typeName": "LASitemType", "multiple": false, "typeClass": "controlledVocabulary", "value": "Report"}, {"typeName": "LASdateUpdated", "multiple": false, "typeClass": "primitive", "value": "2016-01-06"}]}}}, "global_entity_id": 56}