{"data": {"id": 1371, "versionState": "DRAFT", "productionDate": "Production Date", "lastUpdateTime": "2018-03-15T19:56:34Z", "createTime": "2018-03-15T19:56:34Z", "license": "CC0", "termsOfUse": "CC0 Waiver", "metadataBlocks": {"citation": {"displayName": "Citation Metadata", "fields": [{"typeName": "title", "multiple": false, "typeClass": "primitive", "value": "Tools for Creating Composable Coordinated Visualizations Source Code"}, {"typeName": "author", "multiple": true, "typeClass": "compound", "value": [{"authorName": {"typeName": "authorName", "multiple": false, "typeClass": "primitive", "value": "Crouser, Jordan"}}, {"authorName": {"typeName": "authorName", "multiple": false, "typeClass": "primitive", "value": "Stephenson, E."}}, {"authorName": {"typeName": "authorName", "multiple": false, "typeClass": "primitive", "value": "Mu, Z."}}, {"authorName": {"typeName": "authorName", "multiple": false, "typeClass": "primitive", "value": "Sun, Z."}}, {"authorName": {"typeName": "authorName", "multiple": false, "typeClass": "primitive", "value": "Hammond, K."}}]}, {"typeName": "datasetContact", "multiple": true, "typeClass": "compound", "value": [{"datasetContactName": {"typeName": "datasetContactName", "multiple": false, "typeClass": "primitive", "value": "Crerar, Andrew"}, "datasetContactEmail": {"typeName": "datasetContactEmail", "multiple": false, "typeClass": "primitive", "value": "ascrerar@ncsu.edu"}}]}, {"typeName": "dsDescription", "multiple": true, "typeClass": "compound", "value": [{"dsDescriptionValue": {"typeName": "dsDescriptionValue", "multiple": false, "typeClass": "primitive", "value": "RAW is an open web tool to create custom vector-based visualizations on top of the amazing d3.js library by Mike Bostock. It has been developed by DensityDesign Research Lab (Politecnico di Milano) and Calibro, and sustained through a corporate stewardship by ContactLab. (from Smith HCV Lab fork) This fork includes several new charts, as well as preliminary development of a JavaScript code generation feature to enable downloadable visualizations."}}]}, {"typeName": "subject", "multiple": true, "typeClass": "controlledVocabulary", "value": ["Computer and Information Science"]}, {"typeName": "depositor", "multiple": false, "typeClass": "primitive", "value": "Crerar, Andrew"}, {"typeName": "dateOfDeposit", "multiple": false, "typeClass": "primitive", "value": "2018-03-15"}]}, "las": {"displayName": "LAS Metadata", "fields": [{"typeName": "LASkeywords", "multiple": true, "typeClass": "primitive", "value": ["DO7", "TBD"]}, {"typeName": "LASdateAdded", "multiple": false, "typeClass": "primitive", "value": "2018-03-15"}, {"typeName": "LASitemType", "multiple": false, "typeClass": "controlledVocabulary", "value": "Software"}, {"typeName": "LASdateUpdated", "multiple": false, "typeClass": "primitive", "value": "2018-03-15"}, {"typeName": "LASsoftware", "multiple": false, "typeClass": "compound", "value": {"LASsysRequirements": {"typeName": "LASsysRequirements", "multiple": false, "typeClass": "primitive", "value": "d3.js<=3.5.7 (IMPORTANT: raw does not work with d3.v4), node>=4.4.4, npm>=2.15.1, bower>=1.8.2"}}}]}}}, "global_entity_id": 5600}