{"data": {"id": 1377, "versionState": "DRAFT", "productionDate": "Production Date", "lastUpdateTime": "2018-04-03T23:53:50Z", "createTime": "2018-03-21T12:03:27Z", "license": "NONE", "metadataBlocks": {"citation": {"displayName": "Citation Metadata", "fields": [{"typeName": "title", "multiple": false, "typeClass": "primitive", "value": "Gaps in Federal IoT Security and Privacy Policies"}, {"typeName": "author", "multiple": true, "typeClass": "compound", "value": [{"authorName": {"typeName": "authorName", "multiple": false, "typeClass": "primitive", "value": "Crawford, Deborah"}, "authorAffiliation": {"typeName": "authorAffiliation", "multiple": false, "typeClass": "primitive", "value": "LAS-G"}}, {"authorName": {"typeName": "authorName", "multiple": false, "typeClass": "primitive", "value": "Sherman, Justin"}, "authorAffiliation": {"typeName": "authorAffiliation", "multiple": false, "typeClass": "primitive", "value": "Duke University"}}]}, {"typeName": "datasetContact", "multiple": true, "typeClass": "compound", "value": [{"datasetContactName": {"typeName": "datasetContactName", "multiple": false, "typeClass": "primitive", "value": "Crawford, Deborah"}, "datasetContactAffiliation": {"typeName": "datasetContactAffiliation", "multiple": false, "typeClass": "primitive", "value": "LAS-G"}, "datasetContactEmail": {"typeName": "datasetContactEmail", "multiple": false, "typeClass": "primitive", "value": "dscrawf2@ncsu.edu"}}]}, {"typeName": "dsDescription", "multiple": true, "typeClass": "compound", "value": [{"dsDescriptionValue": {"typeName": "dsDescriptionValue", "multiple": false, "typeClass": "primitive", "value": "The United States (U.S.) federal government is highly reliant on cyber technologies, and IoT technologies are being deployed to enable federal, state and local governments to smartly manage things, such as local municipalities, power, transportation, and medical services. By 2020, experts predict that the global IoT market will be worth more than $250 billion (Columbus, 2017), and while estimates on the permeation of devices vary, most predictions suggest there will be between 5 and 30 billion devices on the planet by that time (Nordrum, 2016). This increased connectivity promises many benefits for society, including more precise medical care and boosted urban efficiency through the creation of so-called smart cities. However, increased connectivity also brings an enormous amount of risk and vulnerability, particularly in the realm of cybersecurity and data privacy. In this paper, we aim to identify these gaps in federal IoT security and privacy policies, so policymakers and technologists can develop actionable ways to fill these voids on strategic, operational, and technical levels."}, "dsDescriptionDate": {"typeName": "dsDescriptionDate", "multiple": false, "typeClass": "primitive", "value": "2018-03-19"}}]}, {"typeName": "subject", "multiple": true, "typeClass": "controlledVocabulary", "value": ["Computer and Information Science"]}, {"typeName": "depositor", "multiple": false, "typeClass": "primitive", "value": "Wheatley"}, {"typeName": "dateOfDeposit", "multiple": false, "typeClass": "primitive", "value": "2018-03-21"}]}, "las": {"displayName": "LAS Metadata", "fields": [{"typeName": "LASkeywords", "multiple": true, "typeClass": "primitive", "value": ["DO7.1", "DC1", "IOT71", "A250"]}, {"typeName": "LASitemType", "multiple": false, "typeClass": "controlledVocabulary", "value": "Other"}, {"typeName": "LASdateAdded", "multiple": false, "typeClass": "primitive", "value": "2018-03-21"}, {"typeName": "LASdateUpdated", "multiple": false, "typeClass": "primitive", "value": "2018-03-19"}]}}}, "global_entity_id": 5616}