{"data": {"id": 1379, "versionState": "DRAFT", "productionDate": "Production Date", "lastUpdateTime": "2018-04-04T00:09:19Z", "createTime": "2018-03-22T19:16:16Z", "license": "NONE", "metadataBlocks": {"citation": {"displayName": "Citation Metadata", "fields": [{"typeName": "title", "multiple": false, "typeClass": "primitive", "value": "Which Contributions Predict Whether Developers Are Accepted Into GitHub Teams"}, {"typeName": "author", "multiple": true, "typeClass": "compound", "value": [{"authorName": {"typeName": "authorName", "multiple": false, "typeClass": "primitive", "value": "Murphy-Hill, Emerson"}, "authorAffiliation": {"typeName": "authorAffiliation", "multiple": false, "typeClass": "primitive", "value": "North Carolina State University"}}, {"authorName": {"typeName": "authorName", "multiple": false, "typeClass": "primitive", "value": "Middleton, Justin"}, "authorAffiliation": {"typeName": "authorAffiliation", "multiple": false, "typeClass": "primitive", "value": "North Carolina State University"}}]}, {"typeName": "datasetContact", "multiple": true, "typeClass": "compound", "value": [{"datasetContactName": {"typeName": "datasetContactName", "multiple": false, "typeClass": "primitive", "value": "Murphy-Hill, Emerson"}, "datasetContactAffiliation": {"typeName": "datasetContactAffiliation", "multiple": false, "typeClass": "primitive", "value": "North Carolina State University"}, "datasetContactEmail": {"typeName": "datasetContactEmail", "multiple": false, "typeClass": "primitive", "value": "ermurph3@ncsu.edu"}}]}, {"typeName": "dsDescription", "multiple": true, "typeClass": "compound", "value": [{"dsDescriptionValue": {"typeName": "dsDescriptionValue", "multiple": false, "typeClass": "primitive", "value": "Open-source software (OSS) often evolves from volunteer contributions, so OSS development teams must cooperate with their communities to attract new developers. However, in view of the myriad ways that developers interact over platforms for OSS development, observers of these communities may have trouble discerning, and thus learning from, the successful patterns of developer-to-team interactions that lead to eventual team acceptance. In this work, we study project communities on GitHub to discover which forms of software contribution characterize developers who begin as development team outsiders and eventually join the team, in contrast to developers who remain team outsiders. From this, we identify and compare the forms of contribution, such as pull requests and several forms of discussion comments, that influence whether new developers join OSS teams, and we discuss the implications that these behavioral patterns have for designers and educators."}, "dsDescriptionDate": {"typeName": "dsDescriptionDate", "multiple": false, "typeClass": "primitive", "value": "2018-03-21"}}]}, {"typeName": "subject", "multiple": true, "typeClass": "controlledVocabulary", "value": ["Computer and Information Science"]}, {"typeName": "depositor", "multiple": false, "typeClass": "primitive", "value": "Wheatley"}, {"typeName": "dateOfDeposit", "multiple": false, "typeClass": "primitive", "value": "2018-03-22"}]}, "las": {"displayName": "LAS Metadata", "fields": [{"typeName": "LASkeywords", "multiple": true, "typeClass": "primitive", "value": ["DO7.1", "EM1", "A261", "CC71", "R224"]}, {"typeName": "LASitemType", "multiple": false, "typeClass": "controlledVocabulary", "value": "Publication"}, {"typeName": "LASdateAdded", "multiple": false, "typeClass": "primitive", "value": "2018-03-22"}, {"typeName": "LASdateUpdated", "multiple": false, "typeClass": "primitive", "value": "2018-03-21"}]}}}, "global_entity_id": 5620}