{"data": {"id": 37, "versionState": "DRAFT", "productionDate": "Production Date", "lastUpdateTime": "2017-01-27T15:39:17Z", "createTime": "2016-06-06T13:52:40Z", "license": "CC0", "termsOfUse": "CC0 Waiver", "metadataBlocks": {"citation": {"displayName": "Citation Metadata", "fields": [{"typeName": "title", "multiple": false, "typeClass": "primitive", "value": "A Scalable Approach for Outlier Detection in Edge Streams Using Sketch-based Approximations"}, {"typeName": "author", "multiple": true, "typeClass": "compound", "value": [{"authorName": {"typeName": "authorName", "multiple": false, "typeClass": "primitive", "value": "Ranshous, Steven"}, "authorAffiliation": {"typeName": "authorAffiliation", "multiple": false, "typeClass": "primitive", "value": "Dataverse.org"}}, {"authorName": {"typeName": "authorName", "multiple": false, "typeClass": "primitive", "value": "Harenberg, Steve"}}, {"authorName": {"typeName": "authorName", "multiple": false, "typeClass": "primitive", "value": "Sharma, Kshitij"}}, {"authorName": {"typeName": "authorName", "multiple": false, "typeClass": "primitive", "value": "Samatova, Nagiza "}, "authorAffiliation": {"typeName": "authorAffiliation", "multiple": false, "typeClass": "primitive", "value": "NCSU"}}]}, {"typeName": "datasetContact", "multiple": true, "typeClass": "compound", "value": [{"datasetContactName": {"typeName": "datasetContactName", "multiple": false, "typeClass": "primitive", "value": "Samatova, Nagiza"}, "datasetContactAffiliation": {"typeName": "datasetContactAffiliation", "multiple": false, "typeClass": "primitive", "value": "NCSU"}, "datasetContactEmail": {"typeName": "datasetContactEmail", "multiple": false, "typeClass": "primitive", "value": "nfsamato@ncsu.edu "}}]}, {"typeName": "dsDescription", "multiple": true, "typeClass": "compound", "value": [{"dsDescriptionValue": {"typeName": "dsDescriptionValue", "multiple": false, "typeClass": "primitive", "value": "Dynamic graphs are a powerful way of modeling objects and the relationships and interactions among them. A broad spectrum of domains, such as information, communication, and social networks, are naturally represented by dynamic graphs. Outlier (or anomaly) detection can provide unique insights into the interactions of objects and identify novel or emerging relationships. To date, outlier detection on\r\ndynamic graphs has focused on graph streams, where entire graph objects are analyzed and compared. However, the volume and velocity of data is necessitating a transition from the analysis graph streams to the analysis of edge streams.\r\n\r\nIn this paper, we propose the first approach for outlier detection in edge streams. We first describe a high-level model for outlier detection based on global and local\r\nstructural properties of a stream. We propose a novel application of the Count-Min sketch for approximating these properties, and prove probabilistic error bounds on our edge outlier scoring functions. Our sketch-based implementation provides a scalable solution, having constant time updates and constant space requirements. Experiments on synthetic and real world datasets demonstrate our method\u2019s scalability, effectiveness for discovering outliers, and the effects of approximation."}}]}, {"typeName": "subject", "multiple": true, "typeClass": "controlledVocabulary", "value": ["Computer and Information Science", "Engineering"]}, {"typeName": "depositor", "multiple": false, "typeClass": "primitive", "value": "Admin, Dataverse"}, {"typeName": "dateOfDeposit", "multiple": false, "typeClass": "primitive", "value": "2016-06-06"}]}, "las": {"displayName": "LAS Metadata", "fields": [{"typeName": "LASkeywords", "multiple": true, "typeClass": "primitive", "value": ["DO5", "NS1", "INF5", "A134", "R145", "R149"]}, {"typeName": "LASdateAdded", "multiple": false, "typeClass": "primitive", "value": "2016-06-06"}, {"typeName": "LASitemType", "multiple": false, "typeClass": "controlledVocabulary", "value": "Publication"}, {"typeName": "LASdateUpdated", "multiple": false, "typeClass": "primitive", "value": "2017-01-27"}, {"typeName": "LASdistributionURL", "multiple": false, "typeClass": "primitive", "value": "https://drive.google.com/file/d/0BzDPf9g8B1iUM010UkRLZVhSdUU/view?usp=sharing"}, {"typeName": "LASpublication", "multiple": false, "typeClass": "compound", "value": {"LASpublisher": {"typeName": "LASpublisher", "multiple": false, "typeClass": "primitive", "value": "Society for industrial and Applied Mathematics"}, "LASjournal": {"typeName": "LASjournal", "multiple": false, "typeClass": "primitive", "value": "Proceedings of the 2016 SIAM International Conference on Data Mining"}, "LASvolume": {"typeName": "LASvolume", "multiple": false, "typeClass": "primitive", "value": "2016"}, "LASpages": {"typeName": "LASpages", "multiple": false, "typeClass": "primitive", "value": "189-197"}}}]}}}, "global_entity_id": 60}