{"data": {"id": 40, "versionState": "DRAFT", "productionDate": "Production Date", "lastUpdateTime": "2017-01-09T22:33:15Z", "createTime": "2016-06-06T13:56:20Z", "license": "CC0", "termsOfUse": "CC0 Waiver", "metadataBlocks": {"citation": {"displayName": "Citation Metadata", "fields": [{"typeName": "title", "multiple": false, "typeClass": "primitive", "value": "Attachment Bias and Analytics"}, {"typeName": "author", "multiple": true, "typeClass": "compound", "value": [{"authorName": {"typeName": "authorName", "multiple": false, "typeClass": "primitive", "value": "Berube, David"}, "authorAffiliation": {"typeName": "authorAffiliation", "multiple": false, "typeClass": "primitive", "value": "NCSU"}}]}, {"typeName": "datasetContact", "multiple": true, "typeClass": "compound", "value": [{"datasetContactName": {"typeName": "datasetContactName", "multiple": false, "typeClass": "primitive", "value": "Berube, David"}, "datasetContactAffiliation": {"typeName": "datasetContactAffiliation", "multiple": false, "typeClass": "primitive", "value": "NCSU"}, "datasetContactEmail": {"typeName": "datasetContactEmail", "multiple": false, "typeClass": "primitive", "value": "drdmberube@gmail.com"}}]}, {"typeName": "dsDescription", "multiple": true, "typeClass": "compound", "value": [{"dsDescriptionValue": {"typeName": "dsDescriptionValue", "multiple": false, "typeClass": "primitive", "value": "Analysts Eschew New Tools for Big Data Scrutiny. This paper examines a variation of endowment called the attachment effect and is supported by a NSA analytics grant with the Laboratory of Analytic Sciences at NCSU. We will offer preliminary data from a review of the literature and an expert sample of academics, developers from data analytics companies, and government employees. Within the intelligence analytic community there is a tendency to be biased toward an analytic tool even when it is inferior to another. A 2014 poll (Piatesky, 2014) of 3,285 data mining users found the average number of tools used by data miners was only 3.7. While data miners profess using multiple tools, they still conduct 76 percent of their work (Rexer, 2013) in their primary tool. Data miners use different tools for different data sets and purposes, nonetheless they seem to fall back into patterns of behavior, if not habitual patterns. Nevertheless, 40 percent of data miners reported they are struggling to manage and process their data in their existing relational database tables and a significant minority (36 percent) complained about the limitations of their existing analytics software. This percentage called for faster analytics systems, as their data is too big to process through their existing systems as quickly as they need, which caused them to give up on the process or omit data from analyses (Booth, 2014). However, despite this clamor, the commitment to develop news tools is meaningless if they remain unused. We are working on trying to determine variables associated with attachment to some tools by users leading to inferior assessment. How these affect their decision to switch from a presumptive tool to a new one is the core of this work. Our preliminary research will distill a set of variables that may assist in making more analytic tools more usable."}}]}, {"typeName": "subject", "multiple": true, "typeClass": "controlledVocabulary", "value": ["Social Sciences"]}, {"typeName": "depositor", "multiple": false, "typeClass": "primitive", "value": "Admin, Dataverse"}, {"typeName": "dateOfDeposit", "multiple": false, "typeClass": "primitive", "value": "2016-06-06"}]}, "las": {"displayName": "LAS Metadata", "fields": [{"typeName": "LASkeywords", "multiple": true, "typeClass": "primitive", "value": ["DO5", "RQ58", "TBD"]}, {"typeName": "LASdateAdded", "multiple": false, "typeClass": "primitive", "value": "2016-06-14"}, {"typeName": "LASitemType", "multiple": false, "typeClass": "controlledVocabulary", "value": "Presentation"}, {"typeName": "LASdateUpdated", "multiple": false, "typeClass": "primitive", "value": "2016-06-14"}]}}}, "global_entity_id": 66}