{"data": {"id": 42, "versionState": "DRAFT", "productionDate": "Production Date", "lastUpdateTime": "2017-01-09T22:31:40Z", "createTime": "2016-06-06T13:58:57Z", "license": "CC0", "termsOfUse": "CC0 Waiver", "metadataBlocks": {"citation": {"displayName": "Citation Metadata", "fields": [{"typeName": "title", "multiple": false, "typeClass": "primitive", "value": "Automated Gameplay Generation from Declarative World Representations"}, {"typeName": "author", "multiple": true, "typeClass": "compound", "value": [{"authorName": {"typeName": "authorName", "multiple": false, "typeClass": "primitive", "value": "Robertson, Justus"}, "authorAffiliation": {"typeName": "authorAffiliation", "multiple": false, "typeClass": "primitive", "value": "NCSU"}}, {"authorName": {"typeName": "authorName", "multiple": false, "typeClass": "primitive", "value": "Young, Michael"}, "authorAffiliation": {"typeName": "authorAffiliation", "multiple": false, "typeClass": "primitive", "value": "University of Utah"}}]}, {"typeName": "datasetContact", "multiple": true, "typeClass": "compound", "value": [{"datasetContactName": {"typeName": "datasetContactName", "multiple": false, "typeClass": "primitive", "value": "Young, Michael"}, "datasetContactAffiliation": {"typeName": "datasetContactAffiliation", "multiple": false, "typeClass": "primitive", "value": "University of Utah"}, "datasetContactEmail": {"typeName": "datasetContactEmail", "multiple": false, "typeClass": "primitive", "value": "young@eae.utah.edu"}}]}, {"typeName": "dsDescription", "multiple": true, "typeClass": "compound", "value": [{"dsDescriptionValue": {"typeName": "dsDescriptionValue", "multiple": false, "typeClass": "primitive", "value": "An open area of research for AI in games is how to provide unique gameplay experiences that present specialized game content to users based on their preferences, in-game actions, or the system\u2019s goals. The area of procedural content generation (PCG) focuses on creating or modifying game worlds, assets, and mechanics to generate tailored or personalized game experiences. Similarly, the area of interactive narrative (IN) focuses on creating or modifying story worlds, events, and domains to generate tailored or personalized story experiences. In this paper we describe a game engine that utilizes a PCG pipeline to generate and control a range of gameplay experiences from an underlying IN experience management construct."}}]}, {"typeName": "subject", "multiple": true, "typeClass": "controlledVocabulary", "value": ["Computer and Information Science", "Engineering"]}, {"typeName": "depositor", "multiple": false, "typeClass": "primitive", "value": "Admin, Dataverse"}, {"typeName": "dateOfDeposit", "multiple": false, "typeClass": "primitive", "value": "2016-06-06"}]}, "las": {"displayName": "LAS Metadata", "fields": [{"typeName": "LASkeywords", "multiple": true, "typeClass": "primitive", "value": ["TBD"]}, {"typeName": "LASitemType", "multiple": false, "typeClass": "controlledVocabulary", "value": "Publication"}, {"typeName": "LASdateAdded", "multiple": false, "typeClass": "primitive", "value": "2016-06-06"}, {"typeName": "LASdateUpdated", "multiple": false, "typeClass": "primitive", "value": "2016-06-06"}]}}}, "global_entity_id": 70}